order_id,order_purchase_timestamp,order_value,n_items,customer_state,payment_installments,dominant_category,high_value
34513ce0c4fab462a55830c0989c7edb,2017-07-13,114.13,1,SP,1,computers_accessories,0
2807d0e504d6d4894d41672727bc139f,2018-02-03,17.28,1,SP,1,electronics,0
60550084e6b4c0cb89a87df1f3e5ebd9,2018-02-21,66.78999999999999,1,CE,1,electronics,0
5acce57f8d9dfd55fa48e212a641a69d,2017-07-31,43.0,1,SP,1,computers_accessories,0
688052146432ef8253587b930b01a06d,2018-04-22,346.09,2,MG,3,computers_accessories,1
cadbb3657dac2dbbd5b84b12e7b78aad,2018-02-27,409.78999999999996,1,SP,1,computers_accessories,1
86f21bf63784876b9fd6d35f46581d72,2018-04-11,120.84,1,MG,4,computers_accessories,0
8eeda294fab8a5ed70259afb59a10ff8,2018-02-06,187.20000000000002,2,PR,1,computers_accessories,0
663830a477534735bbdec9de01113fa2,2018-07-15,38.41,1,SP,1,electronics,0
b0928556a10706af462ca2ab2c91903b,2018-08-03,106.73,1,MG,1,computers_accessories,0
f61b61c2cbb4192ccaf9c2c76a4cc971,2018-02-28,49.730000000000004,1,RS,1,computers_accessories,0
b616f638cd86d92c7cbd06cf7484ee34,2018-05-23,20.75,1,SP,1,computers_accessories,0
b88d7ae9bd78eac18e8b6ceb04695fb8,2017-07-17,46.0,1,RJ,2,computers_accessories,0
38c4ae942b818085578157aabd4abf9e,2018-03-18,183.65,1,RJ,2,computers_accessories,0
7156f3e0b94405abcbad1a8c94557338,2017-04-20,28.46,1,SP,2,computers_accessories,0
884cb4ce4a06390d35206de06f785d13,2018-04-03,24.38,1,SP,1,computers_accessories,0
09d3f9f1be63c067456cc619076685a1,2017-08-23,63.86,1,SP,1,computers_accessories,0
6f5a2dbe5ccce73a9d053a542baabd1c,2018-06-26,307.64,2,PR,4,computers_accessories,1
cedd898e1a953e9a8f3d763a364f6717,2017-08-17,44.0,1,ES,1,computers_accessories,0
858505c5992f35429d07aae37bad60a8,2018-08-16,44.41,1,ES,4,computers_accessories,0
0b0f3c7a9bcb6ad1fccab28f9240da6f,2018-07-11,96.47,1,SP,1,computers_accessories,0
2728209b1b0553533bce4afc52716b60,2017-10-24,383.98,2,RS,1,computers_accessories,1
cbbb524a0e1646aa6cf7a3c0bbe517ad,2016-10-05,95.58,1,PE,1,computers_accessories,0
ed01ce003df13cab401ba2ff57ea2542,2017-11-06,138.48,2,SP,8,electronics,0
6cd474b81add3c3d62536cab3e34aa23,2018-08-06,180.32,1,RS,2,computers_accessories,0
e92f3505810692cd4a0350b19e2d9045,2018-06-13,52.92,1,SE,2,computers_accessories,0
bb27f9e70d5cdc66d0c616aee3dbb387,2017-12-08,499.4,2,SP,1,computers_accessories,1
56a4ac10a4a8f2ba7693523bb439eede,2018-07-22,32.7,1,SP,1,electronics,0
72144791fc7fd8048eafc90d7f82ba54,2017-08-05,27.98,1,RJ,2,computers_accessories,0
eb270c4cbf3671961f3883e8b888571b,2017-12-06,106.97,1,RJ,1,electronics,0
a57a5bbb57b15b49050bc6a58a2f240e,2018-01-17,48.989999999999995,1,MG,1,computers_accessories,0
813f8916cd12b887b0fa271f3263a4d3,2017-04-13,42.42,1,SP,1,computers_accessories,0
f833a0260cb98fa615a517d4e4a8cdf3,2017-05-03,110.98,1,MG,8,computers_accessories,0
9d48a2dfef2e0cb6155f816b9bf8489c,2018-05-25,20.04,1,SP,1,electronics,0
5b96fa278c2b3c1e29c190ef1b651d08,2017-02-13,36.519999999999996,1,MG,1,computers_accessories,0
ac85808794ef111b4689bbdb5ea7f2c9,2017-11-11,36.69,1,MG,1,electronics,0
48a928c553c276852b35ce90fedfeee2,2018-02-03,42.69,1,MS,1,electronics,0
626e4ba4ac663dadb68a6fe4b0d7b8d4,2018-02-09,132.09,1,RS,3,computers_accessories,0
c4cffa375b754170e9823a1fe9ac75bb,2018-07-29,96.62,1,SP,1,computers_accessories,0
3ad68235680db3c8a491e0362402fd96,2018-01-25,22.38,1,SP,1,electronics,0
390d4039e108e33c6a93031f5f3f9e0d,2017-11-20,455.29,1,MG,2,computers_accessories,1
4efb9f3d8ba57d35f9f884744e757265,2017-07-24,64.09,1,MG,1,computers_accessories,0
bb90b02637daa6d6ea968529eed50699,2018-01-23,307.68,1,SP,1,computers_accessories,1
a98012aa8c697f2bcff9f8c2183e0f2b,2018-05-13,158.97,5,MG,3,computers_accessories,0
302e27012670f8e2db4418e6c619f54c,2018-02-16,96.9,1,MG,3,computers_accessories,0
d92d62eadcca8fd6509c4d0afad5b2c2,2018-08-07,98.69,1,SP,1,computers_accessories,0
2d8f8f85abccae68275f423d878f2b7e,2018-02-27,78.09,1,MG,1,computers_accessories,0
1a7ee01992a69255a005e9db8a96d898,2017-05-31,278.06,1,PR,10,electronics,1
b6a50dc1cfeb4ad7219d3577ab9a2454,2017-08-31,70.6,1,BA,1,electronics,0
6ccac061be472c84db514aca9acd26e0,2017-12-11,21.43,1,SP,2,electronics,0
cf771efcb04c578f9d3619f2632d8333,2018-02-12,87.55000000000001,1,SP,1,computers_accessories,0
4380bb6c7d8375926bbea2c8b514dc8c,2018-01-29,36.0,1,RJ,1,electronics,0
e9280658289b5c5215dcc3b7183c0541,2017-10-24,35.69,1,RJ,1,electronics,0
d3ca7b82c922817b06e5ca21165c5ea2,2017-11-16,108.51,1,SP,2,computers_accessories,0
4190ab61a7fced69f3ee84d1da1120cc,2017-12-08,211.26,1,BA,1,computers_accessories,1
64ea4c51ad1203229ba011693f35da54,2018-01-29,104.86999999999999,1,ES,3,computers_accessories,0
47cdb12caf2067098633bc9a0d3679f7,2018-06-24,144.99,1,MG,2,computers_accessories,0
18905a8655f8255bf50d2eeadce2641e,2018-01-25,30.53,1,PE,1,electronics,0
af500adf58ab55b8bdd27be8cf81aeba,2018-05-21,95.34,1,RJ,1,computers_accessories,0
df82ea7ca7f0f799161e0fd92c3ab96a,2018-05-14,355.38,2,RJ,2,computers_accessories,1
90855e99e15fa22aff68cdb4323b27c9,2018-07-18,115.78999999999999,1,RJ,2,computers_accessories,0
75d1b089800a77f3c4b653e297632423,2018-08-14,41.26,1,RJ,2,computers_accessories,0
7ab9c55c59eaeea579d047e2d8aaed81,2017-01-22,22.46,1,SP,1,electronics,0
cc06813c8d9909633f390ed9b5df999f,2018-04-14,173.59,1,RJ,1,computers_accessories,0
a027919471097ed720c04340e1495e1c,2017-11-24,315.84,1,RS,6,computers_accessories,1
7297f6bfea2a33ef176cff30f467aa41,2018-04-16,38.129999999999995,1,RS,1,electronics,0
0917636d789ce3b3eac37895935af5c2,2017-11-24,85.14,1,ES,1,tablets_printing_image,0
9dc9f2ae74e006656a3312dd31e76b5f,2018-02-18,100.03999999999999,1,MG,5,computers_accessories,0
0b50bea7ba1e8ba7a21b01b7c9d1350b,2017-10-25,74.28,1,RN,2,computers_accessories,0
045c9852284420b9c02d156436e1481c,2018-05-16,55.129999999999995,1,SP,1,computers_accessories,0
54912035e047f9834df97cdfef0d2768,2018-05-13,21.04,1,SP,1,electronics,0
275950acf4956dfc3d23514eb61f1d9b,2018-02-14,80.51,1,PR,2,computers_accessories,0
2d816b6a11ddd3843f307d1333321091,2017-08-22,26.68,1,SP,1,computers_accessories,0
97fdf3115437c18e71138bdaa80ec60b,2017-07-26,81.61,1,MG,4,computers_accessories,0
a2fc0d6559cd85b95e1a02c8d97d55ec,2018-04-18,27.38,1,SP,1,computers_accessories,0
1f3fcd02b6ab99b6b499dcd412076175,2017-07-17,154.76,1,SP,1,computers_accessories,0
8e3f8be6e1ce8ec5b39dae59e0aabcff,2018-03-23,154.57999999999998,2,MG,1,computers_accessories,0
044d94a4ac73b24fe28ff5293ac35bd8,2017-06-19,65.53,1,RS,5,computers_accessories,0
6a1dff28da32815c94da401e19d2a7f8,2017-03-21,40.96,1,SP,1,electronics,0
45b0a671da62d1c868294b22b4837dca,2018-01-22,189.37,1,RJ,2,computers_accessories,1
e2366f83c01269762e71b77254a6859c,2017-05-20,217.06,1,SP,1,computers_accessories,1
741219cefb77a5c6acbbecafb6d0e6f5,2018-06-30,86.48,1,RS,1,computers_accessories,0
ee89958a185022844bd25342c31208bc,2017-07-10,210.29000000000002,1,SP,10,computers_accessories,1
d51b2f84d150215cc2dedd0b60308876,2018-02-19,136.6,1,RS,1,computers_accessories,0
56a9371475e5344f96ca0933a17215ea,2018-04-29,87.05,1,RJ,1,computers_accessories,0
a58d74cd27d1a011ef6d4876466cee70,2018-04-01,29.83,1,SC,1,electronics,0
8187896518689722d7c05bfbaeed0933,2017-11-29,44.0,1,PR,1,computers_accessories,0
d288e92a6be123f2e77f34fafd902464,2017-11-25,141.35,1,SP,1,electronics,0
4aae1a10a22651fe5b76379eb4b34d12,2018-05-13,136.32,1,GO,1,computers_accessories,0
ad1ffca90f5325d0f320f2b0f54eb114,2017-11-24,48.69,1,SC,4,computers_accessories,0
49afa8bc01b5b6aa01e875a0785cc7bf,2018-06-10,41.53,1,CE,4,computers_accessories,0
4254f084673c8b5d85ad824fae3aa522,2017-08-11,275.11,1,SP,5,computers_accessories,1
fc6b29ae668f5c526464fcd19d62efba,2017-10-13,170.17,1,GO,2,computers_accessories,0
695e141b92a0f2bc8a7bff7d621692ed,2018-05-12,34.22,1,DF,1,computers_accessories,0
2ba9fa7ab61d7528fd77a35c436e7bff,2018-02-18,26.84,1,SP,2,computers_accessories,0
23b0f3febe2a61dfb83ff0ede848d53e,2018-03-11,101.63,1,RJ,1,computers_accessories,0
0a0e7f9881dffec612b28e2682242574,2018-02-22,169.49,1,MG,1,computers_accessories,0
f7851f9eb3d5ff0bee53bae976c77c8c,2017-03-28,38.64,1,SP,1,computers_accessories,0
164f61f77f7f2a8c90a1e382606d53ba,2017-11-28,34.989999999999995,1,SC,1,computers_accessories,0
00a0116ff15ff973ea16bee881208ae7,2018-02-18,194.12,1,MS,10,computers_accessories,1
17ab3523ccdc39226b04bbdd9bbceaad,2018-02-17,30.1,1,SC,1,electronics,0
14d5fd67132f83c0c8a9e241e4a7d4dd,2018-08-04,32.43,1,SP,1,computers_accessories,0
68553e9e7b2c06807226ff348142d3ba,2017-08-20,137.17000000000002,1,MG,3,computers_accessories,0
f18eb4af9b5b05f1b47b1cb4e4abe4ba,2018-06-28,33.23,1,SP,1,computers_accessories,0
0ec76bccb5366815ac1be29b90db03c7,2018-03-02,196.01,1,RS,2,computers_accessories,1
1c57302ee71281562fa44bc88283e3d1,2017-11-30,112.92,1,ES,1,computers_accessories,0
4519d054994236d26b04aba27498afb9,2017-04-11,32.68,1,MG,1,electronics,0
7000fce52371834b260a8b6dd57eb419,2017-02-24,145.85999999999999,3,SP,1,computers_accessories,0
84cf671bc3869df812c782309ef46a8d,2018-07-18,38.14,1,PR,1,electronics,0
117ce86d1ddbcdf65da3ff7fe763ed09,2017-06-13,142.01,1,CE,4,computers_accessories,0
76754c0e642c8f99a8c3fcb8a14ac700,2017-10-26,1471.51,1,MG,15,computers,1
75679c6961aad55f81620d8542166135,2017-11-26,107.89,1,SP,1,computers_accessories,0
411b8901b201804f134429744b17b686,2017-09-18,257.99,1,SP,2,computers_accessories,1
1131444207572a61609f9be4f5308af3,2017-10-24,210.92000000000002,1,RS,2,computers_accessories,1
8b346abc34a6e64bc67fcd3b0eccdc9f,2018-07-11,376.45,1,CE,7,computers_accessories,1
d9ab691cb8d49410e7ae590b588499d4,2018-06-18,200.45,1,MG,1,computers_accessories,1
9236b5f6966275539861284a31b94efe,2018-05-19,82.39,1,SP,1,computers_accessories,0
d9b968b9f8c464fd7941981e0ee66845,2018-08-04,198.96,1,SP,3,electronics,1
9d43eaf1f72a6d200577517c4e4265e0,2017-11-27,155.73,1,MG,2,computers_accessories,0
9d5dfd77cf32bd319a504f77a137491b,2018-03-20,202.26,1,SP,1,computers_accessories,1
8b2f04328e5408c6e2f9ebd38f2af662,2017-08-24,56.0,1,SC,1,computers_accessories,0
b3b9c134c866906502560d298369a253,2017-08-15,64.11,1,RJ,1,computers_accessories,0
4ce4fb772277f3a13a61a93b7f19d62e,2018-06-13,171.01,1,SP,1,computers_accessories,0
9a3492f3f18d2b5cf77e8ce369f84d80,2018-07-25,31.11,1,MG,3,computers_accessories,0
710770cfb61b2c43a091ab2c7b89a921,2018-01-06,65.11,1,MG,6,computers_accessories,0
6a233c2059af7138039e43722cde5874,2018-03-10,33.37,1,PR,1,electronics,0
a03310d9287cd64790388948501066cf,2018-01-30,96.31,1,MG,1,computers_accessories,0
2804019a383c2bf8db7dde416cf663d2,2018-01-22,204.18,2,SP,2,computers_accessories,1
2f92b812fd7c7df5b629833c484cdf1d,2018-01-18,61.36,2,RJ,1,electronics,0
e5f3aa7d16fea584333063fee66666b5,2017-11-30,68.73,1,PR,1,computers_accessories,0
b7a418412fbab412e2a4da964aa235e4,2018-02-23,90.17,1,MG,1,computers_accessories,0
31209eb386cfc93a1aeacf7d2da74f86,2018-02-19,238.81,1,RJ,3,computers_accessories,1
a4907d55de6b9e1bbeffd51d8ea317bf,2018-06-16,79.31,1,RN,3,electronics,0
13dabdb9dbb49bde13dd90285c2640eb,2018-02-12,95.31,1,SC,1,computers_accessories,0
2e8de999929cf628d91b5a78fb7c71de,2018-04-16,101.16000000000001,1,RJ,2,computers_accessories,0
e61b3892b434215d5575d1f4c1b94da4,2018-07-23,40.58,1,SP,1,computers_accessories,0
b16a6ea9c85cf3f6644f1529e04982da,2018-02-20,130.96,1,PR,1,computers_accessories,0
e0392865844b1934818565a516cf8bdb,2018-07-18,203.3,1,SP,3,computers_accessories,1
dca86af3a25e55e88e77e0197f4b6c2b,2017-07-18,434.26,2,SP,1,electronics,1
98f7181cfa8722f0a06d9c025d5f71fe,2018-02-12,45.0,1,SP,4,computers_accessories,0
26a232627994b0bdd4a4975bedde0e63,2018-07-16,52.34,1,SP,1,computers_accessories,0
0e91a45e000263f1a4d58c5ecb5a52d7,2018-01-09,36.0,1,PR,1,electronics,0
1e648b21368a3ed91634edf2b262d33c,2018-01-11,82.12,1,MG,1,computers_accessories,0
ade5be9864c75127b5d9dbec4850da34,2018-03-29,63.230000000000004,1,MG,1,computers_accessories,0
4c3499a7df623b40778ee01a90811a2f,2017-06-12,168.14000000000001,1,SP,1,computers_accessories,0
ce8502b200546c12a54e51a65f313f34,2017-03-23,45.55,1,RS,4,electronics,0
3a353ddf8b0cac74d4b4376f526283cd,2018-05-16,71.15,1,SP,1,electronics,0
fa44b98d202360f1246681a3e0405db4,2018-02-05,408.15,1,MG,1,electronics,1
746894acbab13a8cb17e369fdee65152,2018-05-05,79.00999999999999,1,BA,3,computers_accessories,0
2582e280d624a46c545db9c09f6cd424,2017-10-24,387.78,2,MA,1,computers_accessories,1
0b24d5a62da084e9c66959aff6328dbc,2017-12-03,80.10000000000001,1,ES,1,computers_accessories,0
83832d7a696d54e9e32347d7cc7df962,2017-10-12,173.84,1,MG,1,computers_accessories,0
1fe0c983b306f5e920e23d8a461c8451,2017-11-18,47.69,1,PR,1,computers_accessories,0
3f4f4efff28e8872522bbba90393b7df,2017-11-11,61.1,1,RJ,1,computers_accessories,0
07ad2a87dfce684f0b6a23886db925c9,2017-04-27,73.03999999999999,2,SC,1,computers_accessories,0
d44cb52677c0960afb3e43a96d79a25b,2017-10-29,39.839999999999996,1,SP,3,electronics,0
1f7ff21f05c5258ab082ee51e8b2872e,2018-01-17,151.9,1,CE,1,electronics,0
544b98cbee1fc6152e5ede26e1ef2986,2018-01-07,68.12,1,RJ,1,computers_accessories,0
1ee14212cb207ed5474b41f501133c11,2018-08-22,180.75,1,DF,1,electronics,0
e48247404129e18919a1425efabcf422,2018-01-16,200.28,2,SP,1,computers_accessories,1
c9b0a65b5794db7ced550ecc9ba178ca,2018-02-07,177.49,1,MG,2,computers_accessories,0
9bcfea969358b43046969a17bfa436b9,2018-02-22,285.54,1,AL,2,computers_accessories,1
cb6e441ff2ef574ce08d3709426f88ec,2018-08-08,34.81,1,SP,1,electronics,0
d3e0a0298be4e950a2271ef880d8e1ff,2017-02-17,92.55000000000001,1,SP,1,computers_accessories,0
8d1d09cecb392f024da77ada654625c5,2017-10-23,76.94,1,SP,1,computers_accessories,0
b8bf848cf366061f0e9555337da2a9d6,2017-08-22,55.0,1,SP,1,computers_accessories,0
844f01e04cbbf8ba9a2ada9f036eb8d2,2018-02-06,42.69,1,RJ,1,electronics,0
a88803b061dbc43656aa2d377b834e4a,2018-04-10,40.42,1,MG,1,electronics,0
63e0b9d618055898fd3f289f91fe7009,2018-02-25,46.0,1,SP,1,computers_accessories,0
c14d11b92dcd430bb0e414bff63825b0,2018-04-03,139.16,1,SP,10,computers_accessories,0
30c55005c29694f8bb42f9d42c659aa5,2017-11-17,31.33,1,CE,1,electronics,0
c63664068aa3636080c2cd77c53971ab,2017-12-04,70.74,1,MG,1,computers_accessories,0
2ad5a06596850e972a2074a311a1a30f,2017-04-18,38.42,1,SP,2,computers_accessories,0
9044b4ff307597019884db48921c1e7e,2018-03-08,134.89000000000001,1,RJ,1,computers_accessories,0
be5b278e38c06fb98c18c6ed0554b754,2018-08-02,29.770000000000003,1,SP,1,electronics,0
4c5ad8021308604b11f7badf742189dc,2017-10-26,26.13,1,PA,1,computers_accessories,0
56dc7f1b8195b7fbdd6479f055a203bb,2018-03-16,38.22,1,DF,3,computers_accessories,0
61977a093913e4c6a6756adb4d3110d9,2018-03-21,35.230000000000004,1,RJ,1,electronics,0
fc31a63e2f4e1c8cab6b97ec8eee6f84,2017-07-31,89.17,1,RJ,1,computers_accessories,0
ea88c2a0257950a370dc5a14925d3871,2018-02-26,34.0,1,RS,1,electronics,0
65bbd0719855fe808bb19f62dfa9f42c,2017-08-19,354.64,2,SP,1,computers_accessories,1
aa3b1b308bb7511e14d9d74172de52fa,2017-08-02,76.78,1,SP,1,computers_accessories,0
4c7ee4e8074ee13226ddac13d14b0989,2017-02-27,89.56,4,RJ,5,electronics,0
5062a18a32fe0f9975f7a1630a0a67dd,2018-03-24,65.85,1,RN,1,electronics,0
526e735eb29aafd817d59ca159eb7aab,2018-01-23,31.28,1,CE,1,electronics,0
c9ae6fa5a920d90f86fd464ac7f5cde9,2018-02-22,896.28,1,SP,1,computers_accessories,1
f8e373563d5e03306b7080b3c467f0ac,2018-03-23,21.939999999999998,1,SP,1,electronics,0
bc439ca267cd182244951ffe206f4feb,2018-07-24,62.38,1,RJ,1,computers_accessories,0
0c33ff1cd479e404710b74a6077f6248,2017-11-26,27.77,1,SP,1,computers_accessories,0
332ca38a4294471ec2b7ebbff5275d23,2017-03-27,40.7,1,SP,4,computers_accessories,0
e3d98850cbbdab2420e8a49cf21bf194,2017-12-19,24.1,1,RJ,1,electronics,0
b38b3526b8b8fdc807e8a0a42ab78573,2018-08-17,30.060000000000002,1,MG,2,computers_accessories,0
e63244efc2759393ecb3f8a417efb78d,2018-01-11,32.379999999999995,1,SP,1,electronics,0
18e83381f06c519894068bc3434fb638,2017-07-04,118.41000000000001,1,SP,2,computers_accessories,0
696e3f4fca4491245f7b9425055cda4d,2017-11-25,42.0,1,SP,1,computers_accessories,0
ff6b6db3d3c1548c9b511a5320ee27d2,2018-03-16,85.62,1,SP,2,computers_accessories,0
9126e0aefae0b65e52c837440e8010a5,2017-04-09,63.1,1,RJ,1,electronics,0
6bbf71e04f4d0e748315be02506a1b63,2018-02-05,31.38,1,PR,1,electronics,0
02acaa2a6f24e9c4e0bec7141b65f29b,2017-09-07,44.0,1,DF,4,computers_accessories,0
5b6ef6be2fa71ebc92c95847830eb35f,2017-06-17,54.0,1,RJ,1,computers_accessories,0
2a206d4997fedfb60455f2a06ae3028a,2018-06-28,73.92,2,MS,1,electronics,0
5fa86014b9702f8c488d3ca356d24dd9,2018-02-19,143.65,1,SP,2,computers_accessories,0
d9e350703a718681ef3cc6f0d92c0c10,2018-01-02,123.0,1,SP,1,computers_accessories,0
bf0f1a792476855668552e27ec7d263f,2018-01-02,26.35,1,PR,1,electronics,0
7c1d20d6fe132456d237f95b26cd53a8,2018-01-21,93.57,1,SP,2,computers_accessories,0
db80ebec0cd5d08e1d9e9c10f691f491,2017-07-21,54.0,1,SP,5,computers_accessories,0
0f227f29d1cef44dd442c2fe75d7896c,2018-01-12,27.799999999999997,1,ES,1,electronics,0
832e0a03685bfc20477ea18436e023a2,2017-05-26,112.43,1,SP,4,computers_accessories,0
dc81a7a14a9502b15d6e1791eaa4ade6,2017-02-13,32.96,1,SP,1,computers_accessories,0
b28f406dacca37ff27d85f7982344d2f,2017-12-01,122.80000000000001,1,SP,1,computers_accessories,0
2edc2a8fcbfceea30b10f1a27c5e4b10,2017-03-21,39.45,1,SP,1,computers_accessories,0
d26d1c1cd0e2f03cb9540e440ae7a36d,2018-05-31,30.83,1,PR,1,electronics,0
7e41633529000f80967da24083bb6c1c,2018-07-26,93.19,1,SP,1,computers_accessories,0
a472cc850b21b27f04a2b80546d3910e,2017-12-06,38.379999999999995,1,SP,1,electronics,0
8bbc0e9b5ac010d6a9b8d76570cd20c4,2018-02-11,90.17,1,SC,1,computers_accessories,0
650fcf3e2908208ae23c6c93706c50d3,2017-05-07,990.45,1,DF,10,computers_accessories,1
607911c4ac62f9038b4ec434673e486e,2018-08-06,1916.08,2,DF,4,computers,1
db93355c53b6e6a6119012d4880abd94,2017-08-25,83.23,1,SP,3,computers_accessories,0
49267f83c9f436f1147915577fdeb110,2017-10-26,64.1,1,MG,1,computers_accessories,0
fd3a02bb749359b9e6a4126cd8a50822,2018-07-01,30.200000000000003,1,MG,1,electronics,0
557eb42ce0b29c86666b04ec9496ea59,2017-10-23,34.0,1,RS,2,electronics,0
3e1c06f2560af40104080f8790989a33,2018-05-09,27.48,1,RJ,1,electronics,0
e74f16cd18d4e5b3dfbcc81e880430d9,2017-11-24,176.71,1,SP,1,computers_accessories,0
097b96a18f0058373d0f5e3041a27f0a,2017-08-17,74.63,1,PE,1,computers_accessories,0
c00d54903f6f9af108ff7b371a2999e6,2018-05-07,144.31,1,RS,1,computers_accessories,0
3082c654714ec45c9d03de5aa2dacc2a,2017-11-26,37.269999999999996,1,SP,1,computers_accessories,0
0d4628fecf8a76472ac1da3ebef92072,2017-12-23,316.19,1,AC,2,electronics,1
709d84dbb63f2afaaf2a48f69b56caa2,2017-08-04,40.01,1,MG,1,computers_accessories,0
1e9ea7d5f669d780b187f487a03c3f7b,2017-11-12,46.71,1,SP,1,computers_accessories,0
e5c7db6481f467875bd4d52357a8f8a1,2018-02-26,91.86000000000001,1,MG,3,computers_accessories,0
246d4a086a57d88a0e438c83cb44b94e,2018-05-14,50.75,1,PA,1,computers_accessories,0
a1031a3fcd990edb954ba03274a2c39d,2017-02-07,568.61,1,SP,4,computers_accessories,1
87aad20d78d6e8072e6c80fe93a0931e,2018-03-26,112.71000000000001,1,SP,3,computers_accessories,0
b77604241a9c04a66cf5b52681f78683,2018-05-10,47.61,1,SP,1,computers_accessories,0
e1d6acaba6d1e84b8514575b9ef6fd71,2018-04-18,136.6,1,SP,1,computers_accessories,0
81d8e5d965001789e9f871f474afaad5,2018-03-15,279.24,1,SP,3,computers_accessories,1
0af28d87520565eb3b57c9b2abe1a2cc,2017-10-05,3126.5,1,PR,4,computers,1
dbe267dee5dcb469508162440874551f,2018-01-12,55.69,1,ES,1,computers_accessories,0
4a34aa679137ec3d1b3ad0c4c8b7a7e5,2018-03-16,194.89,1,MS,2,computers_accessories,1
5370a96022220f889db213211b32740d,2018-08-23,195.61,1,PB,1,computers_accessories,1
183a7d0aaaf6b16afaa897a44424494b,2018-02-15,173.53,1,RJ,1,computers_accessories,0
00bd2cb7e9076e1ccc9f766fc01a4cfd,2018-04-18,112.62,1,SP,2,computers_accessories,0
ddf574153803a9012e68e479fa941b0f,2018-04-04,33.230000000000004,1,GO,1,electronics,0
520ddcbcf0082ed43b0a73ce1127f073,2018-01-27,33.75,1,SP,1,electronics,0
99c9fec8ab028336e605f216e55337e6,2017-12-01,65.0,1,PR,1,computers_accessories,0
66e7b21711a5ac0d6b6a5f60e4c79a75,2017-11-28,98.56,1,RJ,1,computers_accessories,0
7be005575f2d7598f774514a9e575f27,2018-07-30,29.86,1,SP,2,computers_accessories,0
87a330a52c9e677f1252f2f17e54cf65,2017-09-13,56.69,1,SC,1,computers_accessories,0
8a6687e2edd62edc2b9c1de51234bd98,2018-07-02,196.92000000000002,1,RJ,2,computers_accessories,1
18c95a0e4c4a3d218d5eda56e235436e,2018-03-20,48.28,1,SP,4,computers_accessories,0
ef340fd20274f4bc0181f8d9b8ae9748,2017-05-10,55.0,1,RJ,1,computers_accessories,0
011e6e76dd0cd56d26b5b0cb036e80a8,2018-04-08,23.28,1,SP,1,computers_accessories,0
e5b692a00119342b4412cf70919378bd,2018-03-05,91.02,2,RS,1,computers_accessories,0
56fdda0cb0aee560cd00b1a571dcb10f,2018-07-13,183.2,2,SC,2,computers_accessories,0
70af5c624ad6c3daf236b9acb1ada8d0,2017-08-11,73.15,1,ES,1,computers_accessories,0
846de1a3e7ca6bf29333e1db02040ab6,2018-01-30,290.68,2,GO,1,computers_accessories,1
a5a6a37b03ab138756330778a96a5e3c,2018-06-21,147.70000000000002,1,RJ,2,computers_accessories,0
91ecb8522096ff10be2144645c994c6f,2018-02-24,86.15,1,RS,4,computers_accessories,0
d781433971d92b00f67ae15b2265fabe,2017-10-31,95.31,1,SC,1,computers_accessories,0
58a2de891c9d6c4e5b5a36320350bfd2,2018-03-06,194.89,1,BA,1,computers_accessories,1
962168b15dbecc9e3b3bc31b1fb9df93,2017-10-13,137.71,1,CE,1,computers_accessories,0
2fbdb50797dfdc8089e52ac8cf70152e,2018-02-15,194.12,1,GO,1,computers_accessories,1
5a65b91aff9c0fb03e7971823e104163,2017-09-16,76.78,1,SP,1,computers_accessories,0
b9e3810153620449fc947aeb350f4d53,2018-06-04,117.57,1,SP,1,computers_accessories,0
a4d782cea9ad01e830a3603bc4e7a716,2018-03-16,197.8,1,RJ,1,computers_accessories,1
e0a98f9b707c33a4c46e02a530c3419b,2018-03-17,36.849999999999994,1,RS,1,electronics,0
921966cdddb4dbedc7f52b64ba46ec2e,2017-12-27,71.15,1,SC,1,computers_accessories,0
7d5f037cd90e278069b2d0fd0d060543,2018-04-10,37.129999999999995,1,RJ,1,electronics,0
8cae6053f4694ebc081e862e0d013a89,2018-05-15,115.58,1,RJ,1,electronics,0
18c2175899ae0ea38308dec32efffc22,2018-04-03,117.00999999999999,1,SC,4,computers_accessories,0
035d66b23a4bba74f8119f9ebe3458ee,2018-05-18,114.57,1,DF,1,computers_accessories,0
f477310b29b71da3ef394aaf61669075,2018-02-04,27.29,1,MT,1,computers_accessories,0
d9a08faa201940dd3302f06944b5c739,2017-01-17,50.06,1,SP,5,electronics,0
be4c5d2cf0254f1c2bee8cf45f690b96,2018-01-07,33.0,1,RJ,1,electronics,0
4cf05124a340f768d9d89d5b91a6af97,2018-03-02,31.38,1,SP,1,electronics,0
41db0ab7c0c615a697ca63860cd13a33,2017-11-14,130.57,1,PR,1,computers_accessories,0
317bfcd79627d89d54a917da6e066beb,2018-03-12,123.89,1,SP,1,computers_accessories,0
b4b08f39312c936c9ecb2327c63337ea,2018-01-29,46.0,1,SP,1,computers_accessories,0
8835bc08d0bba62b3f65c7903126fa49,2018-08-06,78.51,1,MG,1,electronics,0
d59a804dba63b4bae7ee24c0befec958,2017-11-24,152.48,1,SP,2,computers_accessories,0
f472c6c9045f35a40845e71c997dcc74,2018-05-19,148.14,1,MG,2,computers_accessories,0
bfbac0cb986a021b149fd1ecd301a95e,2018-08-05,107.85,1,SP,1,computers_accessories,0
47eb628894a1aa066bafb6d3de07da4b,2018-01-11,150.0,1,MG,1,electronics,0
02a0929986b1647b2df9bb303b4851b9,2018-06-25,298.58,1,SP,1,electronics,1
f38baece3d405c61575ec8886dcf4cfe,2017-05-21,111.82000000000001,1,SP,3,computers_accessories,0
b6f7267c5de549e8079e23367dafd3a1,2018-06-11,32.69,1,SP,3,computers_accessories,0
a0276ec686c0ea314da1e9da49e8a46a,2018-02-12,30.439999999999998,1,MT,1,electronics,0
a99b56767df11d454006074f4ba801e1,2018-08-06,68.62,1,SP,1,computers_accessories,0
8af022ef5bcb85da7e559f43367171bf,2018-01-08,27.75,1,ES,1,electronics,0
ca135e527ced56014617ee57b5386a2f,2018-01-29,101.95,1,PA,4,computers_accessories,0
749ccd54a6e860862770d11abcbbe0bc,2018-08-14,25.78,1,SP,1,computers_accessories,0
7caa0a770f1010526a3e5f65757755f0,2017-07-14,298.4,1,BA,1,computers_accessories,1
9c0ca649b4269a45a953747ae381d37c,2018-08-10,98.64999999999999,1,MG,1,computers_accessories,0
2468e620a816b687f5dc6878e7d847ce,2018-02-09,91.89,1,SP,1,computers_accessories,0
bc01ea4b0d29f66c3b84774cedea3667,2018-03-27,175.08,1,SP,5,computers_accessories,0
082c7986084072affce4f8c0a20a39df,2018-02-28,55.269999999999996,1,MG,1,computers_accessories,0
92ea6a0cefc845d92f3b1339e0e0100a,2018-01-12,205.4,1,BA,2,computers_accessories,1
d6c1ed12e8eeaa15e9d5c83c79598f85,2018-08-10,42.5,1,SP,1,computers_accessories,0
b322c7bdd4cf76d82887b87689e6b7d8,2018-03-11,66.96,1,MS,6,computers_accessories,0
830f2dd158e996fbc6d363d90978d530,2017-12-15,30.09,1,BA,1,electronics,0
c5f0052c5711a034a7b154269bfde906,2018-04-16,48.129999999999995,1,SP,1,electronics,0
442dccfb1443cb7035f2b7810f974dd9,2018-04-02,175.36,1,PA,1,electronics,0
3241baf723e29f140a6ff9082b7f9aca,2017-08-02,392.62,2,SP,5,computers_accessories,1
a2ec8ff90a5ffced9e2d1853bf3cf609,2017-12-10,125.42,1,RS,1,computers_accessories,0
445d0c0872352cc8c31b797c707f4c47,2018-01-17,20.03,1,SP,1,electronics,0
b92a772cba8a9bd47b3440908ef29359,2017-06-12,39.85,1,SP,1,computers_accessories,0
872b389aca385c49caa8cd43469f684f,2018-08-09,172.17000000000002,1,RJ,1,electronics,0
cbf088f9ac169d9c7eddcaa9c5e465fe,2018-02-10,80.51,1,SP,2,computers_accessories,0
edfbaf2edc8f77e074f28ff26a6ab6ad,2017-12-08,256.43,1,RJ,1,computers_accessories,1
8008c307d21d33e78369fd1ee6cb1284,2018-04-02,45.230000000000004,1,DF,1,electronics,0
b543e95769f2da5f435df6a8ccb13eb6,2018-01-16,32.379999999999995,1,SP,2,electronics,0
7117ea59ab9bdbf381b1a880eb25b07c,2018-03-14,386.32,2,SP,1,electronics,1
8f15948ef0bdb4709a5801084a564c56,2017-09-27,84.05,1,RN,1,computers_accessories,0
cd9d1ea1541ad23858c2890cbacd2406,2018-03-01,32.379999999999995,1,PR,1,electronics,0
3d17947832f443d603d5329d4f42b210,2018-04-19,80.59,1,MG,1,computers_accessories,0
45a857702c4695511eff5f2d40cfa75d,2018-04-25,65.22,1,MG,1,computers_accessories,0
06f4b63a078dd3d2ca46e379c2ab419e,2017-06-23,58.17,1,SP,2,computers_accessories,0
be929febed86ae91848b45a84c499e44,2017-12-06,32.379999999999995,1,SP,1,electronics,0
1e6c83f252357f4c9ae0df874887ef7e,2017-02-07,30.66,1,MG,1,computers_accessories,0
ef2ca7d8cb8ec4ec022a77785b6b48ff,2018-06-12,174.13,1,SC,2,computers_accessories,0
d127d99c100d3b63c29a600aab85fbd2,2018-05-17,92.9,1,SP,1,computers_accessories,0
109b43dc12d67a5107cbbfb7fe98d0ae,2017-07-25,195.91,1,GO,6,computers_accessories,1
effbc2be1e2eda5f0250adc2f307f346,2018-07-18,165.44,2,SP,3,computers_accessories,0
0ac372f92fbec55ca27ef4fa99a6a13a,2018-01-11,23.1,1,RJ,1,electronics,0
7942099e2f484fd9f80b3bf901b706ea,2018-04-26,31.43,1,MG,1,electronics,0
dd1170f24eb54d1e79df08ccbb49a377,2018-05-18,92.9,1,SP,1,computers_accessories,0
0d91fd5b8475f8f0576a6e8f90c6497d,2018-05-10,2036.04,3,GO,3,computers,1
fa2327f446a561a540a3fe3069f99046,2018-06-04,102.17,1,BA,4,computers_accessories,0
3eecd0cb5bdd21bfa681cf52426d0cb7,2018-03-18,26.279999999999998,1,SP,1,electronics,0
500e36e71ec5080f1935acac38e0f8c1,2018-06-11,58.0,1,RJ,1,computers_accessories,0
b8f95bd45718008c382f10f416a3581d,2018-01-15,333.36,2,SP,5,computers_accessories,1
9d35749dad6abb761c340266c0c206cb,2018-02-21,64.0,1,SP,1,computers_accessories,0
fd2501379f4567dee6308aa8484f1a5a,2017-03-31,50.7,1,PR,1,computers_accessories,0
d2f67144a4e6d027140260ae9ed6b648,2017-03-10,624.24,3,PA,9,computers_accessories,1
356ed2aedda45710304b7995223e54df,2017-12-08,23.1,1,RJ,2,electronics,0
256ccc96b2c931006d95ba7a05181037,2018-01-15,702.97,1,BA,7,computers,1
15f67529b3d91fd3da058270c9a68855,2017-08-19,122.80000000000001,1,SP,10,computers_accessories,0
f9ada76953fa490d8a254d2e28f353ac,2018-03-23,37.84,1,SP,1,electronics,0
4639a7b40270fb97291d74d41ba89a6d,2017-11-22,37.8,1,RJ,1,electronics,0
098252064bc68acd5911a587b58b2cc4,2017-04-28,86.14,1,SP,1,computers_accessories,0
032c9c5e050a01a77c20be3989064308,2017-08-15,50.09,1,RS,1,computers_accessories,0
bb44d0c37f5fcc456bbaefd9aef6adb8,2017-11-20,689.52,3,SP,6,computers_accessories,1
a8d69f3045be9fa0ea3aac3971741980,2018-01-13,36.0,1,MG,1,electronics,0
4f869174cbff0495e39adbe5a6c4c040,2018-01-20,68.12,1,RJ,1,computers_accessories,0
f105bb5b6c1008c5dcf7b3ab47753e5e,2017-12-18,74.17,1,MG,1,computers_accessories,0
edf4d697d6281d6f40f101a31462c929,2018-02-23,42.9,1,MG,1,computers_accessories,0
4974bc485d07cad8b6e5000a345bcd50,2018-05-29,35.129999999999995,1,RS,1,electronics,0
796843d5e414b6e4272228bae15d828b,2018-03-27,24.38,1,SP,1,computers_accessories,0
341dc4ea81fabe7de6af564b72fcf3e2,2018-07-04,162.63,1,ES,2,computers_accessories,0
96443e347511f156158689addf8e876e,2018-01-17,37.8,1,PR,1,electronics,0
fdf7396bbd1e126f45ba0fc3896360a7,2017-12-13,1043.46,2,MG,1,computers_accessories,1
822f778d1cd09285df832ee2cf65b83c,2017-11-26,34.849999999999994,1,PI,1,electronics,0
94fc0c5ebf3d2669b2653019706ce767,2018-01-07,33.089999999999996,1,RS,1,computers_accessories,0
d55d5f2d92f548bd9928f3edef443395,2018-08-06,39.620000000000005,1,RJ,1,electronics,0
6bed34f9ca7da44775aa6a7c00ccbc4f,2018-06-12,84.42,1,SP,2,computers_accessories,0
9641d6be3bc2c61bfeb713777a1a8ae0,2018-03-21,175.08,1,GO,1,computers_accessories,0
64ab2c6839851c83db137182286cd9e2,2018-03-13,56.22,1,SP,1,computers_accessories,0
f607a3db639728bdfeb918da3f84566d,2018-04-16,44.959999999999994,1,PR,1,computers_accessories,0
3d0ad2666f5de49d63ad8ed0af80d3bc,2018-07-19,163.12,1,PR,2,computers_accessories,0
c93d1daac7ac7b818a7ae6a826ebff8a,2018-04-03,32.06,1,BA,1,electronics,0
67730eb2f9468b8c6eb20a45dd477bbd,2017-05-07,42.01,1,MG,1,computers_accessories,0
95c61e46c5be0715a4302d2aa335f6c8,2018-08-16,205.51,1,SP,1,computers_accessories,1
a1ef4c97bec306560bd7bee5982310cc,2018-03-21,176.16,4,SP,1,computers_accessories,0
f5fcef5d7789fe60b872effa519c61f7,2018-06-20,68.57000000000001,1,SP,1,computers_accessories,0
a11f0312591acf976fd9bf40d6b539db,2018-03-16,43.129999999999995,1,SP,4,computers_accessories,0
e130d3f737127ae52681b9338aea9b64,2018-05-25,2467.17,3,SP,10,computers,1
1ec53891c581322d7f3a17fb5835b857,2017-08-25,327.66,2,SP,1,computers_accessories,1
dc349abe3608895a65a1881fa4b27649,2017-05-15,108.2,2,MG,5,electronics,0
6d6dab0b5b471af95c0b7a114b5242f4,2018-01-03,32.379999999999995,1,PR,1,electronics,0
c6aaa7cbfc09b6f769d45d149a852643,2017-11-24,42.0,1,RJ,1,computers_accessories,0
4550006a45ae092d4214e3dc09b89194,2018-06-26,213.44,1,MG,8,electronics,1
1fc6f36a09a4afd9024b0cf47d52924e,2018-07-25,63.06,1,RJ,1,electronics,0
18917193c2d4f159daff7df3b208d22e,2018-02-18,34.839999999999996,1,SP,1,computers_accessories,0
c8fbeee3ca85a32da48fa57b351b18c2,2018-03-21,41.959999999999994,1,RJ,1,electronics,0
05d61bb749461f4805dbda51f767fa47,2017-08-29,1220.0,1,SE,18,computers,1
8257dca57385bc7279dc06f140b55625,2017-09-18,46.75,1,SP,1,computers_accessories,0
5042f28675b7eedd6c772f3c0df075f1,2017-11-26,26.35,1,RJ,1,electronics,0
19b8a677a41f55d06c3beda4849717b5,2018-04-06,91.19,1,BA,9,computers_accessories,0
bb5a46301dcca0ca265b0bd999f9dd52,2017-07-22,177.12,2,SP,2,computers_accessories,0
d97c11eb9b8f2f16f9b40432c070c8d3,2018-06-25,27.48,1,MG,1,electronics,0
58fb05058cf15a3f9eaeb29497841a33,2017-02-20,146.01,1,RJ,1,electronics,0
d7eec17ae2e61fc4dc36f1e1ac4d0ed1,2017-08-06,43.75,1,SP,1,computers_accessories,0
92062aeb70a6b30e71bfecc239c24a4c,2018-02-28,111.82,1,SP,3,computers_accessories,0
c78a9ca51dc25c50d163f52920071378,2017-08-06,53.09,1,RJ,2,electronics,0
fa145f6e474f19a183553a249dc5a73b,2017-10-19,112.61000000000001,1,SP,4,computers_accessories,0
ebb616297d99bc328a845d4eee057027,2017-08-28,74.16,1,PR,1,computers_accessories,0
c8e19a0edcf6fd34024a2f7fe5f85ef8,2018-02-19,341.4,2,MT,1,computers_accessories,1
ca5824dc67bc4de20753f881aede6b1f,2017-05-20,27.0,1,SP,1,electronics,0
c5b5456c785367bef488a2e46479242a,2018-04-22,176.5,1,MG,2,computers_accessories,0
b54b301e4b2333df9c1e34a99ae270ee,2017-04-26,103.78999999999999,1,SP,1,computers_accessories,0
4c3c0b124df3a9bbd44a538ec578147b,2018-08-19,42.44,1,MG,4,computers_accessories,0
569749247450c1251fdd11128a1bb2bc,2018-01-12,133.05,1,SP,1,computers_accessories,0
17b3a989f0a87769c633d0ed07ad1319,2018-05-06,114.09,1,SP,1,computers_accessories,0
b32fad437a7904a2ddcafb3f0d23fed3,2017-10-26,226.9,1,SP,3,computers_accessories,1
9149cd995e116bfe5be90e2659e468a0,2018-03-23,144.71,2,SP,4,computers_accessories,0
6e8bc07b95e2bb07cf9c1fcd3684e34c,2017-03-19,63.35,1,MA,4,computers_accessories,0
c989e24c9410a2b62a87193404fe2142,2018-04-12,66.87,1,SP,1,computers_accessories,0
225ab782cbf978534e852f511cc46fd0,2017-03-17,45.95,1,DF,1,computers_accessories,0
49be32fc8ebc94c8e0de530d87883bb4,2018-03-06,48.44,1,SC,1,computers_accessories,0
6ee453b121f65674cd0525457f985513,2018-08-14,227.23,1,SE,1,computers_accessories,1
a1f115db2222fcb78c129bf36d76d4dd,2017-11-11,60.69,1,SP,1,computers_accessories,0
9951937ab72b12a841cb4f931ac8bfbc,2018-08-05,102.39,1,RJ,1,computers_accessories,0
ecfa045372b27e442363234001d022bc,2018-03-11,173.88,1,BA,2,computers_accessories,0
12d8f84b2205c7654fdf6768718d243d,2018-06-28,74.67,1,PR,1,computers_accessories,0
4140060a1718f4c780ee5a5459298e3f,2018-03-06,268.62,1,SC,3,electronics,1
4405341a3e7abe465e9f0a63d727dbe4,2018-02-09,90.17,1,SP,1,computers_accessories,0
188368c093f06fe58e813bd61137b3e1,2017-10-13,85.6,1,DF,5,electronics,0
56137cd32ae890d2f8f4c0b770da009f,2018-03-07,1069.22,1,SC,10,computers_accessories,1
019440e41e276668d99d996d5d1a22c1,2018-06-12,56.97,1,SP,1,computers_accessories,0
bf3fd3b1044615b0020cccb78f7b142a,2018-02-08,21.48,1,SP,1,electronics,0
a09b9e1d3f95afbb8d9e0f8f87ab520b,2018-06-26,199.53,1,PR,3,electronics,1
1ae9416cc460b54e019ac44ba53f5b1b,2018-02-22,64.6,1,SC,1,computers_accessories,0
f09b179b5803265142d7de8614234125,2017-03-11,30.95,1,SP,3,computers_accessories,0
a8cc5640bb6e6bf0280850917666c4d5,2018-08-17,126.86,2,SC,3,computers_accessories,0
9da777e6977f9a0ed47c0a36c439a100,2018-04-22,35.22,1,ES,1,computers_accessories,0
477ba53956bcbed8ecfb53c564354a34,2018-05-20,40.61,1,SP,1,electronics,0
183ee0e3ebd4c1c995e5f9ac2d950ee8,2018-02-01,67.5,2,SP,2,electronics,0
dcaa8a5fd8f675e791daccbbbc9caf11,2018-02-08,32.62,1,PE,1,computers_accessories,0
bc79181375f4587d5d412ecafddcbf61,2018-01-10,117.83000000000001,1,BA,1,electronics,0
355730bf737146add585953ad0759407,2018-03-08,20.29,1,SP,1,electronics,0
0bd742b9af9192bb314ed381e518eb50,2018-02-27,80.51,1,SP,1,computers_accessories,0
751bac184f225318704b7bbf878bcc52,2018-08-11,454.0,1,SP,3,electronics,1
d39744d1dd7bf8e54f25f8e3aa47bcf3,2018-01-04,172.39000000000001,1,SE,1,computers_accessories,0
649bcc2d5a5b841c495f9d1f4cb31542,2017-12-09,99.74,1,MG,9,computers_accessories,0
4dea917f3fa605c7d6eff1a97a207768,2017-06-13,74.2,2,SC,3,computers_accessories,0
fd4bcae925b879102eb780d2bfc495a8,2017-10-09,415.32,1,SP,1,computers_accessories,1
b03db53a37db1313505cb24d4fe05052,2017-10-16,25.09,1,RJ,1,computers_accessories,0
f36cda6db10b2dddb208bf63a6ef8dfc,2018-06-03,62.05,1,MS,1,computers_accessories,0
7279d972e64c7ecfee553ae7b61480e4,2018-04-14,92.85,1,PI,1,computers_accessories,0
8b47e7e04a986e036f10ab10bae91a4b,2018-05-11,83.23,1,ES,1,computers_accessories,0
2b4bc6bc210c5033966e5f88858ea019,2018-04-27,144.31,1,RS,2,computers_accessories,0
d83ed20d296bdd288f45b29843643bc9,2018-02-26,87.55000000000001,1,SP,1,computers_accessories,0
c41b4bf6e36acb1b2b50d976ceda84a9,2018-02-19,173.27,1,GO,1,computers_accessories,0
6948d508c3ef371871d70a9ba491c336,2018-02-04,210.11,1,SP,1,electronics,1
1b04338248209667c231e726e312c9fd,2017-07-11,210.29000000000002,1,SP,10,computers_accessories,1
9570b858d92d0c29cd331a7326b84ac6,2017-02-09,137.26,1,RS,1,computers_accessories,0
5928d420527d13a50a884bc80c6ea676,2018-07-03,66.44,1,RS,1,computers_accessories,0
cf439d61252ef55f81ce2e531d64a275,2018-05-15,58.19,1,SP,4,tablets_printing_image,0
851edd7bad3021e86dd7fa72e9a5688a,2017-07-14,165.48,1,SP,1,computers_accessories,0
06ff862a85c2402aa52dc9edf150bf30,2017-11-30,59.53,1,CE,1,computers_accessories,0
73fc09cb2735860973151bca6dbc4169,2018-06-27,321.29,1,AL,4,computers_accessories,1
f538203e8721d06d7984cee6e148b9f0,2017-11-24,31.28,1,PA,3,electronics,0
16f7bcfa3d20c4e61a2ae69c2132d25e,2017-10-11,63.68,1,SP,1,computers_accessories,0
964fe5acdd4fc63622ac6114f7803336,2017-06-11,55.69,1,BA,3,computers_accessories,0
2728d62e6ca51781ee895aca18a89f31,2018-08-01,37.58,1,RJ,1,computers_accessories,0
b951cb6562f56cfb404cd77c81262f25,2017-12-26,34.0,1,RS,3,electronics,0
756445ff67f2676d72ae774c8cb5b0f0,2018-01-17,211.55,1,GO,3,computers_accessories,1
f23681a0fffdb8051c674707c7e912ef,2018-07-15,85.58,1,RS,1,computers_accessories,0
7e0710390947061c95e5a19aae5dd14a,2017-04-25,101.14,1,RS,1,computers_accessories,0
d29b96c282ec82deff4feb268f3df620,2017-06-02,83.23,1,SP,3,computers_accessories,0
de600694e63dc521b56a7fc6f01576d7,2018-03-24,89.91,1,SP,1,computers_accessories,0
06de165212eea16e848d38f4392d5c11,2017-06-19,35.0,1,GO,1,computers_accessories,0
3f5ee98124031535645a99b8c198833f,2018-06-29,148.9,1,MG,2,computers_accessories,0
c95839b7dde4af387d35f35a382c512e,2017-12-20,37.72,1,SP,3,electronics,0
c2dd9179058f80c2932abec56feb7b7e,2018-01-26,87.73,1,SP,6,computers_accessories,0
fe5934ce67c87c337cf9c8575d7772a0,2018-05-01,32.379999999999995,1,SP,3,computers_accessories,0
465b896aa34a4d4f8c359165ee6f066c,2017-11-24,21.43,1,SP,1,electronics,0
66f590d82872f3771232770be92a8d0d,2018-02-26,165.8,1,SP,1,computers_accessories,0
fcf50b257e3e35c31244d4d78b760c44,2018-03-07,842.31,1,PR,10,computers_accessories,1
fdbab0ead1d866c97b54f7fbb3629096,2017-11-27,140.44,1,PR,2,computers_accessories,0
08090fccbb124a320054723db6201076,2017-11-26,35.0,1,MG,1,computers_accessories,0
3d4f72b7f014eaf7b6d68f504feef55c,2018-02-11,114.41999999999999,1,PR,1,computers_accessories,0
377664a1152f18858e261b5ee3d434e3,2017-09-18,151.31,1,CE,1,computers_accessories,0
cb146a1049b500293d63495c05722085,2018-01-05,162.22000000000003,2,SP,2,computers_accessories,0
baa236e595125eae9865b38b2f1b7240,2017-03-05,34.42,1,SP,1,computers_accessories,0
58535c8942c191304a6b7c1b33c33b4f,2017-06-10,83.23,1,DF,4,computers_accessories,0
fdde45331586a2e1145f846f3787feef,2018-01-09,365.26,2,PE,1,computers_accessories,1
ef7c5d4791639dc1862b7bb3bacb3d48,2018-08-06,134.83,1,SP,10,electronics,0
1b1cfac7fddb9f3b9f9021fd182a557b,2018-02-23,149.7,1,ES,2,computers_accessories,0
87a5b73c9ee4b5b6148d301393dd72b2,2018-02-23,168.06,2,SP,1,computers_accessories,0
1e9a325806cd4eeb04256f2f843e6815,2018-03-14,139.16,1,SP,2,computers_accessories,0
270c25da086ad763f34a2cd66c6aae7a,2018-01-02,50.1,1,RJ,1,electronics,0
2bdda5cf39975296883f9b09394d0dd2,2018-05-17,20.29,1,SP,1,electronics,0
561cdd2accb4b96049e2f85972d8bffe,2018-06-06,870.11,1,BA,6,computers,1
b399edffb45924aa34e06ccfab7513bf,2017-11-16,165.48,1,RJ,1,computers_accessories,0
f58a410869583fc8b7c47aca74ef43c5,2017-05-23,213.11,1,RJ,3,computers_accessories,1
3b80f5f8f9c4664e52e228a8ce5752f9,2018-02-27,161.66,2,SP,2,computers_accessories,0
cb4c7b5c4ba9391a068afd96cdd155c6,2018-03-20,34.69,1,SP,3,electronics,0
db19ee032409eb975bc529b906bb8298,2018-07-14,62.3,1,MG,1,computers_accessories,0
f2ec8bd7dc2b9af258766fe469a5931e,2017-08-09,42.77,1,SP,1,computers_accessories,0
5181858c29858ceca3dd9e548a42b2b5,2018-02-11,114.41999999999999,1,SP,1,computers_accessories,0
f8ff5b18bc19c8bf59c91bf6cda39f38,2017-09-18,60.0,1,SP,1,computers_accessories,0
a769126f033474696dd593d143b450d4,2017-11-24,56.78,1,SC,4,computers_accessories,0
ec807fe5bae575f10d2ea7ea344c4ab2,2018-01-29,95.64,1,PE,9,computers_accessories,0
a47d6503b097b0a27377d57e6d5feaf9,2017-11-17,225.07,1,SP,3,electronics,1
47bfd5091e67cf36c5d7d5e6ca97db53,2017-08-11,30.0,1,ES,2,tablets_printing_image,0
c679466a1ba6a8bdedcb2396f9e1dcbd,2018-02-25,27.75,1,RJ,1,electronics,0
0f1e7bf8658039bb445eae8393801c9c,2018-01-09,39.28,1,PA,1,electronics,0
db97652cf517d2cd03db63dec489ca62,2017-10-01,27.68,1,SP,1,computers_accessories,0
ab86581e77285de292e93cb8d740c088,2017-11-03,190.37,1,RJ,2,computers_accessories,1
be624b5788e2a4d4dfb9414c378c20c6,2018-03-12,121.17,1,MG,1,electronics,0
c141e82dd061bbbebac085233c86b4c5,2018-01-26,41.0,1,SP,1,electronics,0
0f20a3721e8997ae2f771ec8cf0c4d3d,2018-06-22,369.0,4,SP,1,computers_accessories,1
4db13e29abf6d3e8e492111088e60d9b,2018-07-25,32.43,1,SP,1,computers_accessories,0
8c9210b604388d38e4ecc5eea3c06b12,2018-02-03,63.62,1,SP,4,tablets_printing_image,0
86a0962f08397e9524a60256d2bce32d,2018-03-12,40.129999999999995,1,GO,1,electronics,0
52e6988a13f9dd7d567b0816dba52a03,2017-07-06,3041.73,1,RJ,1,computers_accessories,1
2bd2198690a2c150fe5fdc4e064ba521,2018-02-18,109.92,1,PE,4,electronics,0
15324bb6dca4436f40c1c599fdc0da06,2017-02-14,211.57999999999998,1,SP,2,computers_accessories,1
1a7689d4e2cd47f45a8101e04ab03d51,2018-05-03,27.189999999999998,1,SP,2,electronics,0
9413addabc2268ea995d4e968a185ab3,2017-08-14,32.0,1,RS,1,electronics,0
75b7d764765f4cf3a5f03e7f3f35319f,2018-01-22,24.09,1,SP,1,computers_accessories,0
4f1a1c6f6fbca0d084e77e3f74b37cf6,2018-07-31,240.10000000000002,2,RJ,1,computers_accessories,1
d9ed186abc625ccae42014887b7af04d,2018-07-31,40.58,1,SP,1,computers_accessories,0
8374f35f0981af1a2b2ebc5cc5ac9859,2018-02-12,83.13000000000001,1,SC,1,computers_accessories,0
a99d889887e1de4ac286fc3847455a97,2018-07-04,116.88,1,SP,1,computers_accessories,0
a4c7457da912c852dfb94cca5f35603a,2018-02-12,115.84,1,SC,1,electronics,0
02564f320004c61ebf621191f06365a9,2018-02-18,37.75,1,SP,1,computers_accessories,0
3c2b7c318c6f9e50ae7845af21566a14,2017-09-29,85.38,2,RJ,1,electronics,0
ff1581e08b3011021e7c7de592ddc81e,2018-03-21,30.189999999999998,1,SP,1,electronics,0
d8e084f74fa06f591e326975ca18a905,2018-07-22,201.29000000000002,1,SP,1,electronics,1
4ab88da80ca7e44f4ef0a97cc756619c,2018-02-06,194.12,1,ES,2,computers_accessories,1
f5f5e7dc064892b36f19ed8c2b40e1a9,2018-08-07,83.75999999999999,1,RJ,1,computers_accessories,0
346b2fb1fdc9e25b67e293bbd5fe9ec7,2018-06-24,47.0,1,RJ,1,electronics,0
fe0054f00109b15deef50f097a792678,2017-11-21,336.34000000000003,2,SP,1,computers_accessories,1
b2a9ead363294c50ba001adc7b811756,2017-04-19,45.95,1,RJ,4,electronics,0
71ea8340051d1eb026b7f104899eafe9,2017-05-15,223.5,1,SP,1,computers_accessories,1
09d062f6e1122b61b5ebf287cfd6be11,2017-10-17,79.19,1,RS,1,computers_accessories,0
63b0abee9c82e79c3b6e860d070f2c62,2017-08-28,1232.85,1,MG,18,computers,1
148eb002be64ecda1789c28234f82c49,2018-03-22,378.0,2,MG,1,computers_accessories,1
f91eb2806b28dec82d98c3973af406c5,2018-06-21,93.19,1,PR,1,computers_accessories,0
6045586df3b03485018e77a6a16bf689,2018-03-18,207.54000000000002,1,RS,3,computers_accessories,1
38ece426df6061a1672fecbd2cd3001f,2018-01-27,113.44,1,RS,1,computers_accessories,0
2f921a8c1d6f7937df5c7fb0468f6f07,2018-02-07,139.04000000000002,1,SP,1,electronics,0
123a6b2b8763ca40782c8252e63fdbca,2017-05-15,194.0,1,PR,1,computers_accessories,1
4412d97cb2093633afa85f11db46316c,2018-05-22,3195.74,6,MA,1,computers_accessories,1
cd2d1270c05b7eea6c1be319b78ce73f,2017-09-08,410.38,2,GO,2,computers_accessories,1
e9edb54bb4120f4f69c7b036cedbc5a6,2018-06-08,143.93,1,SP,1,computers_accessories,0
cf76d482b013f8af6dc046a3001c1c4f,2018-07-04,627.86,1,SC,6,computers,1
34348b2239b330ce8b290422982e54dd,2018-04-11,133.64000000000001,1,SP,1,electronics,0
a77e640490c0930838454624780038b5,2017-11-06,743.27,1,MT,1,computers_accessories,1
29d0a6fb5e4342bc5bd0cd7ac3bb98f3,2017-11-30,219.75,1,BA,1,electronics,1
f7247b9bfe84eb166ffc3c5fce94be54,2017-10-17,35.0,1,RS,1,electronics,0
dfda82f701815b8d9306b1343ca3e2bd,2018-05-15,98.34,1,ES,1,computers_accessories,0
dd129706fb900252b1e9193815d80970,2017-02-22,82.97,1,SP,1,computers_accessories,0
c8682e224367b603f0ac144e77fabe14,2018-06-11,76.86999999999999,1,SP,3,computers_accessories,0
6ed4a347a81d5ceb3f8da510c318b5ec,2018-01-26,195.72,2,SP,1,computers_accessories,1
afb41fa922afaed3105a1700fed64c35,2017-09-26,109.60000000000001,2,SP,1,electronics,0
537f17846f5373310e18e7bcc734c39d,2018-03-20,328.95,1,SP,1,computers_accessories,1
e3c93a72c954974ce7fb82a5f97d8b89,2017-02-17,48.96,1,SP,1,computers_accessories,0
c61956e742b7b9e644a1f4ed0f6f941d,2017-06-05,87.03,1,SP,6,computers_accessories,0
ac710ab76d5651200cb6082f2c294d29,2018-02-23,44.089999999999996,1,PR,1,computers_accessories,0
b10b1c5fd2464a235e121d6ff79280d1,2018-08-21,79.50999999999999,1,SP,1,computers_accessories,0
13ab17b37091a5b804cd161a52292c05,2018-01-23,19.330000000000002,1,SP,1,electronics,0
c5012f56f488e3d08eb8140afb31342c,2018-08-19,40.35,1,SP,1,electronics,0
ed5d7387a2587321c48d376aaea806d3,2018-08-06,128.17,1,SP,10,computers_accessories,0
3c6f2c25e0bc1279d17395ec365ea14c,2017-01-27,60.95,1,SP,1,computers_accessories,0
3641f9fa33b23a96ddef8d28f440d8db,2018-03-27,200.35,1,GO,2,computers_accessories,1
dde3f065ba9416ef2eb1e9987a28ac59,2018-03-26,86.96000000000001,1,SP,1,computers_accessories,0
28339865523dbb50062d7e3a07aeb27c,2017-11-10,22.1,1,RS,1,electronics,0
2640b5421e2a450c8276a27da5ea7d2f,2017-08-27,410.26,1,PA,2,computers_accessories,1
5933eca8bf39eb9b770be4f92e295796,2017-12-17,203.75,1,BA,4,computers_accessories,1
7b4dfba3da6058deea685e1475eee769,2018-02-06,29.68,1,SP,1,electronics,0
f4c87e038db78ef275deab58f19e5bd2,2018-08-06,72.99,1,SP,2,electronics,0
cc4687e4e102c1c8c606a5a0a8e475db,2017-10-31,1391.79,1,MT,8,computers,1
3a73856e2f2c866a815c475a95832765,2018-04-12,226.04,2,RS,1,computers_accessories,1
6c589cce00692bb7fbd49d0eac280b17,2017-08-07,207.09,1,RS,1,computers_accessories,1
b8edc6668eb315d1b730348cac5e9520,2018-02-16,173.66000000000003,2,RJ,1,computers_accessories,0
adf1d1f9f725c103056bae5f78d77513,2017-10-13,161.01,1,MG,1,computers_accessories,0
6509ed1f01a321d9ae4958d09ef2038e,2017-08-19,96.19,1,SP,1,computers_accessories,0
2d99133897553f4c8ac31ec3ab36fe67,2017-08-06,163.77,1,MG,6,computers_accessories,0
b70e6b353379423761497f0d95376da2,2017-08-08,46.84,1,SP,1,computers_accessories,0
0df7ce137bbb12afe0a4e2643c6c43ee,2018-01-12,236.48,3,SP,1,computers_accessories,1
22ce839b4cf363dd05a5cde6a91e53de,2018-06-20,36.96,1,SP,1,electronics,0
e102b2494339fab55c3daf18187409a6,2017-07-20,46.0,1,RJ,2,computers_accessories,0
bee6725f139fe39335cd3462ac55ffd8,2017-12-01,65.6,1,PR,1,computers_accessories,0
087c44ddc65697d4a3a2af9234c5a22b,2018-04-08,66.25,1,RS,1,computers_accessories,0
9a58ef14cb28c0d8eb1772e86f0ac133,2018-01-14,21.43,1,SP,1,electronics,0
6de64652050e3690c7bcc8ad746b90df,2017-11-03,62.6,1,SP,1,computers_accessories,0
ee6a5eda1f6348ce77dd734f59499ac0,2017-07-12,48.69,1,SC,1,computers_accessories,0
6ee28fa78f78388cf8ea12df0dde9f29,2017-12-06,27.75,1,MG,1,electronics,0
5d8d5f0c825880c16968246b192e6899,2018-01-08,51.379999999999995,1,MG,1,computers_accessories,0
82a6e2f5082bd48943674373f6a0fc9a,2018-01-21,34.0,1,RS,1,electronics,0
b5b17e32ff5821a918338446a51c6ce7,2018-08-16,52.839999999999996,1,SP,1,computers_accessories,0
19f876202a3c47556d275e9905d4400c,2018-03-06,286.85,1,ES,1,computers_accessories,1
894f6cd6c690b0d8d94011c8461f25f4,2018-01-15,28.75,1,SC,2,electronics,0
258cf5931c975cf407a296c710afe660,2018-02-02,57.5,1,SP,1,computers_accessories,0
fc34e19a094e163bae6bb03c793150bf,2018-01-04,61.28,1,PI,1,electronics,0
a3cbfbf2c6364b1c16f1c0ce8f6fd306,2017-12-22,83.93,1,SC,1,electronics,0
03ddab02775c66c855ad41424ae356e3,2018-02-06,119.92999999999999,1,MG,10,computers_accessories,0
8ea1a1b5bb41e4093d30dbd5d3466b69,2018-02-18,196.46,2,SP,2,computers_accessories,1
6251ed6cc506e51952af1d0c230630e4,2018-05-15,177.69,1,RJ,2,computers_accessories,0
bdb4eaf05d279b03ac661a14b8c05557,2018-02-13,28.5,1,MS,1,electronics,0
62b0218b2b5a838f1aa7f1fcd11a59d4,2018-06-23,146.82999999999998,1,RS,1,computers_accessories,0
7ac13b045c748b7eef3f9011bd5683c9,2017-05-17,54.0,1,SP,1,computers_accessories,0
b8fa6b76d00678e1781c0ff1ed4b55dd,2017-06-29,104.05,1,MS,2,computers_accessories,0
50a6fb3fc2465d6d820f5a569be4d566,2017-12-28,28.0,1,SC,1,electronics,0
4247005e8db73363a92a6183698279e5,2018-02-05,87.55000000000001,1,SP,1,computers_accessories,0
89124696e3e799665a6b844c18325cf5,2018-04-03,35.36,1,BA,1,electronics,0
1fed99a98b731643b3b81a56f08b4bfa,2018-07-08,203.3,1,GO,1,computers_accessories,1
1f48aeb449520a42d9d2e7e1783e5a55,2018-03-10,21.04,1,SP,2,electronics,0
39aeb187a9843573928fbb6d46181158,2017-02-24,38.64,1,SP,1,computers_accessories,0
3e8b6a918b978e2d97d2b3d2bb8f3b0b,2018-04-29,68.28999999999999,1,SP,1,computers_accessories,0
89d7caced0290837749c7a193da64478,2017-10-17,86.83000000000001,1,SP,1,computers_accessories,0
07711b948fc93b9294d8b5832d0f0a83,2018-02-15,112.83,1,SP,1,computers_accessories,0
1cf93eead4feac27cca0e9f08bc489a9,2017-11-10,57.269999999999996,1,SP,1,electronics,0
aa98499b630b3786439f705c72a74552,2018-01-31,168.52,1,PI,2,computers_accessories,0
3660db6c1a7919853db1ef6f820a301e,2017-12-14,426.28,2,RJ,1,computers_accessories,1
61257b6e85787aa68052616d08656a24,2018-01-12,55.01,1,RJ,1,computers_accessories,0
2bbd649e67b9a3708e563c6c08424bd8,2017-04-24,127.41,1,SP,1,electronics,0
d342d7bad292d68d41d58ffb594cf431,2018-04-23,82.05,1,SP,1,computers_accessories,0
228eaa337912a2f2896d8d5c63147229,2018-02-07,343.26,3,SP,1,computers_accessories,1
5b908ef05527e15afdc4a901b502d54a,2018-04-09,180.22,1,SC,2,computers_accessories,0
10d9a4341b71723e4e9f55a51d649207,2018-04-27,227.1,2,RS,1,computers_accessories,1
7534ce179e1751acc26f743ab22ace56,2017-06-07,162.86,1,TO,1,computers_accessories,0
cafaa2f3a1466caa4be0de187d9a228a,2018-02-20,194.64,2,SC,2,computers_accessories,1
71d01b8be202039f218a6f2eb61e16ee,2017-08-27,183.91000000000003,1,MG,10,computers_accessories,0
2e87cd077eb729dac6f6035112105f51,2017-07-22,35.1,1,SC,1,computers_accessories,0
818cf91c7ef144fce0787e97d81199ad,2018-02-25,161.45,1,MG,2,computers_accessories,0
61a029ab4f9a513d4ed1c5b3a5d4f125,2017-03-15,51.83,1,PA,1,electronics,0
b54fa43051fefab27d1f06b71938062c,2018-06-06,211.25,1,SP,10,computers_accessories,1
a7b6b0d33a2814dff897167e737b22c8,2017-02-10,113.86,1,RJ,1,tablets_printing_image,0
23012529620559c40578e18d7746f3ff,2018-05-01,45.730000000000004,1,PR,2,electronics,0
3d570969ca912ed5d24b3d9fee30b739,2018-03-19,1672.0600000000002,1,SP,5,computers_accessories,1
2d7fab68acf33daf2ba5fc66a9435377,2018-08-10,85.26,1,MS,1,computers_accessories,0
f4038334bfbc2eaa6d1f3bfece21aa4b,2017-05-12,73.96,1,PR,4,computers_accessories,0
11de50ab7226b408f3a6b59c12e11c9b,2017-11-09,95.8,1,SP,1,computers_accessories,0
820349ed7a25bbfa196bb4f9a28442f2,2017-11-04,1479.51,1,CE,15,computers,1
21bdc97768bc2e7a3e428d0ede7deb85,2018-03-01,44.69,1,BA,1,computers_accessories,0
4fa9d0878410252bb7108bfba1b99ac8,2017-05-30,104.37,1,SP,1,computers_accessories,0
5156f62d18510bbdc946ebbe9846a6d4,2017-08-07,65.11,1,MG,1,computers_accessories,0
714e87e589c74ad0e8ddb6b9c9706abf,2017-02-13,97.52000000000001,1,RJ,1,computers_accessories,0
12f2f3174deba94de2aa43ad4adf6d3e,2017-10-11,1372.25,1,PB,5,computers,1
20c93204065c1cc43ac91fe4358f8983,2017-04-09,142.71,1,SP,10,computers_accessories,0
95d1d57cd27cd0857ef85f53ad2ed3b8,2017-09-25,54.33,1,SP,1,computers_accessories,0
377f567515463777ac90f1bf75084eed,2018-05-12,191.83,2,RJ,3,computers_accessories,1
361ec4bb805dbba76f0c4af3b4d7804e,2017-08-27,29.38,1,SP,1,electronics,0
e4df6dfaef8b7e7cc89edb8a6efe60c2,2018-06-11,42.44,1,MG,1,computers_accessories,0
438dad6fa6e9ce3c50e4497b4232c7ce,2018-04-19,101.24000000000001,4,SC,2,electronics,0
d11d7966d8fcd073e0d78a137e4c96e3,2017-05-21,65.28,1,PI,6,computers_accessories,0
c6843402edbaf2d6f740e48c20599396,2018-02-27,25.7,1,RJ,1,electronics,0
9c5bc3c2933ce8e4660ec888ffb28748,2017-09-14,159.03,1,SP,1,computers_accessories,0
84bd1040859c31fc8d677a25de8093a5,2017-10-08,64.67999999999999,1,SP,1,computers_accessories,0
e272f86bb4c1d56d70adae79bdee0839,2017-06-09,29.689999999999998,1,RJ,1,electronics,0
2c007d9ae26859112a7d67f993163e5a,2017-11-09,112.61000000000001,1,SP,5,computers_accessories,0
945b63b1a39c18a01b5c023ac4abddbc,2018-07-17,104.13,3,SP,1,electronics,0
be1693153a2546fb409f9520c6e83703,2018-02-15,34.8,1,AL,1,electronics,0
daa4b4ce7bfba46a0325467bc139ee66,2018-04-23,39.03,1,PE,1,computers_accessories,0
0f127f53a526c20902f9966a2a38846f,2017-12-01,47.0,1,SP,1,computers_accessories,0
c37699d5260dd482b08d717de0b06cd7,2017-07-30,55.69,1,ES,2,computers_accessories,0
443ea0d00a4dd357d8b2c193cfd8a17c,2017-05-17,64.86,1,SP,6,computers_accessories,0
aaab909ba45f8f27f46401f49a92b9e9,2018-04-25,210.21,1,SP,2,computers_accessories,1
faf590b30d6a5dd0430cf8713a6455c2,2018-06-05,86.64,3,RJ,1,electronics,0
dce981ab14f4becc124df8d2039fa44d,2017-10-06,34.0,1,SP,1,computers_accessories,0
275322de6426ec5071b219b77fba6a65,2018-01-16,48.95,1,MG,1,computers_accessories,0
c79900d1005d1a8fdaa9f25cd94e5110,2018-02-23,101.25,1,SC,1,computers_accessories,0
6ad7cdd50237385fec54699a2834eda3,2018-03-16,100.67999999999999,3,BA,1,computers_accessories,0
5cd63812f35304841de07758daef7b4c,2017-07-27,824.17,1,RJ,1,computers_accessories,1
e51478e7e277a83743b6f9991dbfa3fb,2018-05-18,103.06,1,SP,1,computers_accessories,0
a21eacf4f3cbf9db2541da1ecb2e6cf0,2018-03-17,99.55,1,SP,6,computers_accessories,0
d990526f202ea1d06ad6499335471813,2018-02-26,95.50999999999999,1,SP,2,computers_accessories,0
4fe73718f01ee4a8a5edb8f5c72d1994,2017-08-21,47.62,1,CE,1,tablets_printing_image,0
dcd9141cf681c0a831e8988b32156d3c,2018-05-28,91.99,1,MG,5,electronics,0
ad7d812f43f6308a7105fecab91fe3c1,2017-05-02,861.26,1,AC,1,computers_accessories,1
27de70aab873d2512659020719964c2a,2018-05-17,63.04,1,PA,1,electronics,0
623d9c7205ead428a68b210b93e69148,2018-03-19,26.29,1,SP,1,electronics,0
28fca12474d528012be6d7def6e7bc20,2018-07-16,85.58,1,MG,7,computers_accessories,0
f97ceada945c2f47998a4005f87f475d,2018-02-03,64.1,1,DF,1,computers_accessories,0
f1b8058b666097152bfa8495286f8c61,2018-08-07,36.73,1,SP,1,computers_accessories,0
c0e1cfdba23aaae17319b780a91978af,2017-11-24,34.989999999999995,1,SC,1,computers_accessories,0
14fda766f6a1e0a37886b3e8fcf8bde1,2018-04-01,166.59,1,CE,4,computers_accessories,0
b5f7524b957bdf9bba63541b933c1fa9,2018-04-18,148.49,1,RJ,2,computers_accessories,0
0068fb0e223115e911d362627e8b8800,2018-07-18,91.79,1,SP,1,computers_accessories,0
6af80e57f1bc2293fff7058c7c583d46,2017-08-10,270.23,1,SC,2,computers_accessories,1
473ab4c505ede7fd6b8de460fb374905,2018-03-12,47.129999999999995,1,SC,1,electronics,0
ffecd5a79a0084f6a592288c67e3c298,2018-02-27,113.07,3,BA,1,electronics,0
1eccd8d84c7f560cd79c788b091d42a7,2017-06-11,56.85,1,SP,5,computers_accessories,0
982f203457d0f597a575b40512d66b1d,2018-02-20,34.0,1,RS,1,electronics,0
4a778bf83b14e5f0f74e35bf9dea4a7c,2018-02-18,37.769999999999996,1,SP,1,computers_accessories,0
f778c1525f995ec52f0dacbef2b17b20,2018-07-28,143.82,1,MG,8,computers_accessories,0
b6d2a4da6b5b41064470dd14e2bcce18,2018-05-16,35.959999999999994,1,BA,1,electronics,0
cd204f2c023b810c30b9d94d83549c84,2018-03-04,102.03,1,RJ,1,computers_accessories,0
07fa3b6d7ec7fa27de9d00bdc93d36cf,2018-07-21,75.42,1,SP,1,electronics,0
d4de0ad9ddefd13e60191fbc49925dc5,2018-07-13,128.89000000000001,1,PI,1,computers_accessories,0
6a5664e1fb811235e24050acd7c68688,2017-11-25,353.42,2,SP,1,computers_accessories,1
70d9761fe23def5bb4a068aaeafd7e82,2018-04-27,166.92000000000002,1,CE,2,computers_accessories,0
46e8348ff73e64f24843a7d2fad9fcfd,2017-03-08,840.26,1,SP,10,computers_accessories,1
f61feb20afb6d78848447eda7f01eebd,2018-04-21,78.2,1,SP,1,computers_accessories,0
e407655a139ac261ec2f43315ea354d9,2018-02-21,85.82000000000001,1,MG,1,computers_accessories,0
fa86f95c2bce5958b1d9236da9f96926,2018-02-25,37.8,1,RJ,1,electronics,0
36916e0f43f5ad1dd22a95d872a634ea,2017-09-21,59.69,1,MG,2,computers_accessories,0
1aa06061f2abdc063d3ab58ff9e86cde,2018-03-07,48.84,2,SP,1,electronics,0
c4220782cdca8899ad32dea8cbced154,2018-03-25,92.35,1,SP,2,computers_accessories,0
afef35dc39fc444cf0a4eb5ef26ed61c,2018-01-10,28.75,1,MG,1,electronics,0
15821a9a831a9a665df5d5e1568da975,2017-09-10,105.49,1,SP,4,computers_accessories,0
15f906fde6e6b48fc2f10c413d4bef8b,2018-05-29,217.85,1,SE,3,computers_accessories,1
613f10bcb5cd9cfdd584832662fa9a67,2017-06-25,77.08,1,RS,4,computers_accessories,0
c9e3d29ede6d60999c59c8626757ec6c,2018-06-26,44.2,1,RJ,1,computers_accessories,0
19c0af454c941dda72860095edd2639e,2017-12-14,46.69,1,MS,4,computers_accessories,0
a42545a6644c3109108b573210cd4550,2017-09-04,70.17,1,SP,2,computers_accessories,0
5da33f2ec794bb55994fc59563a04107,2018-03-23,103.36,1,RJ,1,computers_accessories,0
371dbb83f599fc061ccd8558b577499d,2017-11-18,190.37,1,RJ,2,computers_accessories,1
7ae3cbb87abc73c3e51b59a579c95c3d,2018-01-17,345.68,2,MG,10,computers_accessories,1
4aa4c6a8e7b2646986b65117bf36e67f,2018-02-03,47.0,1,SP,1,computers_accessories,0
74b142d6556fcd693f9151d041d3ef3d,2017-12-04,52.169999999999995,1,SP,1,computers_accessories,0
9b070beae484bb1c36b85f9e8398c067,2018-04-22,54.129999999999995,1,SP,1,computers_accessories,0
89f3db58a5290d65a2f5a8ac62089da4,2018-04-28,136.6,1,RJ,1,computers_accessories,0
976e9ab712a374c4dad3d2d0e7e1001e,2018-01-29,103.16,1,SC,1,computers_accessories,0
6308938677b016004e5c35f0d86fd8aa,2018-01-26,41.0,1,RS,1,electronics,0
09da806d72011e816e9242e6d24164eb,2018-02-23,38.379999999999995,1,SP,1,electronics,0
46578f80407b94504c78f7702292e789,2018-08-10,204.5,1,RS,3,electronics,1
9585516ea4b52ce53a27458526947e5b,2018-04-26,195.29000000000002,1,SP,1,computers_accessories,1
11e6a7d393dd5ce464e500e3f7264c05,2018-02-19,60.72,1,SP,6,tablets_printing_image,0
2d9d08ceba6f2cac03cbd9b35da1a89e,2017-12-27,269.01,1,SP,3,computers_accessories,1
9a241cf50d0939eefbc81c1b084cec0a,2017-07-06,25.28,1,SP,1,computers_accessories,0
f75d04d7bf218d0026ebdbd703d70fa0,2018-07-03,570.74,1,BA,7,computers_accessories,1
e64e0f28c8abfe6f9a018e383c11c428,2018-03-26,103.6,1,MG,1,computers_accessories,0
fd658d6eaf9ef94d3418ddc48ff508b1,2018-04-24,179.0,1,MG,1,computers_accessories,0
96d921e9bfe801df7426999a566a8aeb,2018-07-16,32.37,1,PR,1,electronics,0
772af06ac77da4c6588ea39bf6a8f1b6,2018-01-19,57.989999999999995,2,RS,1,electronics,0
23726774d1a868c3e1b13c0fa85d1308,2017-12-05,211.12,1,MG,2,computers_accessories,1
ae2268b7be14ac244c81a598e338a356,2017-08-31,108.19,1,BA,10,computers_accessories,0
e38f48f35b9cec88386035b2ff883527,2018-02-04,31.28,1,CE,1,electronics,0
1f92ee0cb5a486074e52ffcecaa1dbd0,2018-01-07,118.2,1,SP,1,electronics,0
418648b0abc882677f47aa3d23e275bc,2018-01-09,26.63,1,PE,1,electronics,0
e31526204c93b55b21e55ef3e5a45f36,2017-08-04,42.0,1,RJ,4,computers_accessories,0
b03c3813b79abede0217026999c4fd66,2018-03-03,161.54,1,SP,3,computers_accessories,0
2291ee4be39fe350accf088e1b57a5d1,2018-07-19,48.79,1,MA,1,computers_accessories,0
e4a4be9057b0723c5014f56c6d4ba6ca,2017-09-18,44.71,1,SP,4,computers_accessories,0
ea5eae45d22308768d97e85db1d51269,2018-01-25,101.93,1,RJ,1,computers_accessories,0
bb8b0de6aab45a9395bd46092865b6ef,2017-10-30,1229.19,1,PB,10,computers_accessories,1
4ea66e940d723646064604059b99f32a,2017-03-30,238.76,1,RJ,1,computers_accessories,1
6b9c8c185575db6251ea1e2c699cddd5,2018-01-31,102.06,1,PR,1,computers_accessories,0
a60cfae2bca27cb006f446f1f04cb730,2018-04-04,27.29,1,SP,2,computers_accessories,0
473f6fac1db5ed68ee9f1ad1e7c14aae,2017-03-28,28.46,1,SP,1,computers_accessories,0
bf5c20ebc5a7b05e2efd6ecb0e4f7b62,2018-01-14,22.77,1,SP,2,computers_accessories,0
65626f06410c787b69aac226e3f0f6e8,2018-03-10,41.93,1,RJ,1,electronics,0
36d2de07c140425e7bd617c3665b5f80,2017-10-23,72.08,1,SP,6,computers_accessories,0
2793a15df4b2130bcdbe0f125eee15ea,2018-03-05,373.14,6,SP,5,computers_accessories,1
41b57867809d384e30064b7b36656b0e,2017-07-12,163.39,1,SP,8,electronics,0
f9af5101cce51c66f85d9e1f5f0fb877,2017-06-06,285.64,1,PR,10,computers_accessories,1
e00b5f39679d81b059686536c1bac133,2017-11-15,71.74,1,RJ,1,computers_accessories,0
2dc34deb58220e9ba1220d4a4f16c954,2018-05-13,72.05,1,SP,1,electronics,0
69fd81b0cd556f5da5000c1ed874ed19,2017-09-25,59.58,1,SC,3,computers_accessories,0
c0fce14fbbfc6d14305f78a28d145c4b,2018-04-04,64.38,1,CE,1,computers_accessories,0
f1b4852f185fc393a2dd79d83f079119,2017-06-18,106.56,2,RO,1,computers_accessories,0
c1e057b24816b20c350825a55dcfb11b,2018-01-15,55.78,1,BA,5,electronics,0
8841e13f182213322043988dd67f3780,2018-01-30,167.52,1,ES,1,computers_accessories,0
9b6e3ef2773d4b24ea724e1c50e21390,2017-11-15,33.089999999999996,1,PR,1,computers_accessories,0
5076401c4f2f4895fceef67a44144242,2018-06-25,87.48,1,RS,1,computers_accessories,0
b7c3dc0093239be66c61081692c5ead2,2017-12-11,21.43,1,SP,1,electronics,0
8ca0531483ac1ada96d124f6d42c5080,2017-04-26,60.010000000000005,1,MG,5,electronics,0
db8bf3de5a5697bde575853b0e9d7fec,2018-05-29,123.18,1,RJ,1,computers_accessories,0
4b4d023762cb66a4517f22ec1497ee17,2018-02-25,109.79,1,SP,1,electronics,0
84ddeab730355e225a171d7d4249217a,2017-11-16,57.53,1,RS,1,computers_accessories,0
b37380488594eee7d40572dfe9218120,2018-03-23,90.38,1,SP,1,computers_accessories,0
fb973be52c6622812266932dc2152017,2017-08-29,888.4,1,MG,5,computers,1
fc22b5be95b78b75981e0941fde2d34c,2017-07-15,155.63,1,SP,6,computers_accessories,0
285c2e15bebd4ac83635ccc563dc71f4,2017-12-08,40.85,1,SP,1,electronics,0
4ec9ed3418359adf8fe6a74b288ee659,2018-05-07,36.959999999999994,1,BA,1,electronics,0
2fcae632b06e40088d1800fc1cfc3e69,2018-02-07,31.0,1,ES,1,computers_accessories,0
c7da1b57f7d2251252370bc7d94168fe,2017-01-27,38.0,1,MA,1,computers_accessories,0
fc8c929edfce9cac492eaf36ee0968b4,2017-06-04,23.78,1,SP,1,electronics,0
5d28e7e8ae4794ffa06b352990f78234,2018-08-12,321.38,1,RJ,10,computers_accessories,1
338ad3e0a9c500b0d203752e0ad58299,2018-01-15,20.68,1,SP,1,computers_accessories,0
718593593597aface80adeaf98433b07,2018-02-15,183.36,2,SP,2,computers_accessories,0
08ccf73c206d15fd2668cdb6f32b5e04,2018-01-15,35.69,1,MG,1,electronics,0
d0654bfcd7000854a697aaee3ff7c5aa,2018-07-04,24.23,1,PR,1,electronics,0
05aac5a18dcd77932007f57de8650622,2017-08-18,169.11,1,SP,2,computers_accessories,0
0015ebb40fb17286bea51d4607c4733c,2018-01-14,37.0,1,PR,1,electronics,0
1a02b5e9d03ba5e359d175f5185555b3,2018-06-14,78.51,1,MG,1,computers_accessories,0
83d500e46a95c23dd67eb3cadbd1bd13,2017-09-24,241.08,1,AC,6,electronics,1
ec9ddd49d01dfcfe7794a593be6400b3,2018-03-28,385.08,3,SP,1,computers_accessories,1
71b4480b617e5a0468d7362efb7c4b3d,2018-08-28,22.38,1,SP,1,computers_accessories,0
1d63bc71f05d7d540663b4314f166b92,2018-04-20,47.129999999999995,1,SP,4,computers_accessories,0
df8bb1c5e34a83edbd547f2fa290801c,2018-02-26,167.66,1,PR,2,computers_accessories,0
1a2a468a88fbd60a59aae3fc94bcf40d,2018-05-15,115.25,1,SP,10,electronics,0
99f0135f704042736be706684c4aaac3,2017-04-07,242.76,2,SP,1,computers_accessories,1
8003e1099872d27581e211a7cf5422cf,2018-03-18,227.17000000000002,1,SP,3,computers_accessories,1
b6c8fc239ffabf4952f94605278ef226,2018-02-11,62.28,1,PI,1,electronics,0
cbf3948b0c5e72fc6ae9b3decce90451,2018-02-02,85.14,1,SC,1,computers_accessories,0
ca7e19e74d65b16d67b264b37172cb1a,2018-05-11,27.189999999999998,1,SP,1,electronics,0
2ccca1fe20c84ea4cb95b191e260cf16,2018-02-25,31.38,1,PR,1,electronics,0
85a3602f48becf78584dbd58d22f85b7,2017-10-01,47.44,2,SP,2,computers_accessories,0
5b5144a746963b5eff535ab86fd72942,2018-05-09,82.50999999999999,1,SP,1,computers_accessories,0
1ee4815d0b4638b47727ce58ef0fbc5d,2018-08-18,83.45,1,RJ,1,computers_accessories,0
2aecd29fc36d9e1ca2ea9f74ef4c7c05,2018-02-22,73.22,1,SP,1,electronics,0
3b618bc550d4cdea4c9737ee75b61287,2017-03-16,115.43,1,MG,1,computers_accessories,0
bb6366371ed9745cc3f7efea6940cf6e,2017-08-30,32.629999999999995,1,CE,1,computers_accessories,0
4000f82f3395a0f2a5ad6a4e32060a66,2018-04-27,83.23,1,MG,1,computers_accessories,0
74d0656bd03c432ae4011b6c1dc97c09,2018-02-08,61.78,1,MG,1,computers_accessories,0
2eb826451c12016e8f5b7bb87060a39f,2018-05-15,170.62,1,MG,1,computers_accessories,0
4634ad13b4414c83524f5efb0ef21a0b,2018-07-21,114.77,1,SC,8,electronics,0
24ab08aa37bdb1c03a90c988d368b850,2018-03-20,185.66,2,SP,1,computers_accessories,0
c5012c7f101ca64cdb27a97dd7790af8,2018-04-02,43.22,1,RJ,1,computers_accessories,0
75979ee68f846e2cb2439240380d5291,2018-06-26,139.11,1,SP,1,computers_accessories,0
29d81f9fcfa8f77ad68afa83d9fbf83b,2017-07-07,92.97,1,MG,5,computers_accessories,0
ab6c2b531e877fad84a31aa845bc9345,2018-02-07,100.23,1,DF,1,computers_accessories,0
6637722870b88cebb4ab988aefcd1115,2018-06-15,37.56,1,SP,1,computers_accessories,0
e897baf305827e390802ae23c1109c78,2017-12-30,70.0,2,SP,1,electronics,0
a7abe735fa002a72636ab38fcac70330,2017-07-21,62.92,1,AC,1,computers_accessories,0
29acb175de2a4da2b456200329d0f5ca,2018-03-31,171.0,1,RJ,1,computers_accessories,0
dfcdf23e1d25c70a86ce04d0659e85b0,2018-03-15,236.74,1,MG,2,computers_accessories,1
797537628c3c851dcbc329039f6a37f3,2017-03-03,185.48,1,RJ,1,electronics,0
3712671af76fe8fa80631e4407cc6ab1,2018-04-07,89.91,1,SP,1,computers_accessories,0
2200d7d4069cfe22127c053c75a26c17,2018-03-16,64.05,1,BA,1,computers_accessories,0
0f3f49e2316b72f49e23fea6ffaa2371,2018-05-12,24.28,1,SP,1,computers_accessories,0
76508d4ee45c06841c22c67906a6bd71,2018-05-03,136.6,1,SP,1,computers_accessories,0
99413574b19fb9d3b4230abbc5dff970,2018-03-13,171.0,1,MG,1,computers_accessories,0
a80ae3246c6abb0feb814b27027266fa,2018-05-09,38.22,1,RS,1,computers_accessories,0
d6af9770d6d713b4c3a4cd6267e9d2ea,2018-01-14,106.97,1,RJ,1,computers_accessories,0
2d88faf08d61205e21df03548b98d88b,2018-01-31,70.81,1,MT,1,computers_accessories,0
7d5c1320ac55581cd5de4d8f83c99731,2018-03-27,166.59,1,RJ,1,computers_accessories,0
68993f27a34bd02e3b2c2ebb5c41b9ec,2017-03-10,117.82,1,SP,4,computers_accessories,0
d0af04d05d7d5f1b5e65ae9b6278f57f,2017-07-02,360.26,1,SP,3,computers_accessories,1
7d556b158b276636f710b97e13e2a2c3,2018-03-04,35.0,1,SC,1,electronics,0
17b374e5c126d99970336dd8a72bcb91,2018-06-07,31.85,1,RJ,1,electronics,0
ba1c50f3276668478a6d911c6a085a3d,2018-02-26,99.82,1,RJ,1,computers_accessories,0
dd5440d0c678a3437186c8b73d4e195d,2018-04-25,241.25,1,BA,1,electronics,1
fb123940cf8a433a0e596edf92995089,2018-02-25,53.35,1,SP,1,computers_accessories,0
828c70c1568ca1b635a1b59baa592bb8,2017-11-25,99.25,1,MA,1,computers_accessories,0
8e07c114644753d4ec048f065197db8e,2018-01-15,24.1,1,RJ,1,electronics,0
49ccb99fe3aaec6e4926dfd025cd9d0f,2017-10-17,124.97,1,PA,1,computers_accessories,0
5d136bf14df35a987ca6ee6264518d08,2017-07-19,44.379999999999995,1,MG,1,computers_accessories,0
ae15b2781b5af9c409f1c064b3c78d43,2017-08-02,140.34,2,SP,2,computers_accessories,0
3b054a3ac007432a7f620b16c35182f9,2018-03-07,28.880000000000003,1,MG,1,electronics,0
524a77411e47956b583e344545abf653,2018-04-03,407.69,1,DF,2,computers_accessories,1
add917dceddf24259c12174aba0159f2,2017-12-20,393.9,1,PB,1,computers_accessories,1
73840bb583b69b1d181d54f3f755a4e2,2018-05-29,203.08,1,GO,2,computers_accessories,1
f62e1cc968992b573558a1406edc8ccc,2018-01-03,35.0,1,RS,1,electronics,0
22b4202b17bc3ba77ee0b82dce7640f4,2017-10-31,117.16000000000001,1,MS,1,computers_accessories,0
aa04ee4542e835a3e6f4da876dc654c6,2017-12-12,19.330000000000002,1,SP,1,electronics,0
5cb1ebf7fc3436167b8c37a78ceed6a1,2018-01-18,463.34000000000003,1,RJ,6,computers_accessories,1
23776c3e7fc4d5e5185cb19abb53e653,2017-11-29,224.83999999999997,2,MG,4,computers_accessories,1
11b1470a79108e6d6dde223c40bf2c4d,2018-07-05,48.05,1,RJ,1,computers_accessories,0
fecadea4b60522702bd322933da20c9e,2017-12-01,34.69,1,SP,1,computers_accessories,0
bd6a18e7a7310602453f4fa2a74ccdb4,2017-04-25,38.72,1,SP,3,computers_accessories,0
dc7566bfe3895fb2cdd629c28afede86,2017-04-07,113.86,1,PR,1,tablets_printing_image,0
f68bf4a4d690be2a9ba9402b0862ad34,2017-11-02,166.68,1,DF,1,computers_accessories,0
9249cf14297c83223160c1b38b95642f,2017-08-18,251.16,3,SP,1,computers_accessories,1
59a7ff272ffc5a0a705f006f9b2db1b9,2018-04-06,126.74,1,RJ,1,computers_accessories,0
647e3ad9b6723741ff6fcbad12c61abf,2017-11-15,77.08,1,SC,6,computers_accessories,0
2279a1470dc48f765e758fbd6a9cdce1,2018-03-17,203.08,1,SP,1,computers_accessories,1
fa6b736da07e6fab64807d4d37d8062d,2018-08-01,33.379999999999995,1,PR,1,electronics,0
a8018f7036b3dcfcc01cc763547c475e,2018-03-27,44.28,1,SP,1,computers_accessories,0
69bff117da8229936027f2bb1024866b,2018-07-01,207.92000000000002,1,SP,5,electronics,1
9c3580e890d4e5c7a6f8ca754b9aff45,2018-07-31,157.29,1,SP,1,computers_accessories,0
41d9fff5e0bfa8712b28b761fa2f6bee,2017-02-08,30.86,1,RS,1,computers_accessories,0
db9b55d97dbfb1c7cc31a62b7983597d,2017-07-25,104.37,1,SC,1,computers_accessories,0
6233c53ce8bfd732fc643c0443741c5b,2018-06-21,32.37,1,SP,2,electronics,0
cb5d26cc320462a7e5d9e14a9a6b0dfb,2018-01-04,36.69,1,RJ,1,electronics,0
4f0b86c3487e56b6e9594e9dfdb5d70c,2018-03-03,213.13,1,ES,1,computers_accessories,1
7cae50310da9b9ad218aa7ca236e41ad,2018-02-24,90.17,1,SP,1,computers_accessories,0
bc3648a9f94d2f9137c188a3140a9c7e,2018-03-08,203.08,1,SP,1,computers_accessories,1
97ce9044c88c7c3bd44f55e78116af2d,2017-11-12,87.37,1,PI,1,computers_accessories,0
f24bbebc2c8ba687b65f1be751dd8982,2018-02-20,45.0,1,RJ,1,computers_accessories,0
227f6b7df58413c52832b11ec24b30a1,2018-05-30,173.88,1,BA,2,computers_accessories,0
a68c330c22c204ef5283a562bed75b97,2018-02-20,296.08,1,SP,1,computers_accessories,1
65d8aca563e1335c68eed05a33bc99dd,2018-02-22,97.32,1,RS,4,computers_accessories,0
a7e689c27f1d23e34aa301cb76b36d3b,2018-04-30,141.6,1,SP,1,computers_accessories,0
f53340ca014b3ee6d71eaca8c0262828,2018-02-23,70.8,2,RJ,1,electronics,0
bd8b880cb77c8814dfce61086015fe1b,2017-12-01,453.35,1,CE,5,computers_accessories,1
449a5c83325ac51d98c821405c503183,2018-01-22,169.49,1,RJ,10,computers_accessories,0
1cbee9a2dd4b2a7e2c95a4b9ef21bd0a,2018-03-07,112.58,2,SP,1,computers_accessories,0
942bfba61040fe93e3038099eb60fe31,2018-08-21,59.3,1,MG,1,computers_accessories,0
09cbc615350e91dae35a37b78994c91f,2018-02-14,196.01,1,MG,2,computers_accessories,1
f1ae9201c5fbf85324c872859f799ac2,2017-12-06,24.689999999999998,1,MG,1,electronics,0
bcdac90f7e0226cd65358da9bc6ead9a,2018-01-28,69.73,1,PR,1,computers_accessories,0
707d2a86b1e20b0fdcd7a45446d4b8fd,2018-07-23,181.94,1,MG,2,computers_accessories,0
5f8f11858f0aa38dd3dac7d851aced95,2017-10-11,61.28,1,SE,1,electronics,0
7a8aa142cba05fb6a982d779ded4b72f,2017-07-14,40.1,1,RJ,1,computers_accessories,0
11e930fd8da276f30361256c23d58196,2018-08-08,78.42,1,RS,7,electronics,0
84c69d27ead593a1dbdd1f6b4590f404,2017-11-27,202.87,1,SP,1,computers_accessories,1
2c1c4a8d435d8080c8e01dae4d7a5af3,2017-08-03,65.53,1,RS,5,computers_accessories,0
63ef87838c81c2c4bdd5ce96b88e8aad,2017-12-02,35.69,1,MG,1,electronics,0
c00772d47f0092f6245f81d4fd328657,2018-03-04,140.75,1,SP,2,computers_accessories,0
2affd5996127141118380e30fdd8964a,2017-12-12,114.64,1,RJ,1,computers_accessories,0
a2f11c7013b28222f6c33526257ce2bf,2018-07-20,38.14,1,PR,1,electronics,0
8745becbbbd36c57276dc93fed8bbe1c,2018-02-12,93.65,3,SP,1,electronics,0
cf55d16f64505cb0732aeb401f30b591,2017-07-26,212.43,1,GO,10,computers_accessories,1
7bea83629cbad77571dcccb181fc2a6f,2018-02-11,119.92999999999999,1,RJ,1,computers_accessories,0
596b168ac4fd56e69b35087afaa8ae59,2018-06-01,29.83,1,ES,3,electronics,0
0dd15079372ce401518ac26321947143,2018-07-04,97.65,1,SP,1,electronics,0
6b65667bbce24262a05f9272420c2dce,2018-01-06,97.31,1,SC,1,electronics,0
0f4f07de4a8aaaa5b16fef24f10b1d1d,2018-01-06,45.53,1,MT,1,electronics,0
f44109a5bdeb8222bc76288fe1751d35,2018-06-09,61.47,1,SP,1,computers_accessories,0
b7261927790781e114d3a12f39ef44c0,2018-03-19,256.86,3,SP,6,computers_accessories,1
cae717bb5d2448081dd91756a3842833,2018-07-10,44.2,1,SP,1,computers_accessories,0
fb83309baace638203791fe6688ac3ca,2018-02-07,25.5,1,SP,1,electronics,0
bd50e1e10ed8a1e38db7af2e76a1986f,2017-09-20,332.71,1,CE,3,computers_accessories,1
228f12f010b1363cba76e442bd378e53,2017-03-09,35.42,1,SP,1,computers_accessories,0
53e73aeaae3e1e18a47d623632bd11c8,2018-02-10,87.55000000000001,1,SP,2,computers_accessories,0
f13b9cfd03f5555ece664b0bec8d2bf8,2018-01-29,186.27,1,SP,1,computers_accessories,0
3e555ab59108cb3d4ec66fc204bcb22c,2017-11-06,26.68,1,SP,1,electronics,0
c488a16bc2a85f7f72b6d05b6556c279,2018-02-20,66.89,1,SP,1,computers_accessories,0
c101853f695b94e64c34f41941ff1048,2017-07-27,48.69,1,PR,1,computers_accessories,0
365a8708db2878154916b372f72e17ef,2017-05-04,123.89,1,MG,1,computers_accessories,0
2767b7408c48c599a9a6c170ca651252,2017-05-06,36.42,1,RJ,3,electronics,0
1cd6899e0a2e42420d74de5c4371fa83,2017-03-24,57.09,1,SP,3,computers_accessories,0
84388531e60d278c958e9ee95c61332f,2017-09-30,42.379999999999995,1,MG,1,computers_accessories,0
1917bf5f0515555c75e933ad9ff2fff4,2018-05-08,93.58000000000001,1,SP,3,computers_accessories,0
76ce04fb3a0994fef44ec461d940f026,2018-05-13,148.96,1,SP,1,computers_accessories,0
74dd97481e0ded0e137cdd411fbeb2ad,2018-01-29,38.71,1,SP,1,computers_accessories,0
ff0d5a38b85fbd18f685047969739467,2017-09-30,46.0,1,SP,1,computers_accessories,0
6cc24bf6c628c261d2f9f0f7eef52a93,2018-02-22,159.8,2,MG,2,computers_accessories,0
953924bfb9b567973c9f02020eb17eab,2018-05-13,67.35,1,PE,1,electronics,0
8b2f6212e3a5681805601bad0a43905c,2017-03-08,35.01,1,SP,2,computers_accessories,0
e53a8a6728d3ba5c3662929455d7a6d3,2018-08-16,76.51,1,SP,1,computers_accessories,0
221ec4c4f942cf32d965d9a70a188b75,2018-02-28,210.7,1,SP,3,computers_accessories,1
3272770f15ff5da42dc4973b1b179552,2018-06-20,257.05,2,RS,1,computers_accessories,1
3e6cebc1c7e80e0a04824f7bf40eb239,2017-04-30,57.25,1,BA,5,computers_accessories,0
d2fee8629e0a482149dd28013ac6dbe5,2017-08-03,489.68999999999994,3,SP,4,computers_accessories,1
6f6b240506c5b26a3ef1bd743b8b5d37,2018-01-28,164.79,1,MG,3,computers_accessories,0
8837cc02b9f2696152b7c99ea0c1b39e,2017-10-04,163.39,1,SP,1,computers_accessories,0
cc8412c7495b3d013e638dae26f04c9a,2017-08-22,21.15,1,SP,1,computers_accessories,0
84749c48c0418e2fadb637818cd967e2,2018-05-14,35.129999999999995,1,RJ,1,electronics,0
a47f10b58f94c3040d5db5e91ba8b4ef,2017-12-22,202.06,1,SP,2,computers_accessories,1
a8bbc485329f055ce3addabfbf8d4f86,2018-02-14,100.34,1,RS,2,electronics,0
71a66d4b2c8ce258f1034acd58c75226,2018-04-29,30.22,1,RJ,1,electronics,0
928c5b1abd62c91a35df8614b271d05e,2018-08-08,31.11,1,MG,1,computers_accessories,0
4f3d999a0ae0716dc5695cf3fa630f34,2018-01-31,189.37,1,RJ,2,computers_accessories,1
413cde030a614ac044fdc905c6849453,2017-10-30,161.01,1,MG,2,computers_accessories,0
46300fb44bc5e5cc05d54d33cbc243fc,2018-02-20,173.27,1,SP,1,computers_accessories,0
e7a90091a5751ae67d5c457f53bda1fc,2017-08-28,58.17,1,SP,1,computers_accessories,0
6a7a8e304ef95be2494384f8d2557845,2017-05-18,283.22,1,SP,1,computers_accessories,1
49f3e0aebd23234fa195ebbcb8687171,2017-09-11,119.94,1,RS,1,computers_accessories,0
97c3de93ada0e07c7a8e01f130462293,2017-08-17,40.1,1,RJ,1,computers_accessories,0
29dba01f92da927e611d340bc135f679,2018-04-18,884.2,1,PI,4,computers,1
8a4f504a9826004fb1b0957a12aad33a,2018-08-20,1378.0,2,MG,8,computers,1
e2d5b94a4565c77d5c35af59bb8eea79,2018-07-24,32.37,1,SP,1,electronics,0
f988dc242c742c1dfde32b24032b8fb3,2018-01-06,44.089999999999996,1,ES,1,electronics,0
628430cb4db23766c1cc5c9d232cf985,2017-12-16,114.84,1,RS,1,electronics,0
93da2265260e364c8e81f490b7d92e07,2017-02-28,82.97,1,SP,1,computers_accessories,0
027e4543814c3b3509bbe890c569a841,2018-04-14,383.12,1,CE,6,electronics,1
d14da316939ad2245cd4bb898bc45a62,2018-07-18,50.34,1,RJ,4,computers_accessories,0
d40cae317472956cd556dacb126e481c,2018-07-27,115.91000000000001,1,SP,1,computers_accessories,0
92c3b57fce4cf8057ae90e02accd7fd4,2018-01-20,173.27,1,SP,2,computers_accessories,0
4aaf9b9778e313ecfcfe11ba5673b136,2018-03-24,288.43,1,PA,1,computers_accessories,1
2ed2cecbd0a129265173791a944b3a43,2017-11-05,43.58,1,SP,1,computers_accessories,0
2cb13a60aa8162ece6fbc46f608f56b5,2017-08-23,27.380000000000003,1,PR,1,electronics,0
9e631c9b66b8485a8b8a42fce40ed307,2017-02-01,61.459999999999994,1,RJ,1,computers_accessories,0
00c8be06a8029e300dabd52c7d4c6ad2,2018-02-11,35.0,1,RS,1,electronics,0
7716937e9e5ce7dbc5b9209c3f30afe1,2017-07-25,46.84,1,SP,4,computers_accessories,0
153b80864a22f0638fef4339488a2cf3,2017-11-15,421.36,2,PR,10,computers_accessories,1
fdc88692da135d28b85f197ab75a1a53,2018-06-01,48.22,1,RS,1,computers_accessories,0
01156b662f3f47b249b5a8881d205f08,2017-09-13,43.0,1,RS,1,electronics,0
2f5d70ed755cd9161500d10f19737dce,2018-06-06,50.33,1,MG,1,computers_accessories,0
617d980a730141906f5899331ad6db06,2018-04-04,150.83,1,SP,2,computers_accessories,0
e9b40dee488f04d79f264cfc3d8a2f0a,2018-05-16,113.61000000000001,2,SP,1,computers_accessories,0
f4f92c0415cf3360dbf1209032bba08d,2017-03-10,34.42,1,ES,3,computers_accessories,0
2ce205c58fef8abc5963b6da38e4b2fe,2018-08-06,184.3,1,RJ,2,computers_accessories,0
49843e531464ed9b7fd3024c336faed8,2018-03-06,32.83,1,MG,1,electronics,0
cf9bb4d37d0b4a4df8b2d95bc83a1539,2018-07-15,38.04,1,PE,1,computers_accessories,0
94c75dfeee3285793c49e131f730a73c,2018-01-23,172.84,1,MG,2,computers_accessories,0
1431b547a5eddb3dbc9adaef89b9e5f9,2017-05-17,367.2,1,MS,1,computers_accessories,1
edd378f5237218b9ab0d7cfb2f9fbe12,2018-01-31,199.07999999999998,2,SP,1,computers_accessories,1
00b47ee856118583dbec7d1f9b18d847,2018-03-26,28.880000000000003,1,DF,2,electronics,0
90832f698bb7128cd0138d5ceb042379,2018-01-22,48.69,1,PR,1,computers_accessories,0
c546a6c20db2388cfdf1f72285456a3f,2018-02-02,164.79,1,PR,1,computers_accessories,0
76a49c5fef54cb6ca3491709fbb1690e,2018-04-02,68.23,1,RJ,1,computers_accessories,0
d0032af1034824fb3c4616830075fcb1,2017-08-03,42.77,1,SP,1,computers_accessories,0
7bb49ae162145b926eb697dbd5821f6a,2017-08-05,46.0,1,SP,4,computers_accessories,0
9f0c24c74a6da307a862a27b63886f1c,2018-01-13,95.67,1,DF,1,computers_accessories,0
7e491390b96f345321d7c43a4acfcc40,2018-02-08,56.84,1,SP,2,computers_accessories,0
5795641bab8a44216bb7f551187af034,2018-01-05,217.06,1,MG,1,computers_accessories,1
258dc8334fda68e1474385c00298c877,2017-07-31,26.0,1,RS,1,electronics,0
244483646327ebef66c8377c1184c598,2018-05-14,80.31,1,PI,1,electronics,0
0b23ff20645a72c0c1183b6b8ba15719,2018-02-01,87.84,1,MG,8,computers_accessories,0
c33a8aa2dd5053d9fc89793f94229ab4,2017-03-30,202.45999999999998,2,PR,1,computers_accessories,1
425aa81e7d43b94ca27a169bee385b8f,2018-03-29,157.77,1,PI,3,computers_accessories,0
f8a32dccc15ddefd099b9c9f3e943595,2017-03-16,91.56,2,MT,1,computers_accessories,0
021397df4601b61a8bd063be9b5c54a0,2017-11-16,352.05,3,SP,4,computers_accessories,1
77acb3b32ab623aaf525b52006d0c142,2018-01-23,43.69,1,MS,4,computers_accessories,0
0a8fa135a7aa265638024d7c4af050f7,2018-04-25,83.23,1,GO,7,computers_accessories,0
99d4dd36318ceb97e9feda8baade3ce2,2017-11-24,76.77,1,SP,3,computers_accessories,0
e27677cc62d6c8851e3b143c2e020291,2017-07-24,40.1,1,SC,1,computers_accessories,0
a73de8635a0cb0aee3da3736197f76b2,2017-10-02,1635.64,1,RJ,4,computers,1
94b9fdffc1d9b49273c91598fc0dc5e6,2017-02-03,55.87,1,RR,1,computers_accessories,0
6d885151b431516792fbfc7d393c90cd,2018-01-11,163.7,1,CE,2,computers_accessories,0
4ced342eaecfe9e29be64d5a93ce1379,2018-02-13,177.42000000000002,1,RJ,2,computers_accessories,0
6cb2000475274ad7e94d1e64f840e907,2018-06-19,84.66,1,MS,1,computers_accessories,0
7fadb5fea409b4722158492cd408177c,2017-04-22,111.85,1,RJ,6,computers_accessories,0
7fa917593c3ed7bd80f35dcb6e1aefbb,2017-09-25,44.379999999999995,1,MG,1,computers_accessories,0
2b8b7636f69e8dca87850024171a19fa,2018-02-22,116.13,1,RJ,10,computers_accessories,0
3469cd5864fcd9a98df4399780a22cc0,2018-01-31,31.71,1,SP,1,computers_accessories,0
f2006b46b9e70d59e442b6da97cd35fe,2018-02-10,155.12,1,SP,2,computers_accessories,0
44118a76298b0f15de5861da01b63f64,2017-09-18,182.93,1,RJ,3,computers_accessories,0
565b0bdb5bfef65df5a23890967586f6,2017-08-25,54.0,1,SP,1,computers_accessories,0
d69c7c969d600368c5f533b188e402eb,2018-05-03,30.71,1,BA,1,electronics,0
9371281837c6362f41236d947e32710d,2018-06-01,738.62,1,SP,3,computers_accessories,1
b9aa10598973e2e9a93a2922a2e17a43,2018-02-02,120.1,2,BA,1,electronics,0
8b2747171304ba1b058713f5d64fc179,2018-02-16,82.52000000000001,1,SP,3,computers_accessories,0
d2499c0f8dfc31c671a95be782256140,2017-11-20,96.83,1,PE,1,computers_accessories,0
4506b1cbdeeb686eb19dd753a7a645ee,2018-08-07,20.29,1,SP,1,electronics,0
10d6e6ff69ff215144be63f043568409,2018-04-25,104.3,1,PI,10,electronics,0
e31d53f30f45a0aa76551abf55d14cae,2017-06-10,25.09,1,MG,1,computers_accessories,0
f97a4a857b9a91dd1e7989becaed02ea,2018-08-07,25.78,1,SP,1,computers_accessories,0
c79d89949e9c0c15257737ad928cd954,2018-06-07,72.05,1,SP,1,electronics,0
c7fbf4fec3e516001a347b5b186d804a,2017-04-27,193.45,1,MG,2,computers_accessories,1
22d58ab98a59a304fd61d116c625ec4a,2017-10-27,1053.74,1,RS,10,computers_accessories,1
ef82fc4c2d59e67b942de26791b617c9,2017-09-22,257.79,1,RJ,6,computers_accessories,1
bb035502fccf4c1225de9b023182a395,2017-12-05,79.9,1,RJ,6,computers_accessories,0
df3960b25c473ba593162240539f09cf,2017-04-11,40.86,1,SP,1,computers_accessories,0
c1df7b442eae0851753ed884bdaacc02,2018-02-26,423.62,2,SP,1,computers_accessories,1
e2fbbc5e799749941a23275230ee1d8b,2018-03-03,162.51,1,SP,1,electronics,0
3eef2a97c78803eb4ae9dfd2a5779e62,2017-11-13,176.71,1,RJ,3,computers_accessories,0
ff6c4756c64b5b474194ac300f8b45fd,2018-04-16,138.57,1,SP,2,computers_accessories,0
7d9a71f7ac9e3a44b7a1b07570b605b0,2018-08-02,148.0,1,MG,2,computers_accessories,0
c7024b0259d1e73df96b2f98d588b19c,2018-03-01,51.379999999999995,1,MG,1,computers_accessories,0
e3b81e11591d22a361bd292adad69ca7,2018-01-10,32.379999999999995,1,PR,1,electronics,0
714fbed2a4271e76143dfa95f89ae9b1,2017-11-18,310.81,1,SP,2,electronics,1
005b49de51a4e006055e8487a50ad8e4,2017-04-09,61.379999999999995,1,RS,4,computers_accessories,0
fbe94831a781d534fefb49c93499dd91,2018-02-20,64.09,1,MG,1,electronics,0
cd0c854775bce057e6a7e27c79a58f00,2017-12-18,143.32,1,PA,5,electronics,0
bdc6d13db4338777a27724c65a0248c6,2018-01-26,168.18,1,RJ,1,electronics,0
a38aeb63e6290170677c4cf2ab4c0f7f,2018-03-26,163.79000000000002,1,RJ,6,electronics,0
78376bf275535930db73f00a985ef199,2017-06-06,186.56,1,SP,1,computers_accessories,0
b83dec1771b70a81dedd9db612fca052,2018-04-29,76.08,1,PR,1,computers_accessories,0
48c43415ea1c4af9afa92542183b6e55,2016-10-10,33.519999999999996,1,RJ,1,computers_accessories,0
e44e0cbca34accde72251d80c7d08cfe,2018-05-16,1319.32,1,SP,1,computers_accessories,1
c8eff3c56ced8765918fd445d9c3cbd0,2018-01-25,99.0,1,BA,1,computers_accessories,0
b4df3dcfa59f9958e993be5decfee5ce,2018-05-09,88.37,1,RJ,1,computers_accessories,0
c21e59c9c618133611b4c96a9eefca19,2018-03-19,77.38,2,SP,2,computers_accessories,0
68c499102625079201aa9bbcabd4108f,2018-07-22,70.59,1,SP,1,electronics,0
080480ad9ab2cde9dd7f580cc063ecc9,2018-05-22,87.97,1,SC,3,computers_accessories,0
fd2b355e216e132b6c0f3f1b18828c95,2018-06-29,91.61,1,RS,1,computers_accessories,0
2a0bb55de2144ca90f83868c97320be4,2018-04-17,38.129999999999995,1,RS,1,electronics,0
b07365d2d0d22bc99d8ef5107e761a88,2017-09-12,221.98000000000002,1,MG,10,electronics,1
1bc50e93f3ab76ab6677faad4dd5216b,2018-06-04,47.84,1,PB,1,computers_accessories,0
1c8e9b2af72bd475a280fe4e56ca4364,2017-11-08,77.71,1,SP,1,computers_accessories,0
3fc22e5676244cf405146dd191909147,2018-04-06,92.83,1,SP,1,computers_accessories,0
c509cd4cbd55c89e768d63aad28884c7,2018-03-08,32.37,1,SP,1,electronics,0
24016340d5156f96d37500c78a7fe591,2017-08-17,373.11,2,SP,1,computers_accessories,1
e00d3f33450408f4b359426def9f3961,2018-02-17,160.17,1,SP,1,computers_accessories,0
5732ff3d673577d9e4f61f10e8d62a13,2018-08-16,40.269999999999996,1,RS,1,computers_accessories,0
0a97f36e62839a22eb00bcc9a9160e70,2018-01-10,61.28,1,PB,1,electronics,0
c6952ba78d5adfd24e93300fc30718c6,2018-06-28,83.13,1,PB,8,computers_accessories,0
6b3283bced42ff1c70f94eb1736fdabc,2018-06-06,207.22000000000003,2,SP,1,computers_accessories,1
1445b855fa0df69380dbc1c056659617,2017-10-17,69.93,1,SP,1,electronics,0
26a0511a8dce1ef6bc00ba48435b7081,2017-12-03,20.73,1,SP,1,electronics,0
e8b6cca7cbf957842422d0dca2d1e577,2018-06-18,55.04,1,CE,1,electronics,0
ce7be9c906c372368c7786881d6a6842,2018-01-29,388.24,2,PR,5,computers_accessories,1
8ee5cab30019132affead27f19959ff2,2018-05-19,2564.65,1,SP,10,electronics,1
6ccd16e549ce0ddb62d8a6ec81f50a8c,2017-06-12,44.239999999999995,1,SP,1,computers_accessories,0
d36a4e2b3b3896998031588f13c260d5,2017-06-23,126.4,4,RJ,6,computers_accessories,0
a2d927607d821f3655717e2aa7eaa3f2,2018-02-18,51.379999999999995,1,MG,1,computers_accessories,0
748ba0fbe79f60119170501f3cba8b00,2017-06-22,367.2,1,MG,1,computers_accessories,1
a77c3672ed91bcc07448d37cfa69926c,2018-03-26,107.78,1,PR,1,computers_accessories,0
309de5faf9baa8961fd068f3f4e44dcd,2018-01-31,44.089999999999996,1,RS,4,computers_accessories,0
5b7aed674843fc9b20d1c4cef543a761,2018-05-09,59.22,1,SP,1,computers_accessories,0
0381dc399ab9a6c55f83eca96907a034,2018-02-26,91.86000000000001,1,MS,1,computers_accessories,0
25c8919c8c90673cb1774799b00f8fcc,2017-08-15,528.6999999999999,1,SP,10,computers_accessories,1
2650182d08952a9f43a4ead5a39630ad,2018-08-12,30.060000000000002,1,MG,3,computers_accessories,0
11ea58a620fd9de597a9f914ee52d9c9,2018-06-10,100.03999999999999,1,PE,2,computers_accessories,0
4c62b34217c704b6986322911ea89c80,2017-10-17,222.17000000000002,1,PA,2,computers_accessories,1
960dbad4c14e64cd6b327fdccdb2d231,2017-11-23,181.24,1,GO,2,computers_accessories,0
652ae40b48d62a6682c9f4a674f83621,2018-05-15,87.32000000000001,1,SP,1,computers_accessories,0
de68ff91737ba366892be2067a2cdfec,2018-06-06,27.23,1,GO,2,electronics,0
60c6ad4cefc764d607e14ca66de81444,2018-02-21,186.85,1,MG,1,computers_accessories,0
a605e090234561f97bea7da842220f0d,2018-07-02,144.94,1,SC,1,computers_accessories,0
2dd788ca81b01065600706161793b829,2018-05-16,121.7,1,RJ,1,computers_accessories,0
b02aff946bf246d61d7f3977e0d352c1,2018-04-05,73.50999999999999,1,RS,1,computers_accessories,0
8e75defef52610477f8662c16b16498a,2018-06-18,46.3,1,SC,1,computers_accessories,0
7eb84fb181fe75a2b97152673283b52c,2018-02-15,163.02,2,SP,3,computers_accessories,0
34e52c9f5c9ec68a599473a73c06a782,2018-02-22,95.10000000000001,1,ES,1,computers_accessories,0
ccc2fdf91b8602da839b8cc89ec47dbe,2017-11-23,869.33,1,SP,10,computers_accessories,1
97352341e218f0089a070b1be89f47bf,2018-06-14,71.46000000000001,1,MG,1,computers_accessories,0
d5c99387bb0975f7fd307eab0b02bd63,2018-03-14,33.230000000000004,1,RJ,1,electronics,0
c396875c8c74f02ac52d7c40caaa9497,2018-03-06,602.69,1,SP,10,computers_accessories,1
04b3f8c1795246a5d14db7496d570bc9,2018-02-08,101.96,1,SP,1,computers_accessories,0
3ba7ce85dc458d349b295ec9e55d2098,2017-09-20,54.69,1,BA,1,computers_accessories,0
79c4bd6c466a226de3a2b9ee556a0116,2017-03-13,470.42,2,SP,6,computers_accessories,1
41b77be2144c06162d34e0a18f8f15ce,2018-07-25,25.67,1,SP,1,computers_accessories,0
cdba3ddb2a93c5bb758212a2114cab97,2017-08-03,35.01,1,PR,1,computers_accessories,0
2f23a9158502cad79609b5f062f56ca0,2017-09-06,350.19,1,SP,1,computers_accessories,1
8753234920fc250d95ea7dc9d517cef9,2018-03-29,92.83,1,SP,4,computers_accessories,0
bbf1da6f38b4bbebb7ecde7ce65cd47d,2018-02-21,87.55000000000001,1,SP,2,computers_accessories,0
7a76b222b6be79748cd291410b57c160,2018-05-12,70.38,2,SP,1,electronics,0
1192d161975e75d0b5c3a018937df110,2017-10-19,175.77,1,SC,1,computers_accessories,0
540544251975ba4515aebe0ac8525067,2017-06-19,74.2,2,RJ,3,computers_accessories,0
caf2048fee4b72387d1a2903becb1e60,2018-06-26,82.72,1,PR,1,computers_accessories,0
cf6908e8b524d8fac0d70a5cc8bd749b,2017-08-29,1150.11,1,SP,6,computers,1
94fd9673a19164ebf42ba85826aff8b4,2018-05-24,26.39,1,SP,2,computers_accessories,0
5f5e8d13d1088bb941ae3b0ebff0feff,2017-05-12,427.1,1,SP,1,electronics,1
5f6c4fd8bf209354048c07f8e15d8a03,2018-03-27,58.18,1,ES,1,computers_accessories,0
9c20d32da9901199ffd5a24288b6c259,2017-04-12,222.92000000000002,1,SP,1,computers_accessories,1
bd15e6a6eec338675a42659c3509da35,2018-05-14,272.64,2,MG,1,computers_accessories,1
956e905489c92b9c9478e8bd23609261,2017-07-07,77.78999999999999,1,SP,1,electronics,0
09c10d01ea598b37493ee93aa01cb066,2018-07-14,25.130000000000003,1,GO,1,electronics,0
aa77e41fccfdbf35ae4acad0909a9618,2018-05-03,179.98000000000002,1,MT,1,computers_accessories,0
3d2dcb01fbc5f4d34251dfc216cb2034,2018-05-10,61.730000000000004,1,MG,1,computers_accessories,0
5f1b7704047e1c4de739797c27c6c45c,2018-04-10,161.53,1,SP,1,computers_accessories,0
a78c0962e6a2425978965be2eabb31f8,2018-07-23,79.7,1,SP,1,computers_accessories,0
8d64e424b042f023526817b2f765a442,2017-11-30,208.64000000000001,1,SP,3,computers_accessories,1
7497aef0a44235d9716819a06ae3d1b8,2018-02-27,221.81,1,SE,2,computers_accessories,1
c8f940fbc25bac4ef4c6c97047d59899,2018-06-24,122.43,1,DF,1,electronics,0
f35ddefd9f69ce48e6a38a12b97ec26b,2018-04-12,203.82,2,SP,1,computers_accessories,1
731a8110be2ef91dd6967336a930b4e3,2017-09-22,202.06,1,SP,7,computers_accessories,1
ab9e742195daf35a5169f1439b2706b4,2018-07-28,239.73,1,RS,1,electronics,1
9b7e94b15ccd427e75e425bd24133b2b,2018-08-09,151.05,1,SP,1,computers_accessories,0
10b5d5c95177be116333e9a65a6fdea4,2018-03-04,85.24,1,SP,7,computers_accessories,0
a5f76c8d3b285a86d564ee16eec3f013,2017-07-19,958.84,4,SP,1,computers_accessories,1
77dd0936b9f8f4340353ccb7e6ba7922,2018-01-17,83.73,1,SP,1,computers_accessories,0
6856cad14147606a83cb29cb4feffce3,2018-04-08,86.26,1,SP,1,computers_accessories,0
f5caea85860d3a763e906f2562415517,2018-04-29,120.22,1,SC,10,electronics,0
9c96fac210f67f329b80d898001fee09,2017-11-21,65.0,1,MG,1,computers_accessories,0
a6e9d106235bcf1dda54253686d89e99,2017-07-03,105.38,1,RJ,4,computers_accessories,0
e0fb4639f54bdaa580ed4511c8d7b778,2018-04-16,68.87,1,SP,1,computers_accessories,0
68ad0ebee3a67c4fac46dd25a0008850,2017-12-07,75.08,1,GO,1,computers_accessories,0
ceb206889bfdb174fa5455fee822c210,2018-07-23,44.41,1,GO,1,computers_accessories,0
c943573ef15aaafe66bc4048d2aa6f35,2018-08-21,134.41,1,SP,1,computers_accessories,0
650877e1fc44c2f52a0b494da9c78020,2017-07-18,118.41000000000001,1,SP,10,computers_accessories,0
b882b5c0534fa68c690e739dd788512a,2017-08-29,320.28,1,SC,1,computers_accessories,1
6c11e4c7d9e5f7769c8090475602f54e,2018-08-22,88.71,1,SP,1,computers_accessories,0
676232c436e714d6dcfeae445f02fedd,2018-01-12,133.22,1,RO,1,computers_accessories,0
9561fdb9089a36bb1e9c58c334053eda,2018-01-23,230.9,2,SC,1,computers_accessories,1
387ca56ee49ac7729110f669eeb9e3cf,2018-06-21,114.78999999999999,1,DF,4,computers_accessories,0
2a76e895450a367a28355453685b1e21,2018-04-25,74.41,1,SP,7,electronics,0
7aaf9c17ae408e7a639faf0623c5cc73,2018-04-01,47.67,2,SP,1,computers_accessories,0
dba3d308cfb77b3fcc46a50e560080bb,2018-01-07,1898.27,1,PB,5,electronics,1
4c95b21e5d08a34a3a48839f2d007982,2018-02-23,62.28,1,RN,6,electronics,0
b148b0338ed3231c5dcc4564f81a7586,2018-05-11,42.129999999999995,1,RJ,1,electronics,0
1a0c4417bf4f48e594a23d90d8d7581c,2018-04-21,74.41,1,SP,1,computers_accessories,0
08dd806c9344c87a3f061a6540a65041,2018-05-22,196.68,2,SC,1,computers_accessories,1
85eb2a6b95fb63038d835a7b235b47d0,2018-06-05,65.22,1,SC,3,computers_accessories,0
f832a90e0e5f392aa29255b5716b012d,2018-04-26,107.46000000000001,1,SP,1,computers_accessories,0
41e058d34a41343f01cdc9a6add38423,2017-12-18,169.35,1,RJ,1,electronics,0
a79f369e816d39951d6f26ef65842903,2018-01-29,32.379999999999995,1,SP,1,electronics,0
adcdccd191342caa54f60a1f3e6df547,2017-12-31,72.08,1,SP,4,computers_accessories,0
c9d520a482f52b364a05d0252cd45852,2018-08-05,119.32,1,SP,1,computers_accessories,0
b4422eb7a5a5d3ec5f0b8fbfb75f5184,2018-07-16,88.49000000000001,1,SP,3,computers_accessories,0
b7e36ef3e482d9d0d18460e33a5258a8,2018-01-11,31.089999999999996,1,MG,3,computers_accessories,0
c41fcb90e5c4e310d014634135fb1279,2017-05-10,474.40000000000003,2,RJ,1,computers_accessories,1
dc0e878c900ba40571360f0890a14666,2017-11-25,130.57,1,SP,3,computers_accessories,0
f53fee7428c6bc090f954df111b6e0f0,2018-07-26,318.3,1,AC,4,computers_accessories,1
6bd5b651ad62255f0f308679544e9916,2018-02-26,43.0,1,SP,1,computers_accessories,0
c144b68c70e421786c9b664b23a13210,2018-07-03,74.51,1,MG,5,computers_accessories,0
0bece47d86c4c6000ca551001a15669d,2017-10-11,206.97,3,RS,1,computers_accessories,1
7978aa5d3192f689ad92bcb96ae2fef0,2017-10-28,53.05,1,PA,1,computers_accessories,0
77f479e3e239f3478fe743b319837eb5,2018-01-30,28.75,1,RS,1,electronics,0
a23f4025d60af6199b5eb5631b070e7f,2017-12-07,1894.41,3,BA,10,computers,1
0f43f4cfe3c1717621349b811d2a85c1,2017-12-05,52.54,2,SP,1,computers_accessories,0
46b822b7e203850a10e485ed02abf2bb,2018-08-02,161.9,1,MG,2,computers_accessories,0
b5a38afc36fef9a2e97d2c96be884aea,2018-01-16,170.37,3,BA,1,computers_accessories,0
5f766dfc65eff86be5b3015dbce0e2c6,2018-04-14,112.25,1,SP,4,computers_accessories,0
f4bfb8dea9ecdb8ecff6f92691e8f45d,2017-11-18,57.58,1,SP,1,computers_accessories,0
f85fb1941bed505cf25dd03fb4fc27b1,2018-08-11,37.58,1,DF,1,computers_accessories,0
0fdf3166230480d0c55e5d70a2da40c2,2018-01-26,42.0,1,RJ,2,computers_accessories,0
1ea9b7f6873a48576305dc42fae0e3da,2017-05-22,481.3,1,RJ,10,computers_accessories,1
824f7b83ad5c2c56384f4e6e8a8f2750,2017-11-10,36.239999999999995,1,SP,1,computers_accessories,0
483ad8e78dc16136316aded1f0602031,2018-01-22,216.87,2,PR,1,computers_accessories,1
fd6271b5137f0a12cac31ef41cbef0a2,2018-01-31,225.67000000000002,1,DF,1,computers_accessories,1
055e4873984d5da3b7d65dc86a3c4149,2017-11-20,206.99,1,RS,1,computers_accessories,1
7570e5e9db9baf79a9d7d6df7bfbda19,2017-11-28,98.78999999999999,1,RJ,1,computers_accessories,0
ad98bfae2e5e9bad9d1010a3459712be,2018-01-04,35.69,1,RJ,1,electronics,0
f1db3b4ae1a3252075e1bcb338303e7f,2018-01-22,144.9,2,RS,1,computers_accessories,0
1c319576cde33909a59cb779cd50b2b1,2018-03-03,134.01,1,RO,10,computers_accessories,0
0e6cf8f20e333a20382f95ad56c9c676,2017-08-18,183.93,1,SP,2,computers_accessories,0
05a8c94a9361d5496501f6577cf82841,2018-03-17,166.59,1,RJ,1,computers_accessories,0
9baba2001be25ff76212cddad73139de,2018-02-14,36.69,1,RJ,1,electronics,0
3d2919530aea3496b5773b143910145f,2018-08-14,47.53,1,SP,1,computers_accessories,0
eea78051bcf00afa8b82cbc3a31008d6,2018-01-10,82.52000000000001,1,SP,1,computers_accessories,0
b727ce8aa4bb6701e5aaa359ede7c6f6,2018-03-27,274.26,1,SP,1,computers_accessories,1
54a05520cf3e089ebf5dd8575f9ac38a,2018-07-18,34.44,1,RJ,1,computers_accessories,0
976a0661dde5bced1e33afea59986424,2018-02-21,173.27,1,DF,1,computers_accessories,0
58c4df4904044782bb1361c5cb001538,2017-05-14,408.56,2,SP,10,tablets_printing_image,1
a52afc640f675ddcbf056eb1e7967bc0,2017-03-11,179.51,1,DF,8,computers_accessories,0
1b68a09aef174135ac2b4a138c3a1eda,2018-06-11,68.25,1,BA,1,computers_accessories,0
51f15a10614267de8d770ec0ec09febd,2017-09-06,206.42999999999998,1,SC,10,computers_accessories,1
6f806fde47aba06190ac3c525cd901ed,2018-01-08,183.61,1,PR,2,computers_accessories,0
8a3ec851fda600089ac1c69ca40215c0,2018-06-06,56.29,1,SP,2,computers_accessories,0
32de90a35e2a57a276be3e36d3c51ed2,2018-04-01,193.65,1,SP,2,computers_accessories,1
a14d7576c8e4ff4378798287af2faffb,2018-06-10,171.0,1,RJ,2,computers_accessories,0
11482cc48ea1ca80d6672a16eef373f3,2017-11-28,144.75,1,MG,2,computers_accessories,0
83bb596248fd091d99fa8d5aadde8fa7,2018-06-20,104.8,1,SP,7,electronics,0
cf8565a85deb141e6113476f67622a70,2018-04-27,102.17,1,RJ,2,computers_accessories,0
3bee2e950ef2b2811ae57c743f57002b,2018-02-18,60.72,1,SP,6,tablets_printing_image,0
607151a6fd6a09510f6ca248e8fe1bc3,2018-02-16,187.76000000000002,2,MG,1,computers_accessories,0
a3158596d75b867b743226ce715f340f,2018-03-22,74.28999999999999,1,PR,1,computers_accessories,0
79e2067169f58128a02eb6d4ea2a7372,2017-07-14,29.27,1,SP,1,computers_accessories,0
94ab04bddd7b1b7e183c95cce062c3f5,2017-07-05,92.99,1,RJ,3,computers_accessories,0
707b67c6036569d9eba912e2c8609ee4,2017-03-26,103.02,1,RJ,8,computers_accessories,0
fef894b62a0f41d0511cdb289f554533,2018-04-18,251.5,1,SP,1,computers_accessories,1
46d45c02db0c16939f8f1c45a9c8a344,2017-07-03,125.42,1,RJ,10,computers_accessories,0
f89525a2a79be7efb2afb5844cf2652d,2018-01-24,104.86999999999999,1,RS,1,computers_accessories,0
03fa3f4dec4b3647d00532079f723fec,2018-02-26,161.85999999999999,1,MG,3,computers_accessories,0
a770d696d001cb50c7ef69105c3e06f4,2017-11-23,53.9,1,PB,1,electronics,0
34d92634e60b8234ac42750fd4b76fec,2018-03-29,75.45,1,SP,1,computers_accessories,0
e351155ff64b9c7d91161289dc6e69c2,2018-01-04,204.88,1,AP,2,computers_accessories,1
922587c6bf637f545a82eb3f9136ae30,2017-08-18,45.0,1,SP,1,computers_accessories,0
200af1dfa6b1bbe29adcddac8ed2a00b,2018-01-15,592.18,2,SP,1,computers_accessories,1
18ea31163ebdbdd5972db7345aca7ae5,2018-02-25,29.88,1,CE,1,electronics,0
e72e22dce48aaee824371b8e02641f15,2017-10-16,1471.51,1,RJ,12,computers,1
01c2c8708930c4fb8ed278dfe7ec93c7,2017-11-26,257.43,1,SC,3,computers_accessories,1
ff280fe8985905ec69a41d6510cdcbe4,2018-01-30,17.77,1,SP,1,electronics,0
4572e35be0f6c21676fce75fcc79162d,2017-06-22,380.67999999999995,1,GO,1,computers_accessories,1
e87746786779edef45938a6bc4572c0b,2018-02-03,51.53,1,DF,1,electronics,0
1b55d5825b9f0ea76d9f105222eb6910,2018-02-22,29.68,1,SP,1,electronics,0
0347e77ba3ffb1d21339231e1f882b5c,2018-02-05,165.04000000000002,2,SP,2,computers_accessories,0
6edc82aed8285a03faae5a51ed36eb0e,2017-05-05,113.86,1,MG,1,tablets_printing_image,0
2c9412a5ce9b92f719fe2dbd54f6a16e,2018-04-16,138.74,1,BA,5,computers_accessories,0
98a2a4cca9f2d2ff187a6b456abb7c74,2018-03-17,52.69,1,SP,1,computers_accessories,0
520b343a3cfee76d9517d96e84b03277,2018-05-05,138.74,1,MS,2,computers_accessories,0
9e9d4673d9d0f8c0d68a48c13638c606,2018-01-08,90.28,1,RS,1,electronics,0
d858299446e4d2e4a686d1dcf9a93359,2018-01-07,654.41,1,MG,12,computers,1
3d99e7d777a95ec05932b38e114a14d3,2018-04-27,154.86,1,SP,2,computers_accessories,0
0df6d3734fc28f15c08eb4a9f931e3a8,2018-02-05,21.77,1,SP,2,computers_accessories,0
e23b12899aef6772719cbdb98dd5bf8c,2018-07-24,150.73000000000002,1,RJ,1,computers_accessories,0
bde4e874383e1817284c013ec6a2d72e,2018-02-07,67.11,1,MG,1,tablets_printing_image,0
4d9aeb0219e736ad9dd72af9f25b3f88,2017-01-12,50.86,1,PR,1,computers_accessories,0
b5b103fe531168050d785d5b8de74174,2017-01-30,2217.99,1,RS,10,computers,1
8cfc6624adef5f59e3ddd7167bc07107,2018-02-05,27.75,1,PR,1,electronics,0
05fcd933547be81890bc4d62357fdf3f,2017-07-19,408.12,4,SP,9,computers_accessories,1
a31b5fae4fbd29cc31b52b48e467e607,2018-02-19,83.17,1,PR,1,computers_accessories,0
1904f9d81f67036679dca4b431f11a46,2018-03-28,47.58,1,PR,1,computers_accessories,0
fb6343faebbbee8c21d59d4ae59477a8,2018-07-04,143.86,1,SC,1,computers_accessories,0
5d1af85a51beb3a9787bdbe3152a024b,2018-06-25,77.22,1,SP,1,computers_accessories,0
0ec153c68d6e5b0dfe5128a34ffe6490,2017-12-17,87.05,1,SP,1,computers_accessories,0
4eff3ad36f5e69d4d33d9798ecf22bf6,2017-07-15,165.81,1,ES,5,electronics,0
a824faec1bb9e0196ae712df257ab203,2017-11-27,21.43,1,SP,1,electronics,0
946d0f6c2be5f68f7a11380b3b2ad702,2017-05-13,49.53,1,MT,1,computers_accessories,0
57dd83bf1021dc5613a4e19544a99915,2018-04-16,150.52,1,PE,1,computers_accessories,0
64c8df7b4890817fdc2023304306f58f,2017-07-09,25.380000000000003,1,SP,1,electronics,0
44003ab575a9154a1560d283e5bfaab9,2018-05-21,38.28,1,SP,1,computers_accessories,0
e19a1b398beea6784e6dc219eb0a6a89,2017-02-01,35.42,1,RJ,1,computers_accessories,0
beaf95465b542dea76df78b2fb86a97a,2018-04-19,53.22,1,MG,1,computers_accessories,0
2fbf5b0affccbe063b648b85eb6480a8,2017-06-27,27.380000000000003,1,PR,1,electronics,0
ec02fe36bde29efb02d86ad842b6f512,2017-12-22,21.48,1,SP,1,electronics,0
0b8c6aefe987f59ab3cea15927aedc8e,2017-12-19,31.38,1,SP,1,electronics,0
35ae6fcf66dba4f6760a20b921867b2b,2018-07-21,156.37,2,SP,2,computers_accessories,0
aebab300abbae798a2b725d92a3f6132,2017-12-11,105.22,2,BA,1,computers_accessories,0
ba708502fb9111dc0e00caca9c386b21,2018-04-11,378.4,1,SP,10,computers_accessories,1
e80c013ed85f10721afbdeb2808bf4b7,2018-05-10,160.51,1,PB,15,computers_accessories,0
eeba1dfa84dff855a9bcedcb487549dd,2017-11-06,208.71,1,SP,1,computers_accessories,1
04ffe2f01e4967bb8dd86f8d1db29d89,2017-06-26,771.88,1,SP,1,computers_accessories,1
feeca366b9564e8753ab062807da307f,2018-01-14,137.18,1,MG,1,computers_accessories,0
2ec795cf2d2eb7925def2e207f6f648c,2018-02-04,104.38,1,RJ,1,computers_accessories,0
4baf66d022680c163d31c85a42b6bbd6,2017-08-23,163.33,1,SP,7,electronics,0
38173930252d680d26301b01fbc43de4,2017-03-28,57.9,2,RS,1,computers_accessories,0
b63a4baa025f1db7cd7f3bd5f4336c11,2018-02-02,122.49000000000001,1,PE,1,computers_accessories,0
eb9467fb82e562d5d44ece6d6b8a42d0,2018-03-06,38.03,1,MG,1,electronics,0
f7200ad3e68f02597521f8c0864de400,2018-05-11,220.03,1,RJ,1,electronics,1
3ff5709e1eed2f4bf1cfdccaf65c6337,2018-03-01,202.5,1,SP,1,computers_accessories,1
07bd0c7e13ac7c3a408dd3bc8f18fc78,2018-01-30,592.18,2,SP,1,computers_accessories,1
2ed947abad5777127c51b3c509163ec2,2017-07-25,70.0,2,SP,1,electronics,0
245b2a09d0f787df368d4a370a63eb58,2017-12-06,657.63,1,PB,3,computers,1
6257920a3e9d55dde77fe023d8a24979,2018-03-12,144.88,1,SC,1,computers_accessories,0
b9ec9404685b3beb2a2eb3d2c57ce666,2018-05-14,87.32000000000001,1,SP,1,computers_accessories,0
2fd12ee976f68370d5397cffb377b4b5,2018-04-10,57.38,1,SP,1,computers_accessories,0
3db932725b90f4f388d2e361b0f1247e,2017-08-01,25.0,1,SP,2,electronics,0
7fe630fd69c00ef54c9124d78e124256,2017-07-07,186.37,1,RO,1,electronics,0
cdeefca5ad0ec35c4d7c5b48ab52e85c,2018-08-12,20.27,1,SP,1,computers_accessories,0
8fdc71858c110d23e8af0fa7baab541f,2017-11-15,31.38,1,PR,1,electronics,0
36e138bc060bf5e8b34ff5a25cdef48c,2017-04-02,178.06,1,PA,1,tablets_printing_image,0
378f58a3d4b989b3517b56488dc4e3cf,2018-03-13,234.76,2,MG,1,computers_accessories,1
649caa9b6696d9b2bca095239ecaa00f,2018-01-29,48.91,1,RJ,1,computers_accessories,0
2e59ddc3574c1fcaf87f89f7b0a9eac5,2017-04-19,128.02,1,SP,5,computers_accessories,0
1a358c4ef8c7d066e7e526670d486f3e,2017-11-22,117.16000000000001,1,RJ,1,computers_accessories,0
d5a71b64c3592b5ca24b856cba608940,2017-07-31,366.23999999999995,2,SP,2,computers_accessories,1
af006979017f225d80e49985aed847b3,2017-03-29,133.46,1,PA,1,computers_accessories,0
c344961ac6be05910dfb619e443ca671,2018-01-22,112.92,1,GO,1,computers_accessories,0
efeaeef213e3c173e91d9ffe670ba677,2018-03-04,73.38,2,RJ,1,electronics,0
3e6c47c1a5871e1a0280ff8bf3a236c2,2018-03-17,211.25,1,RS,1,computers_accessories,1
3d320afe6c5a89ea025c81254ecfdfae,2018-02-25,53.05,1,BA,1,electronics,0
88d29e2e31284a2d643ca7a77458675d,2017-12-07,108.29,1,MG,1,computers_accessories,0
c49d07f9806a006e5b310764f661e911,2017-04-27,57.68,1,SC,1,computers_accessories,0
d581955a73c95a699d134ef77bf6b768,2017-06-03,327.04999999999995,1,SP,10,computers_accessories,1
fb8d6e92e3a08fe6485d4fb08d23ae0e,2018-06-23,21.04,1,SP,1,electronics,0
29899d145a05801c8075dfdfccf5c475,2017-11-19,35.0,1,SC,1,electronics,0
b1b69f51bb6761e529b47d528ba4470e,2018-07-13,59.06,1,TO,1,electronics,0
395286e0dd44e422c5f292567f0f694c,2018-03-16,187.76,1,DF,1,computers_accessories,0
f6f1f2a565bc0c1d761799e42d923401,2017-11-05,226.9,1,SP,3,computers_accessories,1
ae168dfba236919411fe08f336fefa44,2018-02-27,312.78000000000003,3,MG,4,computers_accessories,1
1d88068495a8986f241f769664ac98de,2018-07-28,37.58,1,SP,1,computers_accessories,0
6fd8bc9e42591f17f566b1fba8bb912a,2018-06-14,144.36,2,MS,1,computers_accessories,0
561dd928c7f7e63277e02e6662bcce48,2017-11-06,868.24,4,RS,1,computers_accessories,1
c1459f8c6638b835a54df0c0246ce486,2017-06-12,315.98,1,RJ,1,computers_accessories,1
651e1fca4fb4f7aa369b38ffbf204a62,2018-04-18,77.12,1,PR,1,computers_accessories,0
bf99c65e08505b49813ebded6969d109,2018-06-22,38.14,1,SC,1,electronics,0
6e0e5e93c12213702b1bdac5a742b828,2017-12-28,17.77,1,SP,1,electronics,0
5dacd5be3242e33184345b90ae5ef770,2017-12-29,84.23,1,RJ,1,computers_accessories,0
d4a07b48835f3637cdf8baeab13c8a9a,2017-10-07,1635.64,1,RJ,10,computers,1
423bacebe695187f7c0f4c416adf5a37,2017-12-01,73.38,2,MG,5,electronics,0
8b834cd52afbdf1c2837ce5b7e9c6f21,2018-06-28,462.3,5,MG,1,computers_accessories,1
29c5f9828f58dd08c018601e91da6759,2018-05-17,204.99,1,SP,2,computers_accessories,1
5be7f054903b5a91262819cf4fd538d9,2018-02-05,40.01,1,MG,4,computers_accessories,0
d8b57220afe3f1416bb889cc0e61aa67,2018-03-12,31.43,1,MS,1,electronics,0
1a993d55960f4e94f4ab432458e08e39,2017-12-26,51.72,1,SP,1,computers_accessories,0
723941d77928846a4b2ec4612303bd25,2018-06-13,174.39,1,PI,1,electronics,0
b0b89f2837ca16ee790c20e55c95ea4a,2018-03-23,77.28999999999999,1,SC,1,computers_accessories,0
d8d0488eb1aa33a391551c5bbe00e93f,2017-04-25,163.18,1,SP,1,computers_accessories,0
172eb17b2fa12d49f274ad27404ad1b9,2018-02-22,64.1,1,GO,1,computers_accessories,0
300f22cf9178ce8ef0db12b477f29e8f,2017-04-24,31.96,1,SP,1,computers_accessories,0
30eee244a7d32cac1de9617e4b9ae312,2018-08-16,122.41,1,AP,1,computers_accessories,0
53f4c1e58cffdfc604925afb8d8537c5,2017-06-06,40.01,1,MG,4,computers_accessories,0
11a9988a43e7b48ed7012619bc6720b3,2017-09-25,72.43,1,SP,1,computers_accessories,0
932e09a4eba5fe1c7b8333f5b0d83d99,2018-06-12,19.64,1,SP,1,electronics,0
117c312b89fc4ef46fca3f4b0c53829b,2018-01-20,31.71,1,SP,1,computers_accessories,0
9406240a4e41945ba492020a2702f757,2018-02-27,161.04,2,SP,1,computers_accessories,0
ee7e0b3ff2c214d195f4dc6f9ae0d060,2017-11-03,135.59,1,RS,1,computers_accessories,0
a9c6522843143edb2599748ae6aef2ea,2018-06-21,158.07,1,SC,2,computers_accessories,0
1e694578c3bfb0d61227a5261822af1b,2018-03-29,97.05000000000001,1,SP,1,computers_accessories,0
e158d5c24705aa1915440227823e4573,2017-08-02,65.0,1,PR,1,computers_accessories,0
ae5956d043fe24a8f03be1b0a327621f,2018-06-14,40.959999999999994,1,BA,1,electronics,0
90352487a09548f7ab71f4b1cedcf818,2018-03-06,87.97,1,SP,1,electronics,0
8568864766afc1fb05611b15e7f7f83e,2017-11-06,157.67000000000002,1,PA,2,computers_accessories,0
6ed2b496c2636a4506578ba1ff462672,2018-05-13,37.129999999999995,1,SC,1,electronics,0
931eb9b18a6471d1f635ff15fcbde0ca,2018-05-16,87.64,1,SP,4,computers_accessories,0
a8d0b508b8328e380a5bf1ddc810b911,2017-10-24,785.18,2,MT,7,computers_accessories,1
261894b972bbc843c4c694b4bc74e892,2017-06-16,45.53,1,RS,1,computers_accessories,0
286ad679e2559b24b6a621c4908a4511,2018-02-23,177.49,1,MG,1,computers_accessories,0
f655ae6fff7b523b34ac845cd918b87f,2018-06-27,165.4,1,PE,1,computers_accessories,0
208215ef3138230b69b97f3fb415e9bc,2018-05-12,37.45,1,RN,1,electronics,0
ad6e2d7ca4c63441edb8d4ca6d5c2b21,2017-05-21,28.0,1,SP,1,electronics,0
03705afa0a4aabe1a734ddb11c1df3f0,2017-09-27,1023.9,5,CE,1,computers_accessories,1
3d7c4455b009850d0c83c70fae3df22b,2018-07-14,47.0,1,RJ,1,electronics,0
b8b9d7046c083150cb5360b83a8ebb51,2016-10-06,119.78999999999999,1,SP,3,electronics,0
2d7312746088a0bd8d60f8db6c6fcb46,2017-03-31,89.28999999999999,1,RJ,1,computers_accessories,0
79cbf4d951de5535d9b05fd415ebe9ef,2017-06-24,75.62,1,ES,4,computers_accessories,0
2276cb7758bd76c104cd5a3971f47e9e,2018-04-09,113.55,1,SP,1,computers_accessories,0
61e23a6264d97339d6e7f3d113582713,2018-08-18,99.74,1,RJ,1,computers_accessories,0
eb51a3baab302140a62ffd510647c546,2018-02-25,106.39,1,MG,1,computers_accessories,0
90b3ad8bf9574cb0d847fca8a31bdb75,2018-06-11,104.17,1,PI,1,computers_accessories,0
b030a71673f17a9eebed29d9a7dfa2d8,2017-10-11,54.01,1,SP,1,computers_accessories,0
f9343167f98d74b2f82a3cfb3d6b880d,2018-06-02,113.05,1,SP,1,computers_accessories,0
24b53730781f4921d543c4683b26c072,2017-11-05,36.69,1,RJ,1,electronics,0
4ae41a4932898dbf49f39d10745ba16f,2018-08-17,21.29,1,SP,1,computers_accessories,0
19862cd4c12c9f52dce9cdb8df1af979,2018-05-05,115.25,1,SP,1,electronics,0
4fcde2536e61edddfbf8d3be91b70eec,2017-07-19,66.69,1,BA,4,computers_accessories,0
ee001aa82afcebbc4d2cdc1214cf276b,2017-12-07,20.68,1,SP,1,electronics,0
126e645df0c526ccbc4b5561c91feb56,2017-08-25,164.79,1,SC,5,computers_accessories,0
a66196d313e431749d0ac48fe827ab1b,2018-08-18,41.26,1,SP,1,computers_accessories,0
8193580d95dea97d43937711060b2846,2017-11-09,1391.79,1,SC,1,computers,1
4d2997398817763e25ae074190f98a32,2018-07-19,161.12,1,PR,2,computers_accessories,0
71cc257b20c7f9b439b625fa41c3fb36,2018-01-03,154.75,1,BA,1,electronics,0
eb92f6fdb8dcd9a9ab21c341b4a3ca5f,2018-02-09,21.77,1,SP,1,computers_accessories,0
116f5088fd9393bef556fc932533e3dc,2018-08-07,189.19,1,SP,2,computers_accessories,0
139f77f83936e3fed4788e6675c1a64a,2017-03-03,671.39,1,PR,12,computers_accessories,1
7a36ddcacbdd80a7dd8771aa4c6e465e,2018-08-06,43.6,1,ES,1,electronics,0
6fa1dd5611d4b380144fbe44fa788ad9,2017-12-01,230.03,1,SP,1,computers_accessories,1
bbc82e918e96057462aa6983e7035fe5,2018-03-17,32.73,1,ES,1,electronics,0
e5f642cd02cde85e17b08c8c1534801e,2017-11-06,190.37,1,RJ,1,computers_accessories,1
9caec5f70676fea541e3dbcd2ff307e0,2018-01-18,25.5,1,SP,1,electronics,0
ba657defc0b541ac3a861fa8827f1866,2017-07-30,50.09,1,RJ,1,computers_accessories,0
f232d1da0838df24b1d767072fb6ad31,2017-09-16,217.13,1,SP,1,electronics,1
6f1651e4c1a0b1e952c2510138563e47,2018-05-15,47.71,1,PE,1,computers_accessories,0
a713bcbeca6421f5c01ea32964ac2b94,2017-09-30,69.12,1,SP,1,computers_accessories,0
b26d21b6d1c33dd959e1ece6cbcce322,2018-05-16,89.16999999999999,1,PE,1,computers_accessories,0
49bbb428c234dcf31c4d66d4e8e1c04c,2018-05-01,159.68,1,PE,2,computers_accessories,0
59668dbabb7fd2151ea6d80d1ea0f251,2018-03-02,97.72,1,SP,1,computers_accessories,0
e1fa2787ce8e0bf4ddf128a263acad6c,2018-08-09,200.35,1,AL,2,computers_accessories,1
75132ec71e262337d5239bf757ce228f,2017-12-07,37.72,1,SP,3,electronics,0
a850819097762e4dd825ae3d911f5861,2018-07-22,44.129999999999995,1,SC,1,electronics,0
ba3dfe274b92578ad6af3b17d141033c,2018-03-01,89.85000000000001,1,RJ,1,computers_accessories,0
3703de7642fa764089c3bf77e41870d7,2018-06-26,48.31,1,MG,1,electronics,0
67769a73846d87e262821ff4761545d4,2017-04-25,149.45,1,PI,3,computers_accessories,0
f94445f68d1478fe6be0b1c7bea0e646,2017-02-21,184.35,1,RS,10,electronics,0
faa54bc5aa33bf46cfeb7574c19ee20f,2017-06-01,38.53,1,ES,1,electronics,0
99ca85d0497f1b958fabcd12b46168e6,2017-10-15,44.379999999999995,1,MG,4,computers_accessories,0
afde95a684781b6fa700b1e2fc79416c,2018-02-05,177.49,1,MG,1,computers_accessories,0
20b9ddb6d4a3df0ea06f860c983662b8,2018-03-19,106.63,1,RS,1,computers_accessories,0
339c4a8fdff27916641be1118b71ddbe,2017-11-09,231.34,2,MG,1,computers_accessories,1
323e8735fee7a155e91c37cc2f66c19d,2018-01-04,80.27,1,SP,1,computers_accessories,0
abb27b3995f56205b2545e3dccf1aa16,2018-06-21,186.05,1,CE,1,computers_accessories,0
d0b9bcb0d474f6525456037afe12820f,2017-09-02,43.0,1,SP,1,computers_accessories,0
0758eac62489b47a99c64b7d67c5ff18,2017-12-09,108.48999999999998,3,SP,1,electronics,0
29a5e96ed1133228a266d52f12bcba32,2017-08-30,545.52,1,BA,1,computers_accessories,1
eafdf1e146bde4f014a36fe9312495c2,2018-04-11,54.22,1,MG,1,computers_accessories,0
963cb654293e98ba41a3c609d2c3ca4d,2018-01-23,214.82999999999998,2,MG,1,computers_accessories,1
79164f97a0f684659f0881551ed73a2e,2018-02-14,177.8,1,SC,1,computers_accessories,0
ad011a3e400b99be12aa7d90ceaba499,2018-01-30,97.62,1,SP,4,computers_accessories,0
f586a897746d5f33a2c16ba86ea730af,2018-02-02,82.52000000000001,1,SP,1,computers_accessories,0
63a4d7a71c43e2f008340552233931ed,2017-02-01,38.64,1,SP,1,computers_accessories,0
eede469df41846bdb04500adce0d8120,2018-03-09,64.94,1,RS,1,computers_accessories,0
bb9e3fdfc33f7fe56fd38f6adacf760f,2017-12-26,648.03,1,ES,1,computers,1
035a721e5bfc1bc3f4e1ba0d7923cc84,2018-08-10,108.17,1,DF,1,computers_accessories,0
65a922b4c66d6c7389088e16d37a85e9,2017-06-02,54.1,1,MG,1,electronics,0
303deafb916b70339ff5c11be8039888,2017-11-25,37.69,1,BA,1,electronics,0
27ea1775a86c796168b08511e529d0a3,2018-02-27,79.84,1,SP,1,computers_accessories,0
dceb62e8fa94b46006c9554fed743df0,2017-07-20,330.07000000000005,3,MG,1,electronics,1
d70b7dce9b527096fbd9e4d0e54ab451,2017-05-09,110.83,1,MA,1,computers_accessories,0
a84f2bf7fd1e2c2f29199f76c46d5238,2017-11-24,95.31,1,SC,1,electronics,0
bb45d77c66b6a32f77813252457545a5,2018-03-15,21.04,1,SP,1,electronics,0
35b8813b39f533c1ed224ab90b5cd609,2017-11-07,47.71,1,SP,1,electronics,0
3ba0099be6c2011cb3eb986b4e0a8efa,2018-03-07,173.88,1,BA,10,computers_accessories,0
73eedc4ca4a789813a63fe30856c805f,2017-06-03,85.92,1,GO,1,computers_accessories,0
4a110536f892fd4dd11c3c74dada0d1a,2017-03-01,258.87,1,PR,5,computers_accessories,1
0f75f2844ce21ea30f36b770fe2459c3,2018-07-03,40.959999999999994,1,MG,1,electronics,0
c13e96ee541f8f115bf9a364d29a6169,2018-06-23,87.66,1,MG,1,computers_accessories,0
655b20c809450d9f4e2d3b62d5b7f416,2017-04-01,117.12,1,GO,2,tablets_printing_image,0
13100b3a31729e96b34e7eeaf3cadb2c,2018-06-01,59.71,1,SP,2,computers_accessories,0
fca3ff759e8d69e522e5d0ceebb89059,2017-04-30,93.72,1,RJ,4,electronics,0
414c2d0aa3ca7ba2ded1e645b3dc42d8,2018-02-28,75.6,2,RJ,1,electronics,0
ee23103ab94d84788e8fb686103c0954,2018-02-04,20.3,1,MG,1,computers_accessories,0
a932657c2a8f532655a478c7170642b1,2018-07-11,16.39,1,SP,1,electronics,0
4cd5aded458b2bb658108cfe0f705ab5,2018-02-05,236.84,2,SC,3,computers_accessories,1
77e18878827762954f8e0697901368de,2018-06-06,48.93,1,SP,1,electronics,0
8ecd4e086e06a6e3b98920c11b565fc8,2017-12-14,45.0,1,PR,1,electronics,0
75ac959e92dad3a1807efc845e07e439,2018-04-28,25.87,1,SP,1,computers_accessories,0
a3ad5f7522d495d4d61684337167bdf0,2018-04-01,193.72,1,SP,1,computers_accessories,1
2352f0c7b4fe903c071e032c9d6d6593,2018-04-13,1418.8600000000001,2,PE,1,computers,1
5dcc65f0f55ef1d3cfe2d7c90349e23c,2017-08-13,40.08,1,RS,1,computers_accessories,0
ca5a6a09733f353ede92562e5d858d88,2017-12-02,218.65,1,RJ,4,electronics,1
76814cecb4b0b51bff1b1843f9ee45d4,2018-01-19,107.35,1,PR,1,computers_accessories,0
b34eea540a919377d376dccd30ce2ac8,2017-11-14,181.14,3,RN,2,computers_accessories,0
0deba00189593870535a63ad3e6d9ab9,2017-10-30,95.11,1,RS,1,computers_accessories,0
e32d08364176af6d650ccae2520230c0,2017-10-11,123.35,1,RS,1,computers_accessories,0
160e42cafe7b4cd5750459a45e25e307,2017-04-23,43.519999999999996,1,RJ,1,electronics,0
d451da9b109e1786f303924d04ed72a1,2017-05-17,26.27,1,SP,1,computers_accessories,0
a0f1211e31ceacafc826779466a6d82b,2018-05-03,37.129999999999995,1,RJ,3,electronics,0
2bd6b3624f76c45ee232f01f7fe6fb7f,2017-05-06,44.42,1,MG,2,computers_accessories,0
158a05ea7d6a7268559ca2f97476ee0a,2017-09-14,114.44,1,RJ,2,tablets_printing_image,0
79d2ece798690d902556990b5c617be8,2018-01-28,189.37,1,RJ,1,computers_accessories,1
d177b1b7ac6d0284008b2f610e461e54,2018-01-18,39.239999999999995,1,SP,1,computers_accessories,0
2d69f30fc9b478ec8ed398d396218886,2018-05-14,127.69,1,SP,1,electronics,0
72378705715d65c4c66b78effc08aae8,2018-03-15,173.88,1,BA,1,computers_accessories,0
a0f78194e157b1cd941207bc438c3af6,2018-02-19,55.1,1,CE,1,computers_accessories,0
601316c0f92a0da733702a7b89304189,2018-08-06,28.130000000000003,1,RJ,1,electronics,0
5226003c0580585a8fe4e9b6d2935c2a,2017-07-19,171.85,1,MS,1,computers_accessories,0
a4c94baa526c2e39251e807cda61c524,2017-11-24,42.0,1,SP,2,computers_accessories,0
16ee19fe4df0a090015e2fa16f3bf3e0,2018-04-23,171.0,1,MG,1,computers_accessories,0
557e4ef52fd0e240cbb18bcee0cbaddd,2017-11-27,64.53,1,RS,1,computers_accessories,0
36e694cf4cbc2a4803200c35e84abdc4,2018-02-19,22.77,1,SP,1,computers_accessories,0
3e83ca3523a68abaf07131a5ecab7319,2018-02-22,27.0,1,RS,1,electronics,0
2002527d89799a0cfb0adf6f4710bf95,2017-10-10,288.31,2,RJ,1,computers_accessories,1
12b2eb7fee1eb7a195452bf2eff4028f,2018-01-19,181.37,1,RN,1,computers_accessories,0
0e19aa2216bf89063fdd8849774aea19,2017-12-04,26.45,1,MG,1,electronics,0
9415b8205e1a211b3a930ab130b9ce60,2017-08-10,55.79,1,RS,2,electronics,0
5519f6280de7d1712691ab0654fbd0c0,2017-11-16,149.73,1,SP,2,computers_accessories,0
c6b91873827689f33c1a45cd4bccd049,2018-07-16,78.64,1,SP,1,computers_accessories,0
56f663cba1638e1a90a2fb8e4716a2db,2018-02-13,37.370000000000005,1,GO,1,electronics,0
47c5847c6d4b31c6ad25269c40be3ab3,2017-12-05,117.04,1,MG,2,computers_accessories,0
219fda9e83f9a3ac8e1baa10d6cc6366,2017-06-08,40.01,1,MG,1,computers_accessories,0
a1b80d424c933786ee29fa4759d028cd,2017-04-22,81.13999999999999,1,RJ,1,computers_accessories,0
6af5d028aa14031c4afa3b5dd2d427ab,2018-05-11,108.17,1,RS,3,computers_accessories,0
a75dc59fb32aa2b2ba7db8573eabd774,2018-07-04,46.39,1,RJ,1,computers_accessories,0
566aa88269ebf1551f8e2da76e215e08,2018-03-31,57.230000000000004,1,RJ,3,computers_accessories,0
e9d187b8dc64f35026cf54590f38f6df,2018-02-17,103.03999999999999,1,MG,1,computers_accessories,0
aa87c4af248b5041ab8aa98338210d88,2018-05-22,108.02000000000001,1,PE,1,computers_accessories,0
917971c9015d85949419eee8f288ac07,2017-11-12,221.98000000000002,1,ES,9,electronics,1
551320e40e766057c633ff653094bf5f,2018-02-06,57.53,1,RS,1,computers_accessories,0
eeabc78605ac96ecbf5faa71117f660f,2018-06-16,45.28,1,DF,1,computers_accessories,0
9f7f0cc34b8ad3893948112ddffed4f8,2018-01-07,28.75,1,RJ,2,electronics,0
fdda37c607e545cc35b20ab1eb1a057a,2018-05-10,62.22,1,RS,1,computers_accessories,0
544d4de462a8ad0d9492999b6708ebcc,2017-05-23,341.62,1,SP,1,computers_accessories,1
63d2c28920a6381ffb2fff191e6e0ff9,2018-02-27,96.9,1,MG,1,computers_accessories,0
897f5080530ad6a04d3aedf0756706dd,2017-06-04,168.16000000000003,1,RJ,7,computers_accessories,0
48f9d17c83c033294536fa2933ca9324,2017-11-29,66.1,1,RJ,1,computers_accessories,0
a9748189a6d0793f59bc792194cf6e16,2018-03-22,197.8,1,RS,1,computers_accessories,1
2fd13e188541306cd666e921f2f4dd4e,2017-08-08,87.46000000000001,1,MT,4,electronics,0
9025b1ef6fa4866273bb59262b6ac2a7,2018-02-16,33.75,1,SP,1,electronics,0
59b115dfb1007eca4cb7cd1a4cf2c790,2017-09-03,1351.51,1,SP,6,computers,1
ceff388a23c12ac5dce0b56dad25602a,2018-02-19,36.29,1,MG,1,electronics,0
420b8fd243de13ebf2c9096ce7a69750,2018-04-23,27.29,1,SP,1,computers_accessories,0
5dea3bf3570049323c58794169b7638c,2018-02-05,145.4,1,SP,1,computers_accessories,0
dd416a83ddfde887da5021bae60bb919,2017-06-13,170.84,1,RJ,2,computers_accessories,0
660a6fbde01967fda369dc69c3d4b50a,2018-05-27,161.96,1,BA,1,computers_accessories,0
48d2c84bcaaa40dfb9f0cf5edcb614f8,2017-10-14,506.98,1,SC,1,computers_accessories,1
16e8745a21790f6d7b84f8d8ea5f1038,2018-03-03,84.63,1,PR,1,computers_accessories,0
445d0f90bcb70f0d6c8edeb350b3dd19,2017-12-25,21.43,1,SP,1,electronics,0
08cbb1d4cd574b126569b208fd4b26ea,2017-10-15,1471.51,1,MG,3,computers,1
31641d348e3b49cd143c3bd490c100b9,2018-03-05,131.07999999999998,2,MG,1,computers_accessories,0
19bff24eb480b8d6bd8973c7deb1e116,2018-04-11,351.35,1,SP,2,electronics,1
79616b0bd8740197588c3825106037d0,2017-11-26,70.05,1,SP,1,computers_accessories,0
ad7b0c3373368e658cc9cf31893c6413,2018-07-15,26.439999999999998,1,SP,1,electronics,0
e387920071d53124f3db7d7b1a42c257,2018-03-22,271.21999999999997,3,SP,1,computers_accessories,1
8d4defaad3d1206dde5189a813b794f2,2018-02-24,710.59,1,ES,1,computers_accessories,1
eb05475e3bda2bfe63d09299a231f42b,2017-10-21,569.25,3,SP,2,computers_accessories,1
278f41386e50a73ab83b1253a6f98267,2017-07-17,100.34,1,RS,2,computers_accessories,0
0f7384f686835a44a5051256f65b5b8e,2018-02-15,35.62,1,PE,1,electronics,0
1df3e6364beb175319d6e20f502f550f,2017-08-03,27.52,1,SP,1,computers_accessories,0
707c884622a611c1c2c7b247c01f0121,2018-07-05,283.86,2,SP,10,computers_accessories,1
8c2228de3ce29abb8e11211b8fa27001,2018-06-05,309.81,1,RS,1,electronics,1
c410d85093b93e495da87d8041af5ffa,2018-07-21,44.2,1,DF,4,computers_accessories,0
dceea990c8cf652d8a6abcb265f27301,2017-11-16,69.73,1,SP,2,electronics,0
1a0c96a409c1c324fd17fde3f76833cb,2017-04-27,24.96,1,SP,1,electronics,0
efd5f6d335841ef212ce657580faf95d,2017-03-03,610.59,1,PA,1,computers_accessories,1
6e25453a992842c74dad4997432fa104,2018-08-15,89.47999999999999,1,RJ,4,computers_accessories,0
b5f3769de78cc3dcbfce6616de4e266c,2018-06-21,139.11,1,SP,1,computers_accessories,0
4a6309669545b27a89528e2afcf76b6e,2017-07-06,418.92,2,SP,1,computers_accessories,1
fce7ca4f8fc4109d4988bd6de96da69b,2017-07-14,154.16,2,RS,1,computers_accessories,0
8e3e95c75ca8b9168011d70008721a8e,2018-06-09,175.08,1,SP,2,computers_accessories,0
5daa414749c292efd9d970aca5097a8e,2018-07-24,32.43,1,SP,3,computers_accessories,0
e5121f24a3ef1cb4b742aba33736755e,2018-07-13,117.78999999999999,1,GO,8,computers_accessories,0
0561429ac3333cdeaff4cdd6bd1ebfb6,2018-02-11,51.14,1,RN,1,computers_accessories,0
938c8cbe289e7aa04f8eb3221cf19574,2017-04-19,44.42,1,SP,1,electronics,0
d2ed4eefadea4e4e8294cca0006e39f7,2018-03-25,112.71000000000001,1,PR,1,computers_accessories,0
f829f185f0ec92a117ee3d8c9e9ed19b,2018-04-06,33.28,1,SP,1,computers_accessories,0
af3b41ce890eefbd6ee273bf7df396dc,2018-07-07,37.58,1,SP,1,computers_accessories,0
dba28a189fd1425d68f33018e1d88808,2017-11-23,51.69,1,MT,1,tablets_printing_image,0
9a623ce03254eb3cf475d659d0719319,2018-03-26,153.24,1,MG,1,computers_accessories,0
041d5ff28cb7d9b107b7461064dd40e2,2018-05-16,177.20000000000002,2,SP,5,computers_accessories,0
108e1d5b7a25ff07b49e500b1c7ae4b0,2017-06-07,66.05,1,CE,4,computers_accessories,0
d866a99eedddb2e64c1dc53d01c9ea15,2018-04-09,223.22000000000003,2,SP,1,computers_accessories,1
2299befc86b7b31fc23dcba911582355,2017-11-16,25.5,1,SP,1,electronics,0
c0a8c5b9536ee81202e0c08ffd9abee4,2018-06-29,92.79,1,SP,9,computers_accessories,0
d533465bbc7613d13d848d9ca34c2a21,2017-11-28,34.1,1,RJ,1,computers_accessories,0
0de08476877eca848f61e9e236256b3a,2018-06-20,64.86,2,SP,6,computers_accessories,0
d6912f804ef9076f6172f0eee4207749,2018-04-15,330.13,1,RS,4,computers_accessories,1
589eac637e68da58add10ee5e6710bac,2018-01-12,795.9499999999999,3,SP,1,computers_accessories,1
027042c68ea5fac4428694e17ac50538,2017-12-12,42.69,1,RJ,1,electronics,0
cd2079cf74c5ccc03fd848508b776152,2018-02-06,42.77,1,SP,1,computers_accessories,0
65c103df35abbe57462ae508a41fe3a3,2018-07-03,139.1,1,SP,1,computers_accessories,0
294910a301fb69b5ed0b34e8cd946088,2017-10-16,120.06,1,PA,1,electronics,0
bfea0767c18bf1f63b7f334b42309ecb,2017-03-21,547.98,1,RS,1,electronics,1
6368194f43f0df34f328862f0e48ca56,2017-10-07,37.37,1,CE,1,computers_accessories,0
b4b74b67e8e09c1539e6f838e5eb8fa4,2018-02-05,190.62,2,MG,1,computers_accessories,1
98aee9cbf5501420f76b8a290491f272,2017-05-10,186.6,2,SP,3,computers_accessories,0
1bf68d6f3bd856a3f205fdd8767fad08,2017-11-29,34.05,1,AM,1,electronics,0
598d30ad864328c4254a68e141f9b67f,2017-09-21,42.69,1,RJ,1,electronics,0
b14efd202148432e14a98e3a78e4e7de,2017-06-06,30.75,1,SP,1,computers_accessories,0
a23c7a7d06f1f8e9f6e45f934c7e106b,2017-05-22,245.94,6,SP,1,computers_accessories,1
4535637569cc3bf476edc02f8f9f1f8a,2017-12-19,20.03,1,SP,1,electronics,0
121752685a1a4cf853bb87fb3b98f3af,2017-04-14,315.26,1,SP,4,computers_accessories,1
f6020d7ed890e28795ef0bca882cfdf1,2017-02-28,40.74,1,RN,1,computers_accessories,0
7d593cfb475e1e80058d84bbba5aef55,2017-11-26,269.22,1,RJ,1,computers_accessories,1
b15c7e972c74684414fb2e659fce916a,2017-05-10,3666.42,3,SC,1,computers_accessories,1
9353617a6ed6c70e06f34d0adfe8e4b2,2018-05-17,87.32000000000001,1,SP,1,computers_accessories,0
6fb6e809fba02aa50058be7a0e3ad532,2018-03-07,198.74,1,RJ,10,electronics,1
9dcb0d9383ad58ac986c6c8fe850be7b,2017-10-16,541.42,2,SP,1,computers_accessories,1
0724cc371750e7fdfe769d2a8bdd5b92,2018-01-19,184.95,1,SP,4,computers_accessories,0
bedbd4ec33763c46cc1043d118e96c27,2018-02-09,49.58,1,SP,1,electronics,0
125f791fad1cb7d8545189f70f1be885,2018-04-24,87.10000000000001,1,MT,1,computers_accessories,0
474a5a5d176b5d84afe62cdfa7d69dd9,2017-05-22,1035.03,1,GO,10,computers_accessories,1
a8d0bb7e040a27e689f81ab278d3cb89,2017-05-13,103.28,1,AL,1,computers_accessories,0
001b76dd48a5b1eee3e87778daa40df8,2018-03-26,95.0,1,SP,3,computers_accessories,0
421af404edc91438b69dd2fa20a9f40b,2017-11-24,86.83000000000001,1,RJ,1,electronics,0
008c3a655c66f4d92370d0d422732f69,2018-03-04,99.44,1,SP,1,computers_accessories,0
0a082979e13de340740a9883be061fcf,2017-11-19,187.53,1,RJ,2,computers_accessories,0
fb73306df41afb7ed9222b25f9ebdfb4,2018-08-07,83.75999999999999,1,MG,1,computers_accessories,0
73deceb3150fdc9ade84ac49e7bbcb85,2017-05-04,95.22,1,SC,1,electronics,0
eec3e31d916bb57832b96272c5c5ca9e,2018-05-04,199.31,1,PR,2,computers_accessories,1
f0318f87816b50576e594e45121332b6,2018-04-07,365.67999999999995,4,SP,1,computers_accessories,1
dd38c566a34ff9deb93ff05d7bd6d0aa,2018-05-01,42.38,1,SP,3,computers_accessories,0
fa630bc4aa5f6aa35485ddc68bb56edb,2018-08-22,299.18,1,SP,1,computers_accessories,1
24c087010167127767add9f02f8b2019,2018-03-19,87.05,1,SP,1,computers_accessories,0
a9eee8decd3e1383ae72091607768f03,2018-07-21,142.27,1,RJ,1,computers_accessories,0
ad366003d331bb0eaa77c1efc5570657,2018-01-17,93.28,1,RS,1,electronics,0
1d08b0ef8f21fe7710ecb1e433e25c0f,2017-08-11,33.75,1,SP,1,computers_accessories,0
8f9b22316e1f46393055fe217699461a,2017-07-23,46.0,1,RJ,4,computers_accessories,0
43d8b54629756a38a418dfef248957c2,2018-05-01,40.129999999999995,1,MG,1,electronics,0
b0dd307838694a75cf71bf19c41a98cb,2017-07-26,50.09,1,RJ,1,computers_accessories,0
3c7f51d2d4719b8f3b5af55c167b2fb4,2018-05-18,38.129999999999995,1,SC,1,electronics,0
468c8b5d4cee2be214b52f9602980779,2017-05-09,270.0,6,MG,1,computers_accessories,1
00b4c651133c06fb175123a492f1cac3,2018-08-17,173.49,1,DF,2,computers_accessories,0
c1b677b6a491c2855ba8486d1f5343b9,2018-05-19,62.22,1,RJ,1,computers_accessories,0
3462b9aa946649acaf4dbd05d3d61269,2017-04-28,172.49,1,BA,6,computers_accessories,0
26e3e6e840c4d0af240749313bc6a508,2018-02-05,149.7,1,SP,2,computers_accessories,0
3740acc7e5399d9f0dcce30f5a8fbcfd,2018-01-18,41.36,2,SP,1,electronics,0
a9c12c3dbd383763a49141b30627fd5d,2018-02-27,203.1,6,SC,2,computers_accessories,1
1814d90928d9d47d2d43a4154827d649,2018-03-28,90.38,1,RS,1,computers_accessories,0
ea5a4621227b0158f41da12e948e6267,2018-01-11,19.330000000000002,1,SP,1,electronics,0
aeec431748740b82048a6041aaa69c5d,2018-03-09,20.29,1,SP,1,electronics,0
04093e1c2379ed67d202eb2914ded68f,2018-05-04,112.62,1,SP,6,computers_accessories,0
d9544a5262bc4ab34c701c37a69635c2,2017-07-30,56.0,1,PR,1,computers_accessories,0
fdcf099f6b0c76b932c7edea455576d8,2017-09-25,64.24,1,SP,1,electronics,0
48251a875839d15f52e7dcb61e93628a,2018-01-20,102.56,1,SP,1,computers_accessories,0
a2a0c616802ddf184bbf68107f4a9827,2018-03-05,118.48,1,MG,1,electronics,0
b86ec88f5bffbf1f61fb5daed332e355,2018-01-24,60.72,1,SP,1,tablets_printing_image,0
16e9aa07e3c0747d339a73bf9c1d275d,2018-04-17,68.08,2,PE,1,electronics,0
0d336209744bc116bc1a7accb463c189,2018-04-18,208.01,1,BA,4,computers_accessories,1
a47209f5c19200ebf7bb28427db5fc1a,2018-04-18,138.74,1,GO,6,computers_accessories,0
f5c948dcc066017d10fd2dd3d01cea6d,2017-02-11,63.65,1,SP,3,computers_accessories,0
535f87c5f4a6b1a5201afdeb0103b2ab,2017-07-06,54.0,1,SP,1,computers_accessories,0
70623d7ff2e126f3688dba1042ec9531,2017-10-23,1471.51,1,RJ,8,computers,1
e0e210a3f0dfc7642e0cbda856590eb3,2018-05-28,73.44,1,SP,1,computers_accessories,0
968131aa1cc12c6946df81b57984c6e0,2018-02-22,95.50999999999999,1,SP,1,computers_accessories,0
c65f69d345be67d95161dfce89c2c1a1,2018-04-10,193.81,1,MG,1,computers_accessories,1
3bef345f66e6215315fa59acd680c863,2018-07-04,175.3,1,SP,1,computers_accessories,0
c43931df9ddd31404539f4382479fae4,2017-11-27,155.73,1,MG,1,computers_accessories,0
d2bc00da63cd350e641ae8a80b029316,2017-08-02,64.1,1,PR,1,computers_accessories,0
a92bb0beb3fd226d50671cf17587f289,2018-07-26,134.34,6,SP,1,computers_accessories,0
080353b05fa842120b49deabe1613a37,2017-07-03,217.82,2,PE,10,electronics,1
2a8c1802fe3f40cb8c4d6c1c8f0834c1,2018-02-18,39.089999999999996,1,RJ,3,computers_accessories,0
c785f1a060411564862b6a4d755f3de8,2018-02-25,170.16,2,SP,2,computers_accessories,0
c576db01bdb6a7351250ecee8e7606b7,2018-01-05,26.35,1,RJ,1,electronics,0
ce63c9b68df2841a944a62de0cd1bc0c,2018-02-13,80.51,1,SP,2,computers_accessories,0
15775cbae05fe929de188870848e4129,2018-05-10,71.85,1,SP,6,computers_accessories,0
d45182d981794b5e86d5f433ed2d6e71,2018-03-21,30.22,1,RJ,1,electronics,0
e7b01e38e214dfdeaa5c9c98f911a7e4,2018-02-07,177.49,1,MG,10,computers_accessories,0
a8a52afd408a3023bafcd9ed3c0d2e15,2017-08-30,1338.51,1,SP,1,computers,1
96690f8fbafc0eae928f18e8a344c31e,2018-04-18,200.36,1,SC,1,computers_accessories,1
0c9b19430ea3cf0e01b6686df953ad6d,2017-06-14,230.2,1,SP,1,computers_accessories,1
60402252b419752cfe565a2a99f9cb55,2017-12-27,33.45,1,AL,1,electronics,0
4eaf46d0d0e2afdb37847eaaed37d71a,2017-09-07,139.13,1,RS,1,computers_accessories,0
61b1a17bdd024a92f00d79097599f221,2018-06-16,117.88,1,RS,1,computers_accessories,0
af56eb60e55129d75938b66adc629d24,2018-02-05,95.3,1,RJ,1,computers_accessories,0
b3c763d35ce46cf0a205b217814323ee,2018-08-02,268.86,1,SE,10,computers_accessories,1
0bfd90889de46373db5089b3bb941135,2018-06-05,29.88,1,SP,1,computers_accessories,0
02624f7cd7272b3e027320023dbdc99b,2017-10-10,48.69,1,SC,1,computers_accessories,0
e3411277abc85c0051b5e9a9f7e6d0cd,2018-03-15,42.37,1,SP,1,electronics,0
1571408d523ba0bd850d9621252be53a,2017-07-06,447.09000000000003,3,AM,10,computers_accessories,1
fae7474cb4e9db46851ec394af4a04b8,2017-11-17,343.35,1,PE,1,computers_accessories,1
cccb57e7a01fe8d245ce2027974b455e,2017-11-21,979.42,1,RJ,4,computers_accessories,1
86955b2db2cfd164e4ba01d2f63d0906,2018-05-01,41.89,1,SP,2,computers_accessories,0
eafd5b12290f8412e02469ad8a4b0a8b,2018-02-10,21.43,1,SP,1,electronics,0
8fa15cb7c33ccdab600d84fac69635de,2018-04-18,138.74,1,MS,1,computers_accessories,0
3c0b55362db9e4d58bc57e08f27bc7f7,2018-05-24,34.03,1,PE,3,electronics,0
1cfc85fa3b31428092f247f88bc965a8,2018-02-26,127.21000000000001,1,RJ,2,computers_accessories,0
695c3388d5a2f10415110b5c099fa4f6,2017-06-01,54.0,1,SP,5,computers_accessories,0
28389b71d3f42441624656e3b733ca4e,2018-07-19,260.49,1,PA,1,computers_accessories,1
429f1a5343ef9fc8d6b142273c6d14d2,2018-04-29,38.95,1,RJ,1,electronics,0
3e23457628bb06cc3328814e58a4f889,2018-01-30,99.53999999999999,1,SP,4,computers_accessories,0
f0e979c2286c3db7279cfed49cf8f6f4,2017-08-11,202.87,1,SP,1,computers_accessories,1
336b67804498fdd240af35e1aa0fd4ff,2017-11-27,119.30000000000001,1,MG,1,computers_accessories,0
06ba8c77c2419a72756b5660b04e3188,2018-08-14,231.88,1,MA,1,computers_accessories,1
ab23407c84b934f452124bc5b5453123,2017-11-28,97.78999999999999,1,RJ,3,computers_accessories,0
b75458db61f87d5711fd6296f2a0ad94,2018-03-20,31.130000000000003,1,ES,1,electronics,0
343289ff41523c04e591262e4af6a288,2018-06-25,113.29,1,GO,1,electronics,0
29fbef181a9fb4263222cb6a7cc9938d,2017-11-25,32.42,1,SP,1,electronics,0
3ff16951afc463cf89f6a5baa0de8ca5,2017-12-11,67.14,1,PB,1,computers_accessories,0
9e12ce8b0cbceeb026699832e5eb6a82,2018-04-12,142.7,1,MG,2,computers_accessories,0
6bae400cefd788e2156ed4bfa090a986,2018-01-12,185.07,3,SP,2,computers_accessories,0
1376e45f46b5feb758e020fd9cc7608f,2018-07-23,108.63000000000001,1,RS,6,electronics,0
96c36d3faf307d34e6087d144458450f,2018-01-02,36.69,1,MG,1,electronics,0
007c7cb12ef3567531307ca78d395758,2018-02-20,195.0,1,GO,2,electronics,1
7515c1d8cfed88ade550c3fb589598f0,2018-05-17,61.12,2,BA,1,computers_accessories,0
4c643df416c8fdc4033716fa0c058c81,2017-12-10,57.5,1,SP,1,computers_accessories,0
b3fc7c7b9879880f51caa2db7de52834,2018-02-23,34.0,1,RJ,3,computers_accessories,0
4e574601fa03ae371593a005d9cc7a32,2018-02-28,126.33,1,RJ,1,computers_accessories,0
d1872a759d4c1e5437aa708d64ff592c,2017-08-02,44.379999999999995,1,MG,2,computers_accessories,0
86bf271e1a69a73159db69b6b820d8e2,2018-01-30,152.1,1,MG,1,computers_accessories,0
e7541d63acc69eb0bffae073a401b6ea,2018-06-07,20.75,1,SP,1,computers_accessories,0
24914fccbca3abf70528903ab2af4bf8,2018-06-20,314.82000000000005,3,RS,4,computers_accessories,1
a735bad6e096fa8051a92301a1543c6c,2018-08-22,45.5,1,RJ,1,electronics,0
eb8f06a1cad454e1dd8dbb24de86a779,2018-06-06,65.38,1,SP,3,computers_accessories,0
92c3a5b09e48e84587b55b833b901d81,2017-06-19,47.69,1,PR,1,computers_accessories,0
ba874dd7cf834e16c5bbf9c2c1b4eee7,2018-02-21,51.09,1,MS,1,computers_accessories,0
43f65aac05e035a88e4479f89cf12ea5,2018-07-25,151.05,1,SP,1,computers_accessories,0
03c83b31dbc387f83f1b5579b53182fb,2018-01-06,672.41,1,MG,1,computers,1
989cebf7c9ca6ad7ceb7afe72d6e823a,2017-12-12,40.85,1,SP,1,electronics,0
d8094f20356ae7f08b20de937ea31041,2018-02-23,84.83,1,SP,2,computers_accessories,0
0a2820ea58a627b97ba956f38567cae8,2018-08-02,63.89,1,SP,1,computers_accessories,0
045339fcba21e00a00a822ca77f55c0c,2017-02-23,78.47,1,RS,1,computers_accessories,0
a63aa46986e22405b645515c2234cfb6,2017-05-16,49.05,1,PE,2,computers_accessories,0
2a3841214d240e56b99cea5d97c48a5a,2018-01-07,27.75,1,RS,1,electronics,0
95b518c08a9d26012920ffdd7d6dfc1f,2017-11-28,1036.83,1,SP,10,computers_accessories,1
3a8d1da60e589d438a1517f54f3e5f9e,2018-01-14,93.98,1,BA,9,electronics,0
e4b86afb67e591d71050d108a2672dbb,2017-09-20,75.85,1,SP,1,computers_accessories,0
dd860e84c8713ccc97a6a06c693db178,2018-02-15,82.75999999999999,1,SP,1,computers_accessories,0
80d272bb80e9d81f0868fae8f7848081,2017-11-25,931.8,4,AL,10,computers_accessories,1
15add89e9936fc74006c8ece812ddbdb,2018-01-19,27.169999999999998,1,PR,1,electronics,0
3cc3880ee6731dbeea8ec3d2d9f5b24a,2018-08-09,84.56,1,SP,4,computers_accessories,0
13ccf8b8e58a45adbc06ffb651474fdf,2018-04-22,32.379999999999995,1,SP,1,electronics,0
fb7bdd2f11b840e2a9897418aba45fa3,2018-02-10,81.51,1,PR,1,computers_accessories,0
996763a377a7e96ea28f02058d1e1883,2018-08-11,436.98,2,DF,10,computers_accessories,1
66eb7d660558e315f693ce906b85e261,2018-08-10,38.739999999999995,1,SP,1,electronics,0
89754646c3e0baa367bbe02974056098,2017-08-15,51.85,1,MG,1,electronics,0
242bc9216a7d8514ba8d435a96d63c3d,2018-05-18,127.69,1,SP,1,electronics,0
6385ad73102c7c147e1d5c294fbef8ef,2018-02-21,38.8,1,MG,1,electronics,0
14b3ab242ab978f908ac651dcae21b8f,2018-01-02,36.0,1,RJ,1,electronics,0
5a3483866ae86e48df2c0da23f2684f2,2017-08-29,1137.11,1,SP,6,computers,1
b90228d9050d13c266a67be0e92ccd00,2018-08-03,32.82,1,SP,1,electronics,0
028558cddca332b40b4ac4cb77407edf,2017-06-26,2784.16,1,TO,10,computers_accessories,1
5491f75f7889a6ff2d12c698c19791c5,2017-08-28,171.84,2,GO,2,computers_accessories,0
d1d422dc16b191028b0d2eb2a06b9668,2017-10-03,64.0,1,RJ,1,computers_accessories,0
e7924c9e5666d9e9e2a9196bd1527870,2017-11-30,28.75,1,RJ,1,electronics,0
e6be529ac8d87744b406d4e03a8fe2be,2018-03-23,85.62,1,SP,1,computers_accessories,0
b89637ecd51070eb364f10bd952c2a79,2017-12-04,107.10000000000001,1,RJ,3,computers_accessories,0
7aa4279cc25c67bbcf033b0ffa8e5587,2018-08-15,127.03999999999999,1,SP,1,computers_accessories,0
50d36900e2abb216027b96c46c79015b,2018-03-05,80.61,1,SP,1,computers_accessories,0
dde654bf358fcf4943f36337457adaec,2017-02-18,35.01,1,SP,1,computers_accessories,0
39dafb020b5e77c237041b88569db7b0,2018-03-31,138.22,1,MG,1,computers_accessories,0
76606b013751ab0fc648e671d8bbf16c,2018-04-29,17.39,1,SP,1,electronics,0
7052e36ae417756ec2f9d6239f311d8d,2017-07-25,117.93,1,SP,1,computers_accessories,0
dffe39ab35d34d2dc19f4969b4db43e1,2018-08-20,114.78999999999999,1,MG,1,computers_accessories,0
ee74d6d02ebb3a2ec7b9038dbb0748e8,2017-08-08,62.28,1,RN,5,computers_accessories,0
358d037d8ffae310476a0d1f3566dfb8,2017-02-23,42.68,1,BA,1,computers_accessories,0
8f705decc6b7168523d676183f61b950,2018-05-13,35.19,1,SP,1,electronics,0
e9592428987296ef5360c23a102ef91e,2018-01-22,179.84,1,SP,1,computers_accessories,0
89c0fa1e0faaf0980311b9a1fbd5bb4e,2017-12-26,86.15,1,RJ,1,computers_accessories,0
de3574da763e9c4950cfc27933332396,2018-06-04,75.14,1,SP,1,computers_accessories,0
1184f47611befe5e28db021be60171c7,2017-11-25,27.75,1,PR,1,electronics,0
1db135327d0fc7840c151b4ea5d5a21a,2017-10-17,362.48,2,SC,1,computers_accessories,1
5ed2e5fe2d054f1c4ee480ecc657f995,2017-11-17,46.0,1,SP,1,computers_accessories,0
36815333081d25c7dcb347185e93d073,2018-07-27,1210.62,1,SP,10,computers_accessories,1
f760916b8d3de2f236dc4c6f103b5a19,2018-01-16,35.0,1,SP,1,electronics,0
1f31fc163d36ff823c54a14e947b5bc8,2017-08-19,114.13,1,SP,2,computers_accessories,0
b5c266ddb80e22c5857e6c88e559afd0,2017-11-28,27.75,1,RS,1,electronics,0
dd9da3d7a26689e951d0153988f8fb2c,2018-02-04,106.21000000000001,1,MG,1,computers_accessories,0
5039f5a43f5ff6b05bce59d10fba8cbf,2018-07-20,171.16,2,RS,1,computers_accessories,0
0dd8c916a4beb8512a85d15c9ba4c82c,2017-05-17,172.35,1,MG,3,electronics,0
8ecf04501b91702b0c93522081cea66a,2018-05-28,112.62,1,SP,1,computers_accessories,0
a9f3eefeba2b707e39dfc81dea76cb3a,2018-05-09,224.07,1,MA,5,computers_accessories,1
da7e814c079cfdd00249b4127a6581e9,2017-05-28,45.0,1,RS,4,computers_accessories,0
51942abe49111ec0fb49141d451793df,2018-02-09,37.089999999999996,1,MG,1,computers_accessories,0
88b59e460a4c71c9cb07132bc7546161,2017-08-21,40.53,1,ES,4,electronics,0
2d636a17cd38ca705cd5221ea22861f6,2018-03-14,31.130000000000003,1,ES,1,electronics,0
fe16cd489dc12547d392b20401886aa1,2018-06-29,183.02,2,SP,1,computers_accessories,0
c50e38fc8b688b01c6a4109a6e075977,2017-11-12,325.47,1,AM,5,computers_accessories,1
9b41711934b43494976d4412d62deb1a,2018-05-22,55.22,1,RJ,1,computers_accessories,0
7df5b9c1787d425d92ce5b4dacc70c34,2017-10-22,54.1,1,RJ,1,computers_accessories,0
00a1e977cf6e672402963940db55d919,2018-07-25,32.64,1,DF,1,electronics,0
d23d2182819dd427049cf791f8b3f622,2017-05-11,37.1,1,PR,1,computers_accessories,0
9ba5f335615c19f72ea3979596379dec,2017-12-10,60.1,1,MG,1,computers_accessories,0
55e6c58fec03654f425a4d47cf4631eb,2017-04-22,101.28999999999999,1,SP,2,computers_accessories,0
62d4317f23a821e49febfee95a41b0d5,2018-08-13,88.49000000000001,1,SP,8,computers_accessories,0
91260d5d88d51354a02afecbec80995a,2018-03-13,26.439999999999998,1,SP,1,electronics,0
e46cadf63ee53cca6065ae0affdd1d83,2018-03-23,75.45,1,SP,1,computers_accessories,0
cfa852b36d4337ce761694088ba477d8,2018-04-24,171.0,1,MG,1,computers_accessories,0
07166782eef2ad2a57e415ec606fa7c3,2018-05-06,27.38,1,SP,1,computers_accessories,0
c0e4c3df961ce7e499b939145554c4a5,2018-04-08,33.28,1,SP,1,computers_accessories,0
75b807e20fa82b17f1c29a7e140e88a3,2018-05-04,313.53,1,MG,1,computers_accessories,1
c11daae957ee4447f2aa894fcdf28cac,2017-12-09,28.75,1,MG,1,electronics,0
9e22fa092a2a1bb489823e54d3b48309,2017-09-01,196.52,1,RJ,2,computers_accessories,1
56d1fb4a6598e5323822ae47a4d14c9d,2018-03-03,32.089999999999996,1,RJ,1,computers_accessories,0
c623027b13d1646c30164b5b7017489f,2017-02-23,68.84,1,ES,1,computers_accessories,0
a8a08e0fd728b330f66a352aa4c9a1cd,2017-11-30,160.76,1,SP,2,computers_accessories,0
8800d14eb6eb6031624538ca8750b921,2017-07-04,125.42,1,RJ,6,computers_accessories,0
e1cef1d9d9cdf18eb3f06c9ac41e3b50,2018-07-31,107.30000000000001,1,ES,1,computers_accessories,0
9520c99fe31b7946785fe4f7c693aa86,2018-01-25,175.32,1,PA,1,computers_accessories,0
357fd478aabae20e8548661577688175,2018-05-17,301.0,1,SP,1,computers_accessories,1
e5fa00efafb88eb508afaa778eae8a6a,2017-09-10,277.02,1,PE,4,computers_accessories,1
0bfa8870838091fe8171ed69f6b89fee,2018-08-22,64.86,2,SP,1,computers_accessories,0
f7f52d7843e579d62167f8afb3d1d946,2018-06-11,46.54,1,PE,1,electronics,0
6203b82391cd0a3daf1c4dbe763a318f,2017-06-23,122.21000000000001,1,RS,4,computers_accessories,0
b357c263e1f33cd68e28110443a2d2ea,2018-07-17,133.68,1,SP,1,computers_accessories,0
0de906f0c72deaf1a1d5f7c23ded9f35,2018-03-20,113.14,1,SP,2,computers_accessories,0
4089dcf1cbb89bc02b04c143c7dab499,2018-04-30,636.46,1,MA,2,computers_accessories,1
3aae1e931f771197ec742671ee429dc9,2017-03-20,60.010000000000005,1,MG,1,electronics,0
eaa6e85721460c83524a1269a2113037,2017-08-21,283.62,1,RS,1,computers_accessories,1
50ae3a5a52b4ff79495a2abff4490590,2017-08-11,84.05,1,SE,4,computers_accessories,0
c0a44fead1bf940766c68e73c9224dd2,2017-07-24,34.0,1,ES,1,computers_accessories,0
9293a0b9f66eb89c45d984173b2f3999,2018-02-16,243.11,2,MG,1,computers_accessories,1
93b055de61a2d8f6fb20ae3a2ca073f5,2017-11-29,189.25,1,SP,2,computers_accessories,0
9c6dd0d5cafca153761250014cfbc320,2018-01-01,115.35000000000001,1,MG,1,electronics,0
36ff0e6c1dc200e440f805f289b4be74,2017-09-24,53.05,1,SE,5,computers_accessories,0
e831082804ec0bbebbef04e8b2d8a525,2018-02-26,60.2,2,ES,1,electronics,0
3735a11cbccd8916dbc9ccf5f671cc2c,2017-08-27,190.99,2,MG,5,tablets_printing_image,1
245ab579b02d5d10ea1183942b060d54,2018-02-07,61.620000000000005,1,CE,1,computers_accessories,0
b68b074f1ab9121ef83da7fcc026534a,2017-08-16,162.76,4,RJ,2,computers_accessories,0
995f4fdaa0eeb0d3c4ac475f47a8c271,2018-03-25,254.01,1,CE,1,electronics,1
dcd784b797429055d929d908ce30791f,2018-07-31,88.29,1,MG,1,computers_accessories,0
78b7aeae3630346231847e749bfd8a18,2018-02-18,142.31,1,SP,5,computers_accessories,0
a8cd914a60edbb07a811044be6a618cd,2017-12-17,112.94,1,MA,2,computers_accessories,0
01d0f6cd01d79574621a56a1b9e21019,2017-09-23,34.69,1,RJ,1,electronics,0
a4b12a5480ac753d0a0c8e81341b92c1,2018-05-15,95.34,1,RS,1,computers_accessories,0
c079346814755dff5a0ae3d455a117c1,2018-02-05,37.75,1,SP,1,computers_accessories,0
9655f9162b885f0660988e6c9d35e0f2,2017-12-02,122.80000000000001,1,SP,1,computers_accessories,0
a0bd30e5d025046a3a4bc67e02ca6a3a,2018-03-20,33.37,1,PR,1,electronics,0
e352772318715f95a959d998f92158af,2017-07-12,53.09,1,RJ,1,electronics,0
09e04558408bf0fe846b66132dc5d64a,2018-02-23,95.50999999999999,1,SP,1,computers_accessories,0
1261388c490047bbb0ea823f9b75cc29,2018-05-22,121.62,1,PE,2,computers_accessories,0
db79668a5504403f129b4cf78d3b03c0,2017-05-09,62.28,1,PB,6,computers_accessories,0
ca5d34455321c329173e1c6c3fcff7f9,2017-09-09,24.73,1,SP,1,computers_accessories,0
0787c233e9c027ebb134e0339cdc1ef2,2017-08-20,92.59,1,SP,3,computers_accessories,0
90d4fd66e34f42131ae8035b8c32a862,2018-04-14,33.22,1,RJ,1,electronics,0
5ef8f0f9c9d95604cd61fd97ab176835,2017-10-24,726.84,4,RJ,1,computers_accessories,1
341703185940265471b257c17af4790d,2018-04-09,148.69,1,SP,2,computers_accessories,0
105d2c02e20607f6e3bd0a219efed4cd,2017-05-18,103.37,1,SP,2,computers_accessories,0
37d2697fe30cc343532f58cde9161454,2018-07-22,68.44,1,RJ,1,electronics,0
495f52185fa8f606de522839d428f3c9,2018-08-01,79.93,1,SP,1,computers_accessories,0
6b6c8c20c473b8fced5eedb045396331,2018-04-04,92.83,1,SP,1,computers_accessories,0
e2f6cc7f7084110fd5473cfdae918307,2018-04-24,76.65,1,SP,7,computers_accessories,0
01786fff06f2f7e8a83950c4b3b424ea,2017-12-16,69.24,1,SP,2,computers_accessories,0
fd5791a2d231273227d16fbc9fc196f4,2018-02-27,71.92,1,SP,2,computers_accessories,0
887496af5da0e19170d08c069e8e98d0,2018-05-18,108.5,1,RJ,1,computers_accessories,0
df08d513a0f8e2fd9822effae92d84ca,2018-06-22,225.12,1,SP,3,computers_accessories,1
0c5d85fbd4b20a1d9d5fc6a29e739f36,2017-01-25,50.8,1,BA,1,computers_accessories,0
fdd5e4264311601ee93658c23d3a79be,2018-07-18,127.78,2,SP,1,computers_accessories,0
8a0fb3426be7ed94d14c6b72cb5b5774,2018-06-15,115.65,1,SP,1,electronics,0
666361dc35f61cd6ac10ec287d682b88,2018-05-01,32.69,1,SP,1,computers_accessories,0
7c08af2aea8bd8a8fccabe5b004650b7,2017-06-10,46.0,1,SP,1,computers_accessories,0
04c35d9b971c2df38635b6c4a1983c35,2017-07-25,725.4300000000001,1,PR,1,computers_accessories,1
08a9de4f4b0ea83738478f16caae7bea,2018-02-20,177.49,1,RJ,2,computers_accessories,0
8d4249f9c4a5ab7d9977eb143455ecc5,2018-03-27,162.82999999999998,1,MG,2,computers_accessories,0
105b2c7913d00cfa89da319a1d8a9f12,2017-11-09,204.75,1,SC,1,computers_accessories,1
e9c638926bb5ae1721803a4947acd5dc,2017-07-06,415.02,1,RJ,5,electronics,1
5d3f222240daf1828555fdd6fe03acc7,2018-04-03,144.78,1,SP,1,computers_accessories,0
5b50a37bcb60ebf07ba7013df48b11c4,2017-08-21,31.38,1,SP,1,electronics,0
3181b28c176033ffaf02f2dc62b1db89,2018-03-14,37.699999999999996,1,SP,1,computers_accessories,0
32b34a1a1642bd401996260030618dfb,2018-05-02,33.22,1,RJ,1,electronics,0
56e7d463a96db09e951999dd6e74f136,2018-07-22,68.44,1,MG,1,electronics,0
c7e5f8183f0f4c7cc783a31e32679e8b,2018-08-10,88.49000000000001,1,RS,1,computers_accessories,0
333d224f4b2d2604e6cfd777af5270d2,2018-02-01,27.75,1,SC,1,electronics,0
261033841f1c6e15f180ad43e885d845,2018-06-18,41.97,1,RJ,1,electronics,0
ac21bec6ae437954a28c4db16dd5737f,2018-08-09,518.59,1,SP,10,computers_accessories,1
71a18f4279fdaf6704d2edbe33065085,2018-02-20,85.82000000000001,1,MG,1,computers_accessories,0
43cc99c0d748acfca2d0fdc297b3c719,2018-01-08,71.84,1,SP,1,computers_accessories,0
8fe52b8ac07dd5b6ce34a7b5da28c758,2018-01-31,21.48,1,SP,1,electronics,0
dee33d9b548acb609e8b6eb6f540f4b3,2017-08-14,32.1,1,RJ,3,electronics,0
9edbcf5056f3301b0fcaf1dfe914873c,2017-12-21,205.54,1,SP,10,computers_accessories,1
48eb2e811b9e45fe519111b4d98a65af,2017-08-22,30.0,1,RS,1,electronics,0
24e6692466ddf26a9ae73fe5929f46db,2017-12-20,86.1,2,SE,1,electronics,0
2f5c5719818df4d83050dd5174ca0288,2017-04-17,63.510000000000005,1,RJ,3,electronics,0
0cfb04a3e59f3ce319891d208135885b,2017-03-04,215.86,1,RJ,2,computers_accessories,1
1cfe8d413eeb99641193432e99568f61,2018-08-19,299.18,1,SP,4,computers_accessories,1
ea244f8057c5a9f042e1bd9c70a7895d,2018-01-22,97.62,1,SP,1,computers_accessories,0
cf543c73693f031709ec6defb524241e,2018-01-21,41.0,1,RS,1,electronics,0
f8bbef6f308acd23949b5560c282ede9,2017-07-11,46.0,1,SP,2,computers_accessories,0
14adaa967c795bb74d70ae4eafad8d3c,2017-11-14,55.0,1,PR,1,electronics,0
fe8557bac7755475950823aa9b15ebb3,2018-05-12,87.32000000000001,1,SP,1,computers_accessories,0
58a5f1cd9fe00f55e59bce96cdaf8c91,2018-07-23,228.28,1,PR,3,electronics,1
cf0d7785ec55eefbe15fed83be6655c6,2017-08-23,336.2,2,SP,4,computers_accessories,1
415029216b664ca8671c17b0be718a0e,2018-06-21,163.44,2,SP,1,computers_accessories,0
3c13ca3111b1b5f67cc6bae982e812d2,2018-06-10,55.53,1,SC,1,electronics,0
ac5e42e77576b755d49cc3bb5db277d9,2017-12-26,100.16,1,RS,1,computers_accessories,0
cee7c304d30da21674177c8c988774c9,2017-12-15,201.99,1,DF,1,electronics,1
0681ba84087325819dc1f41d4f79701d,2018-03-26,31.880000000000003,1,SC,1,electronics,0
0bca8e07f15636c260b1f794be423ad9,2017-04-25,89.7,1,PR,8,computers_accessories,0
60c04fb9105a3236a696e2d75685daf8,2017-05-28,46.0,1,SP,1,computers_accessories,0
f5646e8203a36be7abc9ebb188926c39,2018-07-06,96.88,1,SP,1,electronics,0
4c20d86993fc699419a84cbd9ffab181,2017-09-25,45.0,1,SP,1,electronics,0
cc0c321766d42077807443aa4d74608c,2018-03-16,90.38,1,RS,1,computers_accessories,0
840fba0867d6686cd4a428f76d01f97e,2017-10-10,234.29,1,SC,6,computers_accessories,1
b50045898b1f2d9c7c9b68f8902e1d45,2018-06-29,33.230000000000004,1,RJ,1,electronics,0
31b0200a12c9808aa855b6ac26959825,2017-11-29,115.44999999999999,1,SP,1,computers_accessories,0
f81bd34ec4dd1f36d89fe966cf87c4d7,2018-08-02,46.33,1,SP,1,computers_accessories,0
fb63c86c3eaed472fe50559f4b9bcb4e,2018-04-09,21.04,1,SP,1,electronics,0
4d5ca668f7379152280cad9804224092,2018-03-01,186.27,1,SP,3,computers_accessories,0
f42bc77d6937968056c0a86060664c72,2018-03-04,100.75,1,SP,1,computers_accessories,0
e56dc70751e30dd4008c762ed6be2bce,2018-02-05,173.27,1,SP,2,computers_accessories,0
4da457afd715a9eade1b7b5a2fcc2d9c,2018-01-17,113.71,1,SP,1,computers_accessories,0
62d1fe3b4b56a1fdd8b36c6337feb134,2017-07-20,200.64000000000001,1,SP,3,computers_accessories,1
83b2d648943450c9ec62dea697e60c4d,2017-10-09,207.27,1,MT,1,computers_accessories,1
99766ab732ba619f1f3af1c3dde129de,2017-09-14,257.79,1,SP,5,computers_accessories,1
3d3b7c4f5d2e07cd4015a956e164a9bc,2017-06-19,205.19,1,BA,1,computers_accessories,1
641a6b3010ebd6619b68befb30b05092,2017-07-13,48.69,1,BA,1,computers_accessories,0
0b252b879dbab76b4730df79aeb1778f,2018-02-11,33.4,1,MA,3,electronics,0
309d9fa2b3c76ea52c4ab89132f38adb,2018-05-17,107.46000000000001,1,SP,5,computers_accessories,0
8e920dc25b190dc9f5633f36649d3aca,2017-09-26,26.68,1,SP,1,computers_accessories,0
48c7312fc36fbae321c1d9b49803304b,2017-07-11,47.69,1,BA,1,computers_accessories,0
ac7be03875c6dcaf9cbe029dceeaf54c,2017-08-14,31.79,1,BA,3,computers_accessories,0
f296152f7123f2d4455e82df8835f5a2,2018-08-21,783.48,1,ES,5,computers,1
b34d8ec665f905d3c7583b291f54b605,2017-01-29,44.9,1,PR,1,computers_accessories,0
8e3d51628005e70bce8a2fc5d9c34564,2017-04-30,65.4,1,AL,1,computers_accessories,0
262a22b18b8c7773c9ce2e3665db8c44,2017-04-13,40.86,1,SP,1,computers_accessories,0
b534f5b64db31c82a5aadfbaa0855e5b,2017-10-30,71.84,1,SP,4,computers_accessories,0
0ce50541293dbe475fde11c04962e953,2018-02-07,35.68,1,RJ,1,electronics,0
d0ba905881285a45bc5a1b6bd5c6f079,2017-07-26,29.27,1,SP,1,computers_accessories,0
b68aee1125f73ebb79b5283c7498650f,2017-07-05,101.77,1,PA,5,computers_accessories,0
3e209a35ca9fb429434e538d9a015df5,2018-02-11,114.41999999999999,1,PR,1,computers_accessories,0
689c69f5d10d806b64b4b89bf4a7e5e1,2017-11-21,41.0,1,RS,1,electronics,0
9f0d28d789448f7e4e59abe0af2b1eaf,2018-05-14,185.8,2,SP,3,computers_accessories,0
831f3205c78da9d0b68f53e483eb3e08,2017-05-26,68.83,1,SP,1,computers_accessories,0
52e1b92cb6de5f5bca72b3d73f59d193,2017-11-30,149.88,1,PR,2,computers_accessories,0
082d9e610509b115a17045c97c207811,2018-06-08,947.72,4,RJ,1,computers_accessories,1
43a111fcb003d002a300aa191914d51d,2017-05-14,212.12,1,ES,5,computers_accessories,1
21f09ddab3452c7541fdd8b251645918,2018-03-16,81.12,1,BA,4,computers_accessories,0
6b8fb85c27e8d90db257311f74b7c6e7,2017-03-20,199.41,1,SP,2,computers_accessories,1
d199e989bbb5f7b410c1a717d589499e,2018-07-30,87.82999999999998,2,SP,1,electronics,0
2e87d5b27ba52796b2b5250002426561,2018-06-10,54.129999999999995,1,SP,5,computers_accessories,0
f371dc0b3fbb3fad54484f71ccbd0cc6,2018-02-14,57.269999999999996,1,SP,1,electronics,0
f6b63a36cd2dd4fd184e6da3f911a4de,2017-01-18,35.42,1,ES,1,computers_accessories,0
60d9639e8367addbb73c0c57bc29153e,2018-04-18,128.19,1,SP,2,computers_accessories,0
47718199d2ca56a38ae8cfccc158c692,2018-01-30,33.75,1,SP,1,electronics,0
3785ffb02b0b201a23df7daf357c271d,2017-10-03,54.93,1,SP,1,computers_accessories,0
a29bd6557706ccbbd2ef759fd491a67e,2017-03-10,153.8,1,RJ,1,computers_accessories,0
71865a55cb13d1685ed2ea7db1cb24d6,2017-10-26,58.09,1,MS,1,computers_accessories,0
7f57cfd0b88f36f8d013446482df54ff,2017-09-16,45.0,1,MG,4,computers_accessories,0
56a97868cb13e5f9af3e4d72256ffa54,2017-08-02,159.42000000000002,1,RJ,1,computers_accessories,0
519b26d18bc4a42eaac1841acd217baa,2017-09-08,44.239999999999995,1,SP,1,computers_accessories,0
b17efd627b5a3689ab418e47f824cc3f,2018-01-15,98.27000000000001,1,PR,1,computers_accessories,0
08733fad8b29896d4920d381cd3f7cf1,2018-01-20,70.14,1,MA,1,computers_accessories,0
8b0b0bb16bfbee0b827837e8d27e4a35,2017-07-06,159.86,1,SP,9,electronics,0
46c43fa21f04b08b446b2bd3e06ae1a8,2018-08-07,237.91,1,PE,7,electronics,1
1439b7c45e6b3497e1d86582382ec326,2018-02-27,165.70000000000002,1,SP,1,computers_accessories,0
904d13263877e8067f0847021823f1cd,2018-05-09,60.22,1,MG,1,computers_accessories,0
a9083ea133304692d6ef21706d3a7df6,2017-04-23,173.25,1,RJ,1,computers_accessories,0
aa8fbcba6234f71007978fb6204f0c56,2017-06-17,387.8,2,ES,10,computers_accessories,1
9ea90710803e4139de8c55d6d4f9accb,2018-05-15,415.0,5,MG,4,electronics,1
2660126af4e803af991f7e254f69563b,2017-10-22,97.67,1,SP,3,computers_accessories,0
91d0935ba0d6f6300d7f5af5f2eb05ce,2018-01-06,35.0,1,SC,3,electronics,0
0e889057c46617878ff0aa3431936d7c,2017-11-15,72.66,1,SP,1,electronics,0
bb2683bb3a0698a14f77b5f8f3749a04,2017-11-24,50.62,1,SP,2,computers_accessories,0
fe0f1672afc3d22359c77f44d5c1e5b1,2018-03-12,38.129999999999995,1,RS,1,electronics,0
ef2960fc071e710c211bfd7d7de5ca8e,2018-08-20,74.72999999999999,1,MG,1,computers_accessories,0
d55d7b1f89a06d58b4ee58e148dcbe4c,2017-12-05,50.62,1,SP,1,computers_accessories,0
5ca272bd8784e32d2442848efe0f8c87,2017-10-08,74.16,1,SP,7,computers_accessories,0
e3b7896b6e5a82264c8e99a140843793,2017-02-12,35.01,1,RJ,3,computers_accessories,0
cdfb5ee8cbd9cea7cf9cb8db9bf94eff,2017-03-18,34.86,1,MG,1,computers_accessories,0
c063af469224d02e7e9bcb0b1e46583c,2017-11-25,87.98,1,PE,1,computers_accessories,0
eece85052fc6375fadd08a9369558119,2017-08-13,85.24,1,GO,3,computers_accessories,0
ac8a4565529310518da7406ddf01f8e8,2017-08-31,38.01,1,RS,1,computers_accessories,0
d648e16f2e2cac38e91f384853b90e39,2018-03-23,19.64,1,SP,1,electronics,0
40bf8d4d61d22711253ecc21d0a2e442,2017-03-06,133.98,2,RJ,10,computers_accessories,0
2d61f270bc350937faeb8bdcbe4cd192,2018-01-30,27.0,1,RJ,1,electronics,0
766e7d95f42217e02fa7c85a8c97a862,2018-08-02,58.18,1,PA,1,computers_accessories,0
009742b43f4530bc3db7f62332c50f4b,2017-10-24,146.18,1,SP,1,computers_accessories,0
fcb5deccd553af305b15fb061d320647,2017-05-21,44.53,1,ES,1,electronics,0
45ea2b89437b64de2c57f6651d35f451,2018-08-16,40.17,1,RJ,1,computers_accessories,0
1bb50def8a9e13b440ff996070fda0e9,2017-06-08,218.55,1,SP,2,computers_accessories,1
0231a1f06afc507072e11f93fa6e736b,2018-05-08,118.23,1,BA,10,electronics,0
a0718048b8aff866bc9372ef2e3c961e,2018-03-08,171.0,1,RJ,1,computers_accessories,0
ea11e787b7c89e4884a0fa8fb65be3fb,2017-11-09,23.6,1,SC,1,electronics,0
505cb622926ab5187cf06b104414215a,2017-11-18,91.28999999999999,1,PR,1,computers_accessories,0
af0035821f5e16644b287cbe0f6a92a9,2018-02-21,97.72,1,SP,1,computers_accessories,0
e05824bce3b3c69a0632e8e75b1a7e9f,2018-03-10,28.880000000000003,1,RJ,1,electronics,0
bd1a75149b4f3c4c2810386211835917,2017-11-30,44.379999999999995,1,MG,4,computers_accessories,0
953b30be6cd0f69c4339736550b2dc1c,2018-04-24,48.129999999999995,1,SC,1,electronics,0
fbfa10bf164dfe834823b4a02cd0ae1c,2017-12-22,173.84,1,MG,8,computers_accessories,0
94e9d4fb987019517b0aac56db0ae735,2017-12-01,65.24,1,MG,1,computers_accessories,0
24257d104a3908bfd7b8bc9f6e1a2039,2017-08-03,33.69,1,RJ,1,electronics,0
095a4047965f98a409258e1db6c99e79,2018-08-07,164.63,1,RJ,12,computers_accessories,0
2928aa9673f513fc88b34511dcc6e005,2018-01-29,104.86999999999999,1,RJ,1,computers_accessories,0
7f56220583170a9a779f55e555e7e986,2017-09-06,51.0,1,MG,5,tablets_printing_image,0
09bfed54145e573d48e1685dcf11fb6c,2018-04-16,117.38,1,RJ,1,computers_accessories,0
68b702d14874f15452c6b09eefe17ed2,2018-08-08,193.02,1,MS,1,computers_accessories,1
bc2b2f5f5aad2762906c62abe09d5677,2017-09-19,114.13,1,SP,1,computers_accessories,0
86d0ef425e0811afd544b52543fb4152,2017-11-23,193.57,1,RJ,4,computers_accessories,1
c534d23a6f5c3e0eb5aca558915d4a81,2018-02-01,102.66000000000001,1,SP,1,computers_accessories,0
b4cf18f6e47d64387501e0dc77b1ac82,2017-11-29,53.05,1,GO,1,electronics,0
f4f6d2dc1682493a4359683682ab4a33,2018-04-30,30.71,1,BA,1,electronics,0
becde0f445f588a3118a3c12bf1bef9a,2018-05-04,36.05,1,AL,1,electronics,0
b2d12a4a4d83760c773b813c1c6b335c,2017-05-14,47.629999999999995,1,PE,1,electronics,0
106ff3ba3e84e22713bf2a10c582fd94,2018-04-08,827.32,1,BA,10,computers,1
fb87fe28380004e9d6ddcc862b23a82b,2018-02-08,196.01,1,SC,1,computers_accessories,1
110bb98db579131adc6f4d8bbd97c673,2018-06-17,39.28,2,SP,1,electronics,0
828b618008ee0b34f4648124668023f0,2018-02-01,189.37,1,RJ,1,computers_accessories,1
7a94606a015a9feffa3b4ac23e84d132,2018-01-31,32.379999999999995,1,SP,1,electronics,0
10b2031a821c35b0cf0c9ff505eaa456,2018-02-02,213.55,1,RJ,1,electronics,1
be19acb358fd31051b54dc45f59bb7b9,2018-01-29,27.75,1,RJ,1,electronics,0
47af3c45ff89024653aa5c3cd617077e,2018-08-24,31.79,1,SP,1,computers_accessories,0
c1f995d5d345022dea94f7fba75dbe1d,2018-01-14,21.43,1,SP,1,electronics,0
c11d8a6bf50d7ce1fc92fd3844526e25,2018-08-09,93.12,3,CE,1,electronics,0
67bbaca0d189dd5afb9a0511101da605,2018-03-19,92.10000000000001,1,MS,1,computers_accessories,0
ee70dab07b713b99c8f8dbe78738d0b6,2017-12-08,31.38,1,SP,1,electronics,0
2192c6f4e9ece5c4e0091fd7f4dc4456,2018-07-26,603.52,1,SP,3,computers_accessories,1
fc18f2b39a405a27ba3597b24a5828b0,2018-03-04,27.169999999999998,1,SP,1,computers_accessories,0
264c045399fb02e9f309f715c2e5f3d5,2017-03-22,102.12,3,SP,1,computers_accessories,0
90bceae1ce643ca4e7d4ba5639925f90,2018-03-14,109.21000000000001,1,SP,1,electronics,0
c412ea96a1bc4eb7f1a96cd61bbdc6b0,2018-05-14,158.92000000000002,1,RN,1,computers_accessories,0
a4ddd6b5c527bd3652847b3003b89cad,2017-08-25,277.12,1,SP,2,computers_accessories,1
7140f1766a80ed09f082a42b25dfe173,2018-05-09,47.94,1,RS,1,computers_accessories,0
26e66858735be44e0f1875beba05fa56,2017-08-24,54.09,1,RS,1,computers_accessories,0
a5903a529b9519a24ef2252f50a19cbe,2018-06-02,30.22,1,ES,1,electronics,0
260799d8b7f9539cd4cd5a5e513a281d,2018-03-18,29.29,1,SP,1,electronics,0
cfc1cc329b18565c0bdb4aa77d042c93,2018-04-17,81.5,1,SP,1,computers_accessories,0
eb28ab50f433eaa5e736e420098ab5bb,2017-10-24,46.800000000000004,1,SP,1,computers_accessories,0
b0328b109f45385c8736506194da39a0,2018-01-22,185.84,1,SC,2,computers_accessories,0
f34699737a8024355fb671195506a38e,2018-01-26,114.84,1,MG,5,electronics,0
87cf2adfb8afa786cac2d49bab89d389,2018-02-14,87.55000000000001,1,SP,1,computers_accessories,0
14f1fe61fec0f60c84af122793ddf0f9,2018-06-12,254.25,1,SP,8,electronics,1
4464462d945bc41b8b7cc74d04722969,2018-01-22,97.62,1,SP,1,computers_accessories,0
a6550e6c4d9f43e105efa45bec3bc70c,2017-12-12,99.34,1,SP,6,computers_accessories,0
da48ff98ca6bec2aa39f5cce1db9f04b,2018-01-10,44.0,1,RJ,1,computers_accessories,0
4455bffefa49b2524e0291440b78b02d,2018-07-22,43.17,1,RS,1,electronics,0
d90bb9bb62261c6f02505180307b479b,2018-03-19,26.439999999999998,1,SP,1,electronics,0
c9a956d415a86a5a0c354e2032b4e502,2017-10-16,237.61,1,CE,1,electronics,1
2e212e37333cf24f1acef20a298f38c6,2018-05-02,205.29000000000002,1,PA,2,computers_accessories,1
6f160d3d9d471193fdc5aa47198ce815,2018-07-30,204.4,1,RS,7,electronics,1
1d0288c49db00e00965c4d82d464f61e,2018-04-02,32.37,1,SP,1,electronics,0
1c7b6d63329bdc850ffdb1a9ad6d6ded,2018-04-13,81.77000000000001,1,PR,3,computers_accessories,0
264a3a8f5e888009fe47b3b3230db4fe,2017-11-19,102.66000000000001,1,SP,1,computers_accessories,0
0e6fbe6b74c3fbd8ae67a714d0960334,2018-02-14,99.92,1,MG,1,computers_accessories,0
1c6f522187684a43d8e63af5fa10ef9d,2017-07-04,167.82,2,GO,10,computers_accessories,0
27b01bbc397d9282e115008e0d914f2c,2017-02-01,55.989999999999995,1,PA,1,computers_accessories,0
63c97617b533cbeb9d57b0f1e8d88adb,2017-04-18,113.0,2,RN,1,computers_accessories,0
c1ca4dea0d87cd383f5790fa7a5bd78f,2018-07-16,34.129999999999995,1,PR,3,electronics,0
43c0f811c247046c30643b3c1f3c3e69,2017-12-05,113.53,2,MT,4,computers_accessories,0
445aaad4cce346818af0ce07050bf4fa,2017-11-13,107.99999999999999,3,SC,10,electronics,0
752b8f7e6ea0235e3f33865ae8c854d8,2018-04-17,89.91,1,SP,1,computers_accessories,0
42d0d6be3900c1f50190096f216695b1,2018-01-04,240.13,2,SP,1,computers_accessories,1
061c97a9bd7911f9d2031e1b820c344f,2017-04-21,315.26,1,SP,3,computers_accessories,1
1d0ec3f28fc4f0dfe429d70f0f2acf7f,2018-08-18,95.64999999999999,1,DF,1,computers_accessories,0
698c554458e6b44e6f2f1450583c2547,2017-05-25,827.1899999999999,1,RJ,1,computers_accessories,1
9c95771a972dea113414d2b2bf6431fd,2017-11-19,36.0,1,PR,1,electronics,0
7401e9523d2377080c54f7ac11967b95,2018-01-08,154.36,2,MG,1,computers_accessories,0
e6af93ea6ff2947b8760af3dc581f50b,2018-05-12,87.14,1,RJ,8,electronics,0
048e6e4623dbf118c43e0f5572016faa,2017-12-31,657.63,1,PB,4,computers,1
24d1d9f9bceae1483424740db703985f,2018-05-01,152.4,1,MA,2,computers_accessories,0
6fc3f47545243b7a6829e48871d2f8f9,2017-04-04,102.59,1,RJ,1,computers_accessories,0
536a2dbf28ababa5342b510c8f923472,2018-08-14,199.26,1,SP,2,computers_accessories,1
e36821475008c5656ee16e2433f91133,2017-11-27,107.76,1,BA,10,electronics,0
7e1090f3947562c4ac55c5ec2387ec9c,2018-04-12,287.3,1,MG,1,computers_accessories,1
2936486c289152580e86cde8051de57c,2017-12-29,25.1,1,SC,1,electronics,0
737ecd48032c3cedf3facac4baf28bf3,2018-03-12,64.5,1,PI,1,electronics,0
52409ab9ace8f52a885e05a9204b8aec,2018-06-04,157.66,1,RJ,2,computers_accessories,0
ca843d205ec288c96c0133bc678c44e8,2017-11-10,56.660000000000004,1,RJ,1,computers_accessories,0
7d8e703e70fd43aad80bd4b5d6a7b14d,2018-08-18,79.50999999999999,1,PR,1,computers_accessories,0
cdca52aa619c8e59bd64701d54571cc0,2017-09-04,1351.41,1,SP,1,computers,1
4dcfdc517f6df36a4704bfb8e33688d7,2017-12-27,27.75,1,PR,1,electronics,0
ff23c2ed75e1dd692c237538513b27a6,2018-04-09,111.53,1,SP,1,computers_accessories,0
a19d79983ace7b3b6785db9f7284eb7c,2017-08-02,49.589999999999996,1,SP,3,computers_accessories,0
05885929f901bfe4490878f068b7da8c,2018-02-22,102.66000000000001,1,SP,1,computers_accessories,0
343c609ca3ddf3294e1e2d54ce6d9a76,2018-01-20,61.69,1,SP,1,computers_accessories,0
f45e1a0f364b364c89d9a6d53a48deb3,2018-03-19,152.76,1,MG,1,computers_accessories,0
d8548c48e1580222bda2c86c47ce10cd,2017-08-31,35.0,1,SP,1,electronics,0
6c8d9c889ff58afb2ced2fdf22588b6e,2017-11-30,57.5,1,SP,1,computers_accessories,0
31cb68b9dd0585b7d33d7c6d63df94df,2018-03-25,21.939999999999998,1,SP,1,electronics,0
f190884813097fe74073188f97302e98,2018-03-09,89.88,3,BA,1,electronics,0
16335761ea48f493e1fb30770e982a36,2018-04-05,77.31,1,MG,1,computers_accessories,0
c038a5b29abf034f262370c75f739875,2018-03-05,173.27,1,SP,3,computers_accessories,0
9b05dfd13ccb8d6f602035dfafa632fc,2017-06-12,77.23,1,SP,1,electronics,0
11fa0235decc84fa20b516ab7eec74ec,2018-01-14,122.13,1,SP,1,computers_accessories,0
117db2f85d3f438fa92b5e9cb579e7a9,2018-07-03,217.32,1,RS,3,computers_accessories,1
568fa72ae30274dd2ab9ed7d0a0ec19c,2018-03-12,38.95,1,SP,1,electronics,0
d08a79ed250412c79cc17a81c4abcf86,2018-04-09,21.04,1,SP,1,electronics,0
18dad78c0f87f4c45ef196daeaa3ffbb,2016-10-05,58.41,1,PR,1,computers_accessories,0
85456fd9a661ca7cf863b778555482c6,2017-06-15,60.09,1,SP,1,computers_accessories,0
5aaecad5e5cba1ebc5ba1d2b22c98d7a,2018-07-13,33.379999999999995,1,SP,1,electronics,0
09e21d9c7aee6884dbb1ac35cf2dfc70,2017-12-22,173.84,1,MG,1,computers_accessories,0
a33539f882610ee1dc18289cc3087217,2018-06-01,32.96,1,BA,3,computers_accessories,0
e5e97ea49a63037149fb40b8d41f87d3,2018-08-06,70.58,1,SP,1,electronics,0
a586da019f92d63ea627fb32eba2b776,2018-04-03,234.5,1,RO,1,computers_accessories,1
d1ec61b50c7780944fab32ad8b873c85,2018-07-15,53.239999999999995,1,SP,1,computers_accessories,0
e1282f31d9a5f43661a251858c894bf3,2018-02-26,254.42000000000002,2,RJ,3,computers_accessories,1
add85850d87ec9b2926443c2310561dc,2018-06-22,55.28,1,SP,1,computers_accessories,0
accd8ec914c1ab328cfbafe6a5339c85,2018-01-25,21.77,1,SP,1,computers_accessories,0
ec451fb3a1ee5782fef4937473a9ffac,2017-11-03,279.7,1,SP,1,computers_accessories,1
15b00f1a7877ceb1dbcfde56e50359f5,2018-01-22,106.87,1,MG,1,computers_accessories,0
7f40788714e03b8dda5b7ced37a77e37,2017-08-01,182.93,1,SP,10,computers_accessories,0
cab587eb398be7856799cbd4f9f57b28,2017-08-05,48.69,1,SC,1,computers_accessories,0
42f1ec56e012e2c2c5b269c7681ff429,2018-01-02,171.85,1,MG,2,computers_accessories,0
f05771c7b5cadd4177b82165484ac8da,2018-07-15,79.22,1,PR,1,electronics,0
99ef62bcac6f07a11339ae8f0f5af291,2018-01-12,41.69,1,SP,1,computers_accessories,0
502b576f4d6a7091842c83677e13013d,2018-06-21,152.62,1,PB,1,computers_accessories,0
e441fe4a9a90a9174dcecd88671cd3c3,2018-06-16,118.6,1,CE,1,computers_accessories,0
7645e46463ccbf2206c966801d5d71b0,2018-04-03,359.96000000000004,2,SC,1,computers_accessories,1
881ea3597cb9e45f7141bdace6d42e60,2017-11-22,257.34000000000003,1,SP,1,computers_accessories,1
8dcd08ba1ddd245791d0fe2a764d7c0c,2018-08-15,39.15,1,PR,1,computers_accessories,0
fb8425454beb1c6cd18683ddb5e5dcfb,2017-07-15,47.6,1,RJ,2,computers_accessories,0
f33bb10a8083242acc69681587de119f,2018-05-28,36.95,1,SP,1,electronics,0
2f530dde74c88c4df00b7767e76f7542,2018-04-02,31.99,1,SP,1,electronics,0
bc6e64a497c7dfd9468e41c742b09c6a,2018-04-30,41.959999999999994,1,RJ,1,electronics,0
27d9d312e04f1893b26836442d680000,2017-07-04,55.0,1,SP,1,computers_accessories,0
e5246a33b7ee0e4b0be573c4406b5ee9,2017-08-06,197.20000000000002,1,RS,10,computers_accessories,1
3ebbf40c93199bd38c2b821855ab1800,2018-01-24,38.26,1,SP,1,computers_accessories,0
ab8d7e03c02e35b89d4eee1dd9ab65ca,2018-01-21,31.38,1,SP,1,electronics,0
1e9bf802b8192eb97af61fd92b586471,2017-03-10,38.68,1,SE,1,computers_accessories,0
f8a6d03ed88e47a216d244f20d4333b4,2018-05-16,148.78,1,SC,1,computers_accessories,0
3b9671a31679fa4544b9b7a1e55ffe4f,2018-01-13,92.28999999999999,1,MG,3,electronics,0
cbe9e2376e5d8de3c057ed58a638403d,2018-07-03,62.42,1,MG,1,computers_accessories,0
460af70fcd26ef464f2c55c1016e087d,2018-03-26,56.04,1,SP,1,computers_accessories,0
6f8b0c86311ec8c9e1558eff54965728,2018-06-11,261.58,1,SP,1,computers_accessories,1
42ba12b4f475fa439830ed994ad57b96,2017-09-08,113.15,1,SP,1,computers_accessories,0
2e95196ae337c5a2956c332bb1fc0a7a,2018-06-26,43.49,1,SP,1,computers_accessories,0
5df7dfc7f38c7633632be959cc9bb879,2018-03-19,66.87,1,SP,1,computers_accessories,0
03f948b381187f1aab320e84e7be949e,2018-01-27,73.16,1,SP,1,computers_accessories,0
3f41f3048b0987af5338a7f006741d2a,2017-10-07,64.24,1,SP,3,electronics,0
e3abb4266cbf84e7c3d00542a488cd32,2018-05-04,126.64,1,MG,8,computers_accessories,0
7621d265cbcc87d4845818b256ac193e,2018-06-03,27.48,1,RJ,1,electronics,0
7244309fd0802a48b22151820d256ce8,2018-03-14,100.44,1,RJ,1,computers_accessories,0
a23316a0b0209f50c13935e4848e6b68,2018-04-22,144.06,1,RS,10,computers_accessories,0
883781be689361196e762b3dbeed6cce,2017-07-18,215.14,1,MG,5,computers_accessories,1
4b9a2fcf7058ab9f5609fc6556941297,2017-03-15,104.38,1,RJ,1,computers_accessories,0
5b8c60dba179499a7eba13bcd9131415,2017-05-13,29.689999999999998,1,MG,2,electronics,0
df421353d656af08ee42d32fe894f484,2018-02-01,471.0,5,SP,8,computers_accessories,1
eb92ca9ec0ad2f752061eeae4cff2f6e,2017-05-03,50.7,1,BA,1,electronics,0
3eb95f6a896852d771ecaa56c4f02349,2018-04-11,313.53,1,SP,1,computers_accessories,1
5ba3cea9dff7fe43cd56516ba1390ea3,2018-02-03,185.47,1,SP,1,computers_accessories,0
728e6e20cca95cec41b3ff149895c6e2,2018-06-03,33.37,1,PR,1,electronics,0
d2b5e8f8cd2c6cbeb72e82d644255b6d,2017-06-13,54.0,1,SP,1,computers_accessories,0
c60c1ff560443153d7f50771e5fe9b92,2018-02-22,116.46000000000001,1,ES,1,computers_accessories,0
bd9224b27d07de203a835041550ad525,2018-08-10,114.49,1,SP,1,computers_accessories,0
b67b036b220e4e3e118d03a1f536d10c,2018-01-12,101.33000000000001,1,GO,1,computers_accessories,0
9d6a4798ca60c057f632bed582e5b0c5,2018-07-01,18.87,1,SP,1,electronics,0
b42efbd88abf3882f91928b08cf74d6f,2017-01-24,113.86,1,RJ,1,computers_accessories,0
5a1c6fbb26d08c5385bc4b9b066f2bca,2018-04-27,30.71,1,BA,1,electronics,0
8d9de4f71359b674f9e16be4c40bf358,2018-06-15,32.7,1,SP,1,computers_accessories,0
8b8eff044126a94388def4b95db32ccf,2018-04-16,219.27,1,SC,1,electronics,1
3e4a2b96719ecae342e5d413e97a1be2,2018-02-27,168.06,2,SP,2,computers_accessories,0
89b55ee54073439836589d42a92ddb33,2018-03-15,77.09,1,PE,1,computers_accessories,0
6bf23bc0b1c629639c42e76d525ea1a0,2017-11-09,47.81,1,RJ,1,computers_accessories,0
587db1c1aa53b800cbf81582f39cc672,2018-01-23,50.78,1,MT,1,computers_accessories,0
2b1313fd0314bab6ab57ffc7725febdb,2018-01-24,27.619999999999997,1,SP,1,electronics,0
79a1e2d3510d26bc14308f2e691a9804,2017-07-21,66.05,1,PB,2,computers_accessories,0
3efd0db4e238cc683c2e6c2bd7944b97,2018-05-10,43.230000000000004,1,GO,4,computers_accessories,0
d2aefa1e404936eb9c5660ac2bde4ecb,2018-04-28,36.5,1,SE,1,electronics,0
2107484004fafd3fa95b3ddefb066aed,2018-01-07,799.94,2,SP,3,computers_accessories,1
e6bb409c7115979984f53a191daf6a1d,2018-08-15,41.99,1,SP,1,electronics,0
718b42497723bf9bed7b3e37380e1a84,2018-01-18,60.37,1,SP,1,computers_accessories,0
13d519be7e5206509a15e017ab923f71,2018-04-25,47.129999999999995,1,DF,1,computers_accessories,0
de120713387a2f5797786ebd0795ef04,2018-01-12,23.4,1,SP,1,electronics,0
65d1a82f9ce69290556d70fc555cba43,2018-04-18,910.2,1,CE,1,computers,1
748d3b50f6f4b32e9998bb62826d4812,2018-01-18,30.189999999999998,1,BA,1,electronics,0
22875ab1b7dadfad36b9181f36a1b8d6,2017-11-24,121.7,2,SP,1,computers_accessories,0
1a5e8ff5b36ddd03ce826651c129a760,2018-08-02,313.94,1,SP,3,computers_accessories,1
d0ad497b0a295331204a39fc13a6f70d,2017-03-09,80.05,1,RJ,1,computers_accessories,0
5780928bf02589330d7318899b32f757,2017-09-15,54.05,1,MG,5,computers_accessories,0
22c8faafaa73e4f93daabfd551279c41,2017-07-29,170.84,1,MG,1,computers_accessories,0
760de0e8fab552d849d1b3055ed21fd5,2018-02-19,32.379999999999995,1,PR,1,electronics,0
ea512642f80b37ce170a8d385d424e3e,2017-08-15,53.33,1,BA,1,computers_accessories,0
fa2f06a4a4f3bb8b8045087e4b3cbd3d,2018-06-05,84.44,1,RJ,1,computers_accessories,0
39ffbfb6ec0947fd9825777cabd10c0b,2018-06-25,30.060000000000002,1,MG,3,computers_accessories,0
a4220c184ed6700f8516552b2cb3c20d,2018-04-22,40.93,1,ES,1,electronics,0
362862be62935fefa3575b0b3b431bad,2018-04-07,173.59,1,SP,2,computers_accessories,0
abc5db459823982b227dde437fa0ef34,2017-05-21,39.239999999999995,1,SP,1,computers_accessories,0
334835dee6d2994b7a4c3a396763520b,2018-01-16,177.49,1,RJ,1,computers_accessories,0
1436cba3294812a22fe0868db7581b68,2017-12-12,36.62,1,PE,1,computers_accessories,0
e92900da13e75122f18f3694fd9e0230,2018-02-20,305.97,1,SC,1,computers_accessories,1
9af75af133e554afc286c77a5684cd6d,2018-01-10,153.13,1,RJ,1,computers_accessories,0
ef3d759ba50b03b99a1f7785496d554c,2018-03-07,37.129999999999995,1,RS,1,computers_accessories,0
67332434603362ce9e1894a63211232f,2018-02-14,249.04,2,SP,1,computers_accessories,1
0e7a11a73554ebd7fa1de70d50b75285,2018-03-30,27.53,1,RJ,1,electronics,0
ab5628545011511727a47e013585705d,2018-07-31,38.36,1,SP,1,computers_accessories,0
5a911c89527605e73569727488b5468d,2018-04-28,120.22,1,RJ,8,electronics,0
248065388c27d5287020c4ff60183298,2018-03-02,88.91,1,SP,1,computers_accessories,0
64f8d43fc9ba9110bc3142d2f7a1f40a,2018-01-10,201.84,1,RJ,1,computers_accessories,1
9f3df5bfd4a69a1bf384e85aba1d0ca7,2018-02-24,356.1,1,RJ,2,computers_accessories,1
9dafdbeb6a7b7240bc32fd6861c42f54,2018-06-07,134.7,1,MG,1,computers_accessories,0
963ed653f00e0f3db85dc163baac579c,2018-05-07,115.25,1,SP,1,electronics,0
61d2a793d75b8f30ad016615afadad8e,2018-04-03,64.38,1,PE,1,computers_accessories,0
f3eb66a4129d33fbc7c1077f39dffe65,2018-06-29,510.22,1,MG,6,computers_accessories,1
37d98f73718806be808b9e73e5d5d93a,2017-11-08,245.35,1,PR,1,computers_accessories,1
c6d8daf7c4eafd635edcb99748cd1049,2018-06-15,30.900000000000002,1,SP,1,electronics,0
2cf8310e7bc2b7b41f5179aab91407cc,2017-05-07,367.2,1,MG,3,computers_accessories,1
d302035b23b53abf7dadc4b6a0b62547,2018-02-16,186.27,1,SP,1,computers_accessories,0
fed6ef6fb04042a3b895df051c11225f,2018-08-04,37.58,1,RJ,1,computers_accessories,0
f7614e634874a2b92d65dda076f0bab5,2018-04-09,115.15,1,SP,2,computers_accessories,0
ceb9b6d878227743fd57f4f50dff13c3,2017-11-29,277.96000000000004,2,AP,2,electronics,1
a96be3f7775bce7abde7918670a3d67d,2018-03-16,113.09,1,MG,1,computers_accessories,0
f5e409c4e093a36f74d9ba76df3b5f19,2017-11-26,61.1,1,GO,1,computers_accessories,0
30c902056ce61a4404a706f9dc06b4bc,2017-02-26,30.96,1,SP,3,computers_accessories,0
018fb228a3dd1a16349e73d2e41b239d,2018-01-13,208.0,1,SP,2,computers_accessories,1
a89e0347b6138ab8ed766aeb2f79c157,2017-03-27,125.97,1,SP,1,computers_accessories,0
7e5755dcda787dcc7269f1698d6372b7,2017-08-08,96.8,1,RJ,3,computers_accessories,0
2365573dec3c55b420a248893b61d168,2018-01-27,20.080000000000002,1,SP,1,electronics,0
2dabb10146331fc98c0322801df870d7,2017-08-24,37.72,1,SP,1,computers_accessories,0
c105be01f21c9df6a2579f59b95cbcd9,2017-09-18,24.73,1,SP,1,computers_accessories,0
7a5dd7d63f46b1aa728444da8066b0d1,2018-01-27,29.09,1,MG,2,computers_accessories,0
cc18507fa6f7e2becd46712b03d1f51c,2018-08-10,85.57,1,SP,1,computers_accessories,0
615cf04f32d0e674e960edda73584d42,2017-09-19,60.629999999999995,1,PE,6,computers_accessories,0
c79d8859e60196e652856a5f2dd27da5,2018-02-01,262.7,1,SP,1,computers_accessories,1
e55650ed198645300501994955043aef,2018-04-24,29.31,1,BA,1,electronics,0
b549db79344ec0935332f80fda6b63e0,2017-02-20,32.96,1,SP,3,computers_accessories,0
367d9f6d184cf1d060d92bdc71810d2e,2018-07-21,533.76,1,PA,3,computers_accessories,1
27da527c266684c5bfb86fc601060406,2017-05-16,113.42,1,RS,1,computers_accessories,0
ccf0360c8b7c2fbfd429c07b9d55b316,2017-09-11,88.56,1,SP,3,computers_accessories,0
8921107bab33ea7cd390f1893ac6d643,2017-11-28,400.47999999999996,2,MG,1,computers_accessories,1
dbf8b46f6dad6cd41ed7e06b5dcbf4d1,2017-04-25,178.55,1,MA,10,tablets_printing_image,0
9cf62f240f501435b77f4d448a2b5f39,2018-02-04,93.1,1,SP,1,computers_accessories,0
781e1ca4fa47961d2d8aaa899b3844a9,2017-12-03,32.23,1,CE,1,electronics,0
2d715895d98aa1a83c1e48b9ce8bfef0,2017-12-20,56.89,1,SP,1,computers_accessories,0
26b4d5acef7d1ea2ca51d3836df08d78,2017-03-11,103.75,1,MT,1,electronics,0
272bcd7b520b3a4628acadb461400675,2017-02-11,29.619999999999997,1,MG,1,computers_accessories,0
8f4af5bc8345e13d9b92eb4d75aec7d1,2017-07-18,782.97,1,RJ,10,electronics,1
39cdc187b130d5b19a832af5443121fa,2018-04-19,38.29,1,SP,1,electronics,0
b9224c19c5ea3ae062a0141931846476,2017-06-20,44.379999999999995,1,MG,1,computers_accessories,0
819f320b449906b797b0b826293665d8,2017-12-02,55.61,1,MG,1,computers_accessories,0
28c3c716d01cc934376d3bebea04da92,2017-10-07,34.0,1,RS,1,electronics,0
f94e0e7c18de77db38fbde857fa75be1,2018-02-11,172.84,1,MG,2,computers_accessories,0
e864c88c30cc7fb46f79e88de8b6397d,2017-12-21,77.6,2,MG,1,electronics,0
e5a82ab3e8fd5f8a2ff5c12f15736659,2017-11-04,46.0,1,SP,3,computers_accessories,0
746e40ac3c01101618e8a7d582b1029a,2017-11-24,47.53,1,PE,1,electronics,0
903db3e1980ea3e0fc2138852af7d3ca,2018-01-02,29.88,1,CE,1,electronics,0
738958f1bd5348249ab7a14f6a9959e3,2017-10-30,60.0,1,SP,1,computers_accessories,0
0c760c32925c8a67562a4621ff46556e,2018-07-07,70.87,1,RJ,1,computers_accessories,0
00ce92d57f4f9a112bdb8a2a283e5f97,2018-01-30,189.37,1,RJ,2,computers_accessories,1
2f1190c795ae566cafa5e988601a84b7,2017-08-31,15.84,1,SP,1,electronics,0
0c3f17e10268e00c6716de19889e2cf0,2017-03-09,38.68,1,SC,1,computers_accessories,0
7d7802f0d69dc1e8aca3e936dee50912,2018-04-09,25.04,1,SP,1,electronics,0
7d666b83ead768ecbc15773ef8ef6c42,2018-08-09,58.28,1,SP,3,computers_accessories,0
9ff74ab0bc3dadafbf2aa0aa674a9850,2017-04-24,32.519999999999996,1,SC,1,computers_accessories,0
562e2ed068c6e2de3e56da6209337375,2017-10-18,235.4,1,SC,1,computers_accessories,1
cf5e18822d6c886902d93a7a709a8950,2017-07-31,24.1,1,MG,2,computers_accessories,0
98090e4030b82dcf1d53e4b3557071ea,2018-03-01,420.62,2,RS,2,computers_accessories,1
b30eea47fa98c4b4712937752378c0e5,2017-04-22,146.32,1,SE,10,computers_accessories,0
b5b967cc29ff5ce57bb11ffd9c2e9101,2018-03-01,45.31,1,MG,1,computers_accessories,0
7989909fb944b3db9b477b3294d25a28,2017-12-27,28.5,1,DF,1,electronics,0
3a4b013e014723cc38c9faa8ffdc6387,2018-04-09,3526.4599999999996,1,SP,8,computers,1
fd553da7e8c2b075f67da11e409e55ca,2018-07-30,90.34,1,SP,1,computers_accessories,0
26e151776de74222baf9cf13a8ef9b74,2017-04-20,219.64,2,SC,10,computers_accessories,1
23922a8d5cf1517d181d87c134bdb162,2017-09-14,232.06,2,RJ,3,computers_accessories,1
fdee82051bea952f280e8f81b6e64f82,2018-03-01,196.01,1,PR,1,computers_accessories,1
8291cbcef6e19c8a7926f95f5e38c6e2,2018-02-16,96.72,1,SP,1,computers_accessories,0
60902f64bb98d5d9911ee0c48ad5008b,2018-04-04,103.06,1,SP,1,computers_accessories,0
e641b9f6a659a79390e82e48859707dd,2018-02-01,177.49,1,MG,1,computers_accessories,0
09b8d47d2f753e1c1ee4da43e4429ff5,2018-07-28,463.71000000000004,1,RJ,1,computers_accessories,1
13029a6f70b0aa74acea8a239d7d1d6f,2017-11-30,63.839999999999996,1,SP,1,computers_accessories,0
6a1b1c85cb88090b0bc406c8a6fd8965,2017-07-28,153.9,1,RS,1,computers_accessories,0
35baa1b2a801b5181147ad7c02723d9d,2018-08-09,567.57,3,PR,2,computers_accessories,1
fde38569846bca72339489200ee42f44,2018-01-09,34.8,1,MA,1,electronics,0
e706765d0ab55ce790c7713ddc4e1ecf,2017-05-01,66.84,2,SC,1,computers_accessories,0
2463eaec66167230ee0c637e3598e2cd,2017-09-03,215.05,1,DF,1,electronics,1
69d838677089d135b38310ff74779901,2017-09-15,154.72,1,PR,2,computers_accessories,0
88c1796abf705db4504c5e18914edfce,2018-03-14,187.76,1,RJ,1,computers_accessories,0
aa797bbf394057d8028348d4197a4005,2018-06-18,38.36,1,SP,1,computers_accessories,0
5a8860de5c94def4edfddc2f88880b2f,2018-05-26,177.22,1,SP,1,computers_accessories,0
86198e40464e410dbb14a4ae8e03ecbc,2018-02-06,48.69,1,PR,1,computers_accessories,0
361db03164887c1d35adf146e89ac533,2018-03-09,175.08,1,SP,1,computers_accessories,0
8b3bda465a61f930742d256916d1d7d9,2018-03-18,97.28999999999999,1,SP,1,computers_accessories,0
84e407da1f6a0299466bfa129b7311c3,2018-02-03,206.93,1,SP,1,electronics,1
ea7221ed75c18585b0558f1df2979bdf,2018-01-28,104.86999999999999,1,RJ,1,computers_accessories,0
9e9dff165f74d5e8c1fb7866d6882a24,2017-11-13,186.34,1,MG,2,computers_accessories,0
6883451a6880e8f0879d89b14f32d543,2018-08-09,40.25,1,SC,1,electronics,0
c3b52dc8daa95457b88d258c2ebd55a0,2018-07-23,25.23,1,SP,1,electronics,0
ef9d153cbc715c909f32f099607e4fc2,2018-05-21,35.78,1,SP,1,electronics,0
8b79176e5b12024a8da1e16cc162689c,2017-10-28,262.09,1,SP,1,computers_accessories,1
693f8bb47e6135ecad76616fa2596a05,2018-08-08,223.53,1,PB,8,electronics,1
d9249bddb2097479f5b0eede146ed02d,2017-09-19,259.6,1,SC,5,computers_accessories,1
f59727f72b472d9e3863e4b4b277e1a9,2018-01-09,100.95,1,RS,1,electronics,0
95431c05f2b32414cf7839de333dc57f,2017-02-01,423.15999999999997,2,SP,1,computers_accessories,1
8f7575919fce15314fd62b9cdea8cba6,2017-05-13,204.45000000000002,1,RJ,1,computers_accessories,1
b5826ef2c747e9cef1800c63d1a113e5,2018-02-06,41.0,1,RS,1,electronics,0
fda140e135ccab872e95fb03e76ba27a,2017-10-03,76.98,1,MG,1,computers_accessories,0
ee7a0f670ec1721759c9ca4217e1d9c9,2018-01-13,23.12,1,SP,1,electronics,0
690b993c5b9c86969f5d763a0f1d5c36,2017-12-13,50.62,1,SP,1,computers_accessories,0
71121a4bc88a3b33f336ced66428974f,2018-02-04,139.0,1,SP,2,computers_accessories,0
7ccc11577ae58791fde9fe83f4c7f106,2017-11-26,161.3,1,RS,2,computers_accessories,0
91663d2b599bc34de8a6c4993c5ffd0b,2018-03-21,76.87,1,PA,7,computers_accessories,0
999e2278889e77fb63971f65efa94ac0,2018-02-05,21.43,1,SP,1,electronics,0
705c73692cee1d4b25042f00e09d7688,2017-07-27,32.85,1,SP,1,computers_accessories,0
89a52f9735ee199f8c4583cd8d77de4c,2017-09-19,57.34,1,SP,1,electronics,0
bfd3c0322478fe031cd53276e6927ac6,2018-06-07,35.78,1,SP,3,electronics,0
f0d367f04ecab8c00411ee7320a5ca77,2018-07-02,183.86,1,MG,1,computers_accessories,0
fbd3f15f34958b4aa4d193afa4a7278b,2018-01-17,22.37,1,SP,1,electronics,0
cdd2f841bc21ca6e8cb60fe51a640bd4,2017-12-09,195.12,1,BA,5,computers_accessories,1
7509453843e932c3120d2e3c8bc4563d,2018-06-13,623.7,5,SE,10,electronics,1
bf2b2acbd8715f4415c2adfd5d9cf772,2018-08-03,145.28,1,RJ,1,computers_accessories,0
6eae3cf9505d45a6663aae819a2252e9,2018-04-03,21.04,1,SP,1,electronics,0
b8c5f369bfaa01d560abf962a460e01a,2018-02-19,100.7,1,DF,1,computers_accessories,0
e40632c1a86bf79342051a1ed16149c3,2018-04-14,27.23,1,RS,1,electronics,0
ab85b219b698a7d569995ee1ea9b76fe,2018-05-14,204.66,1,MG,4,computers_accessories,1
2466042f13331acca52c382e1d3ac6f1,2018-08-20,171.12,1,ES,2,computers_accessories,0
670c84e9a6fd7e747802d559696aa1e5,2018-01-02,32.379999999999995,1,SP,1,electronics,0
d36ad3f4b22bb20d764f83cfe6ab045d,2018-02-27,32.38,1,SP,1,computers_accessories,0
38648b71bc657c2d7c0f96930cee401c,2017-11-24,48.69,1,GO,2,computers_accessories,0
06a63f38cc8f4de325c456f6843c7ff0,2018-03-23,69.25,1,RJ,1,computers_accessories,0
596428e20f127315255e853fb6f851fe,2017-10-01,116.94,1,PR,1,computers_accessories,0
31b855608ca69e4146b737745506f2d5,2017-08-23,765.92,4,RS,10,computers_accessories,1
84db939b1ab9686533e9a06a0354beb6,2018-07-20,142.14000000000001,1,SP,6,computers_accessories,0
2d695e0d0fe5d863c921713fdc1faf7b,2018-03-07,61.33,1,RJ,1,computers_accessories,0
40fdebf7099c66b23f5856729f82a68a,2017-07-12,141.92,1,RS,1,computers_accessories,0
c547c9add673a922b5bf997e06202754,2018-03-07,64.23,1,RJ,1,computers_accessories,0
3dc8ca7de518eae32ebe7dc2dad8ae77,2018-03-06,39.41,1,SP,1,computers_accessories,0
6a93cbb588894c2518200e99a8fc2c2d,2017-05-19,65.0,1,RJ,1,computers_accessories,0
0e8e76ea202279fb49931c948ed20655,2018-02-25,166.9,1,PR,10,computers_accessories,0
ec36cbe1738f8ac4379b1ced0757c583,2018-04-17,90.99,1,SP,1,computers_accessories,0
0ef95a4e8ed73bc72863cca218c4791a,2017-09-01,284.62,1,MG,5,computers_accessories,1
3e35125284d6fd68b3f5db725d146fa6,2017-07-12,217.13,1,SP,1,electronics,1
20d82c386747fe65c4190d75f15c9a6d,2018-03-28,185.66,2,SP,1,computers_accessories,0
e359056f7d7b5f57f57e4d8f61b5659d,2017-09-16,316.76,1,RJ,1,electronics,1
c9fbf88f9c58364e0434971962dc1a53,2018-02-05,105.96000000000001,1,RJ,1,computers_accessories,0
c606769bddf9fb8b9f949b128133c463,2017-06-15,47.69,1,ES,1,computers_accessories,0
ae08a26b052c48419e21581f9f01d47e,2018-01-12,55.620000000000005,1,MG,1,computers_accessories,0
460d57443ffdcaeba240360239747cf7,2017-09-03,34.0,1,RS,1,electronics,0
97b4cc9d2433a4b4f42fe54621738b78,2018-02-25,328.73,1,BA,4,computers_accessories,1
05519ea9a25c6f57bfaa4ce4c372b26c,2017-05-13,357.13,1,ES,7,computers_accessories,1
6cd2700e3e9fc015e3bbe4ee264af57b,2018-02-09,61.69,1,RJ,5,computers_accessories,0
03d08548bb620e09cd4821b96f12a1e6,2018-06-20,32.69,1,PE,1,electronics,0
462f5581ea52a4b865cc8e66f70661a1,2017-09-28,51.379999999999995,1,MG,1,computers_accessories,0
34faef608414c76d996d5d864e3c76f3,2018-04-09,24.79,1,SP,1,electronics,0
397362c54ef533a63d68133a45ecf54f,2018-05-02,114.23,1,SP,1,computers_accessories,0
179de2e682fa3219ba41a728047be96d,2018-06-12,127.43,1,MG,12,electronics,0
b5b51b2363f2372af3e36828b9e25b97,2018-03-30,169.92000000000002,1,PB,2,computers_accessories,0
771a3c809e079dc89392a34a5d797651,2018-06-19,144.99,1,MG,2,computers_accessories,0
753409eb1dc2fceb6dbb2a350a35ffc8,2017-06-05,55.69,1,BA,5,computers_accessories,0
e7591928e884f24aa164ee55fd05d56d,2018-02-24,334.78000000000003,2,RJ,4,computers_accessories,1
8fb9e44943fd93ec9a5eed36cce925c5,2017-11-17,319.98,1,SP,10,computers_accessories,1
71e077cdb8aba5646817189b9aed6b44,2018-02-23,83.17,1,SP,1,computers_accessories,0
192c8364fff4c42bf70f0d9a4525c340,2018-02-03,186.27,1,SP,10,computers_accessories,0
7b34b9075e576d1d26171c4772f70557,2017-11-14,59.17,1,SP,1,computers_accessories,0
9d8a5f2bdee14c918feed8f8cae3cf94,2018-08-08,169.23,1,SP,2,computers_accessories,0
d57afd1eb0696854d3351e5926aa9813,2018-02-20,139.89,1,SP,2,computers_accessories,0
3ae8930ee72af8e7345cc74d9845ead3,2018-01-21,86.83000000000001,1,SP,1,computers_accessories,0
a722dd5ab3a3cf4065a47d75a502fdab,2018-04-02,226.7,2,MG,6,computers_accessories,1
df0558355915aa6d41e3eb7067957978,2018-02-20,28.75,1,PR,1,electronics,0
5659543f2c384877607595dab0690d5d,2018-06-20,155.23000000000002,1,SP,2,computers_accessories,0
ec8dc4f5713960055446535c7102fde9,2017-05-01,160.17000000000002,1,MG,4,computers_accessories,0
e26d15f63813b89371c9a65319cd5ca9,2017-11-27,92.67999999999999,1,MG,2,computers_accessories,0
ef06e7945c6c75f875b06db75ea438cc,2017-10-31,601.9,1,PR,6,computers_accessories,1
f84232f2c6e04020713dcf02f3532f3a,2018-03-13,186.95,1,SC,1,computers_accessories,0
1f42f4d540bb667dcd3bde1a50c9e442,2018-07-13,115.48,1,CE,3,electronics,0
e05832d71fad97ae7744fc444ce72075,2018-03-17,28.29,1,SP,1,electronics,0
75bf0422b7fb2244c7ddb0ee73e8e8a8,2017-04-06,115.43,1,MG,1,computers_accessories,0
e5040a92f4219085e9a7a4b6416512de,2017-12-13,65.0,1,SP,2,computers_accessories,0
8022faf7630a575c5e5c6f0a7da78c21,2017-06-03,47.0,1,SP,1,computers_accessories,0
f3da221e0d9a3dc9fc69c38ebc04e196,2018-02-24,34.839999999999996,1,SP,1,computers_accessories,0
0ac51a16347f7a7497b799596ad5fab7,2017-05-08,115.94,1,PR,1,computers_accessories,0
37b92fc72372e93fa35d07f46b8f2421,2018-05-14,223.51,1,MG,5,electronics,1
8f50ea351cdf971144474e5a4aef9dd4,2017-08-31,38.01,1,MG,3,computers_accessories,0
4f9f24f1dd52ecdf0684a63eaf36c51b,2017-03-28,55.96,1,SP,1,computers_accessories,0
5e32d63948bae10a5a878d024e3e4e37,2018-03-15,21.09,1,SP,1,electronics,0
c64bba38c488c2f4362e11cf93ebbed4,2017-12-14,47.45,1,PI,1,electronics,0
6a4b7874ba286fe298add408d85ffc11,2018-04-04,171.0,1,RJ,1,computers_accessories,0
e739161210dba9b6debb04897d5e7046,2018-01-03,601.9,1,SC,10,computers_accessories,1
e52d6fd1fb812c9f263fd19fddb957d9,2017-12-01,170.76,4,SP,2,computers_accessories,0
763e7d05316c7defbead9bc116208b5f,2017-11-13,37.75,1,SP,1,computers_accessories,0
38e61f4af1178dd0d6d02b1b01085105,2018-01-12,187.96,1,SP,1,computers_accessories,0
16c94c833d565079bc2b35b78a99b3e7,2017-03-21,166.74,1,MG,2,computers_accessories,0
89cc4b3fd3de52a930bc92ab0d876d1c,2017-05-03,25.950000000000003,1,SP,2,electronics,0
2f2f33a69a673fb2559f95de9f14538c,2018-01-02,32.42,1,SP,1,electronics,0
a6338c083da70631fcd9cdb8a9ccac29,2017-08-15,94.3,1,GO,1,computers_accessories,0
b5685de8123bd5d22f75055f38b6cf7e,2017-03-18,47.68,1,GO,3,computers_accessories,0
e8b1491dfcdee1fdc21ca1f8100308f7,2018-03-13,385.36,1,PR,5,computers_accessories,1
cc33143e956d12c68737d2ea49910386,2017-03-22,57.09,1,SP,1,computers_accessories,0
28a32ec11abbac5c27adfa4d8cbc351a,2017-11-26,216.05,1,SP,21,computers_accessories,1
c6f24de5c976bfafc4a340b805c70fe7,2018-02-06,161.85999999999999,1,RJ,1,computers_accessories,0
507f91afedbd57681c60c5d8c447716f,2017-03-15,53.730000000000004,1,SP,5,electronics,0
ba69999c786ff19bdbff341ea39a3b54,2018-03-02,198.28,2,MG,5,computers_accessories,1
2823ed00ae59fbfb1749e613d3888384,2018-02-20,115.34,1,RS,3,computers_accessories,0
768351bcdb7630b77da379eb5a54e9b3,2017-03-11,32.79,1,MT,1,electronics,0
a7761506ea2b30bff4d555a4bb33acc3,2017-10-13,71.85,1,MT,1,electronics,0
2ca72b762bd6252e6d2ffb6188556add,2017-12-14,54.28,1,PI,1,computers_accessories,0
01946da9e2db8bab61d79296c037ee1f,2018-01-06,114.84,1,RJ,5,electronics,0
b57b3958cf9a3e784bef1df23bc9b9fa,2017-11-23,47.69,1,SC,1,computers_accessories,0
b691ffb0177f480a9a5eb8772050bb2d,2018-05-30,55.95,1,SP,1,computers_accessories,0
789ad4169dcd29dce4417a113de1e0a0,2018-02-28,37.8,1,RJ,1,electronics,0
56f4b702b959eee297b018acdb60c380,2018-02-01,91.82,1,SP,8,computers_accessories,0
8726f6a81f4ae5a390e7e638a31e9a21,2018-06-03,25.38,1,SP,2,computers_accessories,0
67b0499c2ebfc14f8d5f507ac029a683,2018-06-15,25.99,1,SP,1,electronics,0
6bd0fc624485f2d1ad4aad6df1569d1a,2018-08-15,428.74,1,PR,1,electronics,1
263b107695b98c10b2f5c6c16c246c3c,2018-06-09,167.01999999999998,1,SP,10,computers_accessories,0
fd9b5a4a4e319a975fc817ff0254cbd4,2018-04-16,93.30000000000001,1,RS,1,computers_accessories,0
bf351cedb18cc34fc1bf14f882156e40,2017-12-03,156.41,1,BA,2,computers_accessories,0
0baa56401ae212e308d73cba2911ae20,2018-03-10,87.22,2,SP,5,computers_accessories,0
9256f7001c89e801855625e05c21537d,2017-11-29,61.0,1,MG,1,computers_accessories,0
72f73037e114c82d0b49a74b4d7532a4,2018-01-05,24.1,1,MG,1,electronics,0
e4dd49ba0611671232dcae9e0dc08206,2017-10-06,88.56,1,SP,1,computers_accessories,0
5ac2c9301491372ab320f5aa4e451ff1,2017-11-05,62.39,1,MS,1,computers_accessories,0
e04d9eacedc0dca9d83c14fcb0d7276c,2017-01-19,96.10000000000001,1,SP,1,computers_accessories,0
4f2fbccefa5c3c7afb05388013cb173b,2018-01-18,42.0,1,SP,1,computers_accessories,0
4c80861e8667ad2c3ec1686683c93ed0,2017-06-09,193.6,1,SP,1,computers_accessories,1
4d53d6e4655f67771de54f3c8d414ce8,2018-06-27,81.78,1,SP,1,computers_accessories,0
e0ac12de8c4f2398d96dd807818adaf8,2018-04-23,136.6,1,DF,1,computers_accessories,0
99056b576413d18b9d5a28061e133dc9,2018-06-14,122.43,1,MG,1,electronics,0
a9fb450008d4a94311a7288937b880e6,2018-02-22,430.75,5,RS,1,computers_accessories,1
d245b7d86b7965f8007179df464f76df,2018-04-24,47.129999999999995,1,SP,2,computers_accessories,0
b0018957adea4b9acded9df77514b844,2018-07-03,155.23000000000002,1,SP,1,computers_accessories,0
cd44196e80474114b859765d62f12ddf,2018-04-15,889.9300000000001,1,SP,9,computers,1
69caec6bf6c49c8f601f8327d8d5a7b0,2018-03-21,117.46000000000001,2,MG,1,computers_accessories,0
dd148019cfd83f2e45f6c5d5a09771a0,2018-08-19,67.68,1,SP,1,computers_accessories,0
b52c5e0a82ec048d983882e4d539394f,2017-08-18,387.32000000000005,2,MG,1,computers_accessories,1
8dc7f5f2024708be4f36e4b1811cdd97,2018-01-22,102.26,1,PR,1,computers_accessories,0
d677832afa9db3b30b1ae12129ef4018,2018-03-02,377.0,2,BA,4,computers_accessories,1
d1a6e1e7cadfe1427229d6a8afc29222,2017-07-05,168.14000000000001,1,DF,7,computers_accessories,0
658276ea9713496f567a799baedc188d,2017-04-20,467.60999999999996,1,MG,6,computers_accessories,1
830d8b3e6875ef6165ffc33219ab4fea,2017-08-13,123.0,1,SC,1,computers_accessories,0
00bcee890eba57a9767c7b5ca12d3a1b,2017-07-22,772.5,4,DF,10,computers_accessories,1
2f81679117775afb1a3ed7a78186eba8,2018-07-08,19.64,1,SP,1,electronics,0
8841394958f24da011b72bf4739047f9,2018-06-12,169.1,1,ES,2,computers_accessories,0
1ecbc003862e0ec743279fdddb78fa0f,2018-03-12,89.91,1,SP,6,computers_accessories,0
99642f7c1549b12bcc0ddc010075030a,2017-11-28,22.37,1,SP,1,electronics,0
14675586d82f55dea6b8b539f427ccad,2018-01-19,30.75,1,SP,1,electronics,0
ec0a8fddc4bad60fdede680f197bfc8a,2018-06-16,213.54,1,DF,6,electronics,1
64a0f964b7b91b348c6cf4d3e2deb256,2018-06-20,171.22,1,MG,1,computers_accessories,0
30a022caf1ba5b86f28124ed216c859f,2018-03-06,261.0,6,ES,1,computers_accessories,1
b58613b6198d11176ee50ef1d433bfbd,2018-07-17,42.19,1,MG,1,electronics,0
a981518e0f2a9067f3129b87bad40285,2018-02-17,54.68,1,RJ,3,computers_accessories,0
5cbab05b634ce976dce3c53ebfad1058,2018-04-15,63.18,1,GO,1,computers_accessories,0
76a6cde2f1431bc0834cad44ad2f472f,2018-02-03,189.37,1,RJ,2,computers_accessories,1
b537ca3494311804a1191ad6a0dddf05,2018-05-28,37.69,1,SP,3,computers_accessories,0
49e4c4907bdae7153ea492e2827fe5ab,2018-08-02,44.17,1,MG,1,computers_accessories,0
f97ce00d14a023fd79a2db6216c031db,2017-02-07,76.07000000000001,1,MS,1,electronics,0
b0238d84c31a9da40adc77dac0a117e8,2017-10-29,47.71,1,SP,1,electronics,0
c2d1ffacb651ff60aad31b4ffdc9ac80,2017-06-23,1214.06,1,RJ,1,computers_accessories,1
3890fcf8a1670d214325e87baaa8c526,2018-06-09,40.94,1,CE,1,electronics,0
ffdc5e3279114c523a09296f8fd28331,2017-02-10,317.79,1,RJ,4,computers_accessories,1
ccfcc7f58cf5619fc40593dffc299a9f,2018-03-26,159.48,1,RJ,1,electronics,0
cfead345fd39589372b7ac0c255c0712,2018-04-12,18.99,1,SP,1,electronics,0
f161d2927f0847f8fd74ebeb8a7b3a80,2017-07-02,100.77000000000001,1,SE,1,electronics,0
ea97a4da26b071abec848a38e4bedea8,2017-12-20,306.78,1,PR,1,computers_accessories,1
ce32a1ef7b8affd937675b5aa005d877,2017-11-24,129.11,1,RJ,1,computers_accessories,0
924d24dd7c6de024d96e25d4812d65bd,2018-07-02,89.38999999999999,1,PE,1,computers_accessories,0
d334b1a2c3f6f0dd083577490b7b6653,2018-02-23,174.88,1,SC,1,computers_accessories,0
c77d22c73940d5b180371f024df0a132,2017-08-15,217.06,1,RS,1,computers_accessories,1
fe73ff32d6e2028f4dcb6afb715e7cf0,2017-10-27,114.45,1,MG,1,computers_accessories,0
c6af04c6a72b5d587a620ad29c41dcad,2017-10-27,1714.02,3,RS,1,computers_accessories,1
f11d659584813daadb19252b9659a670,2018-03-04,57.0,1,MG,1,computers_accessories,0
d4b0a5abcc91e1b1300743ab94ab1fcf,2017-11-12,104.36999999999999,1,SP,1,computers_accessories,0
72aae4d8091260674fd5abd94479abc3,2018-04-02,65.46000000000001,1,CE,1,computers_accessories,0
5ccbf94709ecf3a81efaddeec8a2141f,2018-03-08,256.5,6,PB,1,computers_accessories,1
a1deb5a1e93bdf89bc4e5e00ec3691d6,2018-03-31,189.56,1,SP,2,computers_accessories,1
ab815320404ada153a9d06f166c961dc,2018-05-17,66.85,1,PI,1,electronics,0
914668db9e34e3393a12dae7b3253fb8,2018-02-11,48.11,1,MG,1,computers_accessories,0
ab7a53a8e94cab448240ff654797c44e,2018-08-28,259.81,1,SP,2,computers_accessories,1
1b988e4cc28ec72241d86331f6edb974,2017-09-24,164.17000000000002,1,PR,16,electronics,0
dbf950454e4e2ce02692d5a05aa7a304,2018-01-10,17.68,1,SP,1,electronics,0
7ec740ecb9d6f73b2e80bbc93dd784ca,2018-05-07,127.69,1,SP,1,electronics,0
f6e638ae1f17003aac1cb6dc6a93ba73,2017-11-16,79.88,1,AL,1,computers_accessories,0
e3ef3902f4da2bf727f00602d912d034,2017-09-17,1381.31,1,PE,15,computers,1
82399e6596439c56390d6e5399e382df,2017-05-22,53.72,1,SP,1,computers_accessories,0
5d8b449936e528d0d68ca11c6e42a224,2017-08-26,51.84,1,SP,1,computers_accessories,0
b3e3c2b3031064109b437b0e1dae36d6,2018-05-10,37.129999999999995,1,SC,1,electronics,0
566d9c868488d3e11feef9ec86a29357,2017-08-04,122.17,1,SP,3,computers_accessories,0
3cc8411a4e4c202d794d444154b17835,2017-07-04,21.15,1,SP,1,computers_accessories,0
098e7344bff99946b1a3c2c4357503bf,2017-10-17,31.339999999999996,1,SP,1,computers_accessories,0
7d7f723eeaa656d3a6d504e6342e3d58,2018-07-05,312.95,1,BA,8,computers_accessories,1
c40a16cd4a407b063160e518ca11f9d8,2017-08-19,50.09,1,RS,1,computers_accessories,0
4d59ce1e8ec1c68f4c79068eb19e1edb,2017-12-06,35.01,1,GO,1,computers_accessories,0
a727355acb88d9b3e6e41fb2e3888a0e,2018-07-23,27.299999999999997,1,SP,1,electronics,0
afd221df311d71639bf0ae656fc819f5,2017-08-28,57.1,1,MG,1,computers_accessories,0
55a626863a11ffe3797bc9fcddbf7c38,2017-06-25,30.0,1,SC,1,electronics,0
bde485bef13be8b3bd38071e027e954f,2017-05-10,377.98,1,CE,1,computers_accessories,1
789adcff38193883a280acd712ebe2de,2018-01-26,169.92000000000002,1,SP,2,computers_accessories,0
bdf7cbcf2a174866c15ade0d9a55bf7d,2018-04-04,217.57999999999998,2,SP,1,computers_accessories,1
cff23799a67437f662527dff6056233e,2018-08-01,107.85,1,SP,1,computers_accessories,0
b9b862b71dd3a13f37bbb72f2addc949,2018-07-27,77.21,1,RJ,1,computers_accessories,0
e398c7c31ed330a71788d15ed2fce3c1,2018-01-04,46.0,1,RJ,4,computers_accessories,0
790fb58b26bd95b481d6df9c7a0ea696,2018-03-20,125.55000000000001,1,SC,1,electronics,0
cf61ad2218e5c14397e7c0ba7a6a50f9,2018-08-08,35.14,1,DF,1,computers_accessories,0
f64fc900013bfa7716897f6208c5c126,2018-03-19,388.88,2,SP,1,computers_accessories,1
9abf08c7cd99e4755666520ba9f96f2d,2018-03-23,54.25,1,SP,1,computers_accessories,0
47aa1d8d4f3edcd905a4ec406c3b5ab8,2018-03-28,65.22,1,SC,1,computers_accessories,0
20780a7d28c56e659d58bccb369a0b3d,2017-11-13,46.69,1,SP,1,computers_accessories,0
7e6947a332fa36bbb61f7fc5a92fc988,2018-07-10,35.82,1,MG,2,computers_accessories,0
94be63e1a7ab923288bebfdca7e71e84,2018-01-26,194.12,1,BA,3,computers_accessories,1
5a4fb5816ef33f8e7514eb2719b794ea,2018-01-15,30.93,1,PA,1,electronics,0
2061aae06d3c562205bbb42dc429df37,2018-05-04,305.98,2,SP,2,computers_accessories,1
06b54aee2ec1ca4bd7a460c7d256cce1,2018-04-17,55.53,1,MG,1,electronics,0
02a7c0948e8f36cc17e787f73395de4d,2017-12-14,25.79,1,BA,1,electronics,0
f99f27c6436299deb7afb301de293eba,2018-03-02,186.44,2,MG,1,computers_accessories,0
11642b906362f0d80a1228e1fa45a18e,2018-02-24,75.6,2,RJ,1,electronics,0
c82445412645dc0bd09408f535c2b86d,2017-09-18,97.78999999999999,1,SP,9,electronics,0
ec89f64fa61a8186f474cf0a903fc4fa,2018-02-10,27.75,1,GO,1,electronics,0
9184724aacd6a7da5bcf4c08c2c674a8,2017-05-18,57.53,1,RS,3,computers_accessories,0
ca90add006fd5298fa92071a753eeeae,2017-05-27,116.13,1,BA,5,tablets_printing_image,0
897b5491a20140b265bdfc2fc760e84e,2017-07-16,57.53,1,RJ,1,computers_accessories,0
394706e9971fea983907cd09aa349ed8,2017-12-12,284.90000000000003,1,SP,1,computers_accessories,1
9bccdd3552c2a68af6d166dfd82be6ba,2018-04-21,107.46000000000001,1,SP,1,computers_accessories,0
a389c8dd641e5e3bd97578e44f1ece83,2018-04-23,154.86,1,PR,2,computers_accessories,0
c9532b497ba2f82f14eeb95a2a0288ac,2017-11-29,72.15,1,PE,1,computers_accessories,0
655352dd31829855980e8ba883725b47,2017-06-29,53.05,1,PA,1,computers_accessories,0
9403f186541e5cfa0b72d67be22cb81a,2017-10-23,135.59,1,RS,1,computers_accessories,0
5ba8503668408d9c4b89795726cb7f4e,2018-05-16,98.34,1,SC,2,computers_accessories,0
d2d67eee0f617d4f903febb0279cd805,2018-06-24,139.11,1,SP,1,computers_accessories,0
61fa6d238ae5d2e7063f2df458609c91,2018-06-17,33.22,1,ES,1,electronics,0
3cf732ae03a74a50fc69cbfe6cb978fc,2018-02-28,89.84,1,RJ,1,computers_accessories,0
4256024f988c6c35dce119ea6c84e1d4,2018-03-21,1759.04,1,SP,1,computers_accessories,1
c13d9f344c1cd097c0b6b271a9377862,2018-04-12,81.5,1,SP,4,computers_accessories,0
13bddc208e2f4682972c349499746fd2,2018-03-14,74.36,2,RJ,1,electronics,0
e8ab4523e5661e8945b938ccc4d89553,2018-06-27,88.76,1,SP,1,computers_accessories,0
e23384b25f3ef1f0ff7d8f2b23b01842,2018-01-28,91.58000000000001,1,SP,2,computers_accessories,0
7c2442a9fcc83aece6cfdc4665bba387,2017-03-03,428.02,2,SP,1,computers_accessories,1
e3b1bcfd93628bc74d612d85e00b3f1e,2018-02-03,56.69,1,BA,5,computers_accessories,0
d21873cfa21e689e4dbfd43a99326424,2017-10-24,706.84,4,RJ,1,computers_accessories,1
b785f684c6c23dbfaa4467caac850e82,2017-06-07,83.23,1,RJ,8,computers_accessories,0
43bbf51a29b5a969348978d51a55d72d,2018-01-16,31.38,1,SP,1,electronics,0
fd4109dbc7f1afb126fbcac13ec4f5b8,2018-06-21,332.28,2,SP,3,electronics,1
4d3d69fc5da58b96ec1c571580f89070,2018-07-23,138.97,1,DF,1,computers_accessories,0
4de12ffa449686d58b268a6441afe8a3,2017-08-28,76.98,1,MG,1,computers_accessories,0
8bdc11da2a07e676719db43aee4efe88,2018-02-17,39.839999999999996,1,SP,1,electronics,0
e251afd3ced38d4de3a5ece05d615ef5,2018-01-25,21.43,1,SP,1,electronics,0
0944dd6401b58739dc030557fb149b25,2017-09-14,62.0,1,MG,1,computers_accessories,0
520ea64853a832e3e2fe0ff5d6f44667,2018-08-08,119.80000000000001,1,MG,1,computers_accessories,0
66e5fb8842964acac96f3e4afd13b27d,2018-02-11,117.94,1,SP,1,computers_accessories,0
bf8a5f3ed4349bd5873e69a7bf24afdd,2017-12-01,112.61000000000001,1,SP,1,computers_accessories,0
30cb9807736cf9827533cf34b10969d8,2017-05-09,1698.56,2,BA,1,computers_accessories,1
076203a3df21fb25c8b59f881f2b37c9,2017-07-08,95.21000000000001,1,RJ,2,computers_accessories,0
4b9bd9bf620365bc37e256997c022c5a,2017-06-29,49.05,1,PA,1,computers_accessories,0
4924d4064306a4b2cde5a264e106de11,2018-08-09,205.51,1,SP,2,computers_accessories,1
4c116dfa777ea7f4533820d12c15c6b1,2018-01-11,35.0,1,SP,1,electronics,0
4b8f98e50ffa9c1b021c197d39c58bb2,2017-03-08,205.81,1,BA,3,computers_accessories,1
8298dcc2f7a6cfcc788481bc06d227e0,2017-09-26,117.16,1,TO,8,computers_accessories,0
748f1a8074500891bf8f786ce3b5c02d,2018-02-27,173.3,2,RS,1,computers_accessories,0
475daaf912c5d6077ae695875f9e02dd,2017-09-02,48.69,1,BA,1,computers_accessories,0
4d9974c8797599512e8216eeb315817d,2018-01-10,41.85,1,MG,1,electronics,0
1ee4d0544d11c277367d2df9c25ae406,2018-05-11,69.94,1,SP,1,electronics,0
d5aeb56df77bc1d4b5ff5a069ca1830c,2018-03-24,58.22,1,MG,1,computers_accessories,0
6ae18793b39ea298718417881aca431d,2017-08-10,49.09,1,MG,1,computers_accessories,0
252ccbf5764c53809f99daee8815db09,2018-06-22,28.880000000000003,1,RJ,1,electronics,0
dc9aa7c79b289abf941ccbacf11e3780,2017-09-18,802.65,1,RJ,1,computers_accessories,1
6f7167ff12cbdba10fcff1ad215166b7,2018-04-29,26.83,1,RJ,1,electronics,0
b2e25deb1b41319f3f4fbb2d32926a03,2018-05-01,171.0,1,MG,2,computers_accessories,0
eee612addb28b4837f3a8d9ce54e31f8,2018-04-19,189.56,1,SP,2,computers_accessories,1
83fe87eb0a04cc2e1e9c68129e40f62e,2018-05-21,126.74,1,PR,2,computers_accessories,0
974576701298a1dbca6b9f4845b7b85e,2017-11-29,32.379999999999995,1,SP,1,electronics,0
5cc89a73dc3d040007a3d19cca344432,2018-05-08,168.88,1,BA,1,computers_accessories,0
63e700a4baf3602c94a8d6648e896d41,2017-09-30,1653.6,1,SC,10,computers,1
51c6d2f460589fa7b65f2da51e860206,2017-11-14,199.92000000000002,1,MG,5,electronics,1
913ad8619a18dac3ea5b944b82d289a1,2018-02-15,55.69,1,SC,2,computers_accessories,0
826fc3782b3bbdfea8c82e11ff16fb9e,2018-02-21,62.71,1,SP,1,computers_accessories,0
988a21449c85e5aab93c446596246149,2017-03-09,264.2,5,RO,1,computers_accessories,1
833621749c4fd7a638cdd987685fe2c2,2017-12-06,46.0,1,RJ,1,computers_accessories,0
59cbd87a939d4c38f0716708f496b4f1,2017-09-16,35.69,1,RJ,1,electronics,0
d2a1fe9d4ea3e1e5fa4872a0f03f4168,2018-04-26,96.13000000000001,1,BA,1,computers_accessories,0
a274b226c85e040459bc1e0bc666903a,2018-01-24,44.53,1,ES,1,electronics,0
8f5c0b7943a43043c30c4ed2cc43fda3,2017-07-11,70.17,1,SP,1,computers_accessories,0
030bc9dbf75985f16a84a296363fda3f,2018-02-17,378.74,2,RJ,1,computers_accessories,1
0489818f0b5863c095a7445ee35fd7f2,2018-03-15,104.9,1,ES,10,computers_accessories,0
760e70b6d3136376633a2c6369da1c69,2018-03-23,162.82999999999998,1,MG,1,computers_accessories,0
110f190bf49ab04f3ead4f860570e902,2017-10-03,142.11,1,SP,9,computers_accessories,0
f62d0c0343ded060890ac3b257706521,2018-06-28,169.1,1,PI,2,computers_accessories,0
8a8b616382f617096bdf45e1b3e7e3f5,2017-08-02,721.24,1,SP,10,computers_accessories,1
22354baf9cca9cdfa42fa81c286e9b00,2018-01-17,60.7,1,SP,6,computers_accessories,0
0ef1f17b38b3b07c9de4183721e4f33d,2018-01-05,30.619999999999997,1,SP,1,electronics,0
202fb00e8ae54d41adf6e95a39e6e024,2018-06-28,69.36,1,RS,1,computers_accessories,0
d01e92ec32f1236c8807d60c3f01a4cc,2018-03-20,89.91,1,SP,1,computers_accessories,0
4e93b736e8d687bca088c6ee496437e8,2018-02-17,94.3,1,RS,1,computers_accessories,0
7801e6c26c480c6f6d6b878d20000f89,2018-01-16,34.0,1,SC,1,electronics,0
296dcb26190e9bfc5bb480b367c93840,2018-03-28,90.44,1,MS,1,computers_accessories,0
01ac6cbac1cda667c97d35046b75668f,2017-09-14,21.15,1,SP,2,computers_accessories,0
564e414f20390e6417f5e6c6ad3f095e,2017-12-20,681.42,1,RS,1,computers,1
de423fd9561ac8d0ba956a934922c274,2017-11-16,32.379999999999995,1,PR,1,electronics,0
e4471c01969de94c38f855a80f807490,2018-06-21,84.66,1,RJ,1,computers_accessories,0
b048658d074ad2c4863ea7021ddfe990,2017-11-24,206.93,1,SP,10,electronics,1
173ff4269077b5594182d14a5f7f4978,2017-09-02,265.31,1,SE,2,computers_accessories,1
7b1900e11427a097af75a1ae0932b993,2017-12-11,45.69,1,RJ,1,electronics,0
493698ce56fc7a2737d5cc7984627879,2018-06-08,229.26,1,BA,4,electronics,1
9315e7a2e69ca1a49b3ba3c6e908ba2b,2018-01-25,106.86000000000001,1,BA,1,computers_accessories,0
d56b0809a6666dd3fbadb40902a42b41,2018-08-05,143.82,1,MG,10,computers_accessories,0
13035ade0af633971e01aacc109cfca0,2017-08-22,42.77,1,SP,1,computers_accessories,0
599e2a8d1c0c82f50ac6d898c2efaa94,2017-12-04,305.7,1,RS,1,electronics,1
e12700852c7af5cdea9d85282cf65ef3,2018-04-04,61.19,1,SP,1,computers_accessories,0
f64b83793e14a3c7d580a03a6c7d6168,2018-02-14,49.53,1,RS,3,computers_accessories,0
4c0bf10a3238584fbdeacac0151ff12b,2018-06-07,84.34,1,SP,1,computers_accessories,0
3644344c9ad371ecfc67c6cbeb93531c,2017-09-01,1232.85,1,MA,6,computers,1
4d78958305ae68431ebad3b90317b9d5,2018-02-21,174.88,1,SP,1,computers_accessories,0
2c8e244e1ac6be021c1587d33444bd8a,2018-03-08,66.78,2,SP,1,computers_accessories,0
ecf4a4c673715759b55b3be3a8ea99b2,2018-01-10,105.81,1,SP,1,computers_accessories,0
85ead861d8aad2f8734d85d187a42b7f,2017-12-07,654.41,1,RJ,1,computers,1
b5fc960abab37371da1c03614f4f53f4,2018-04-26,27.88,1,RS,1,electronics,0
b96e1ccfc3162bcd442fccd2074e00c9,2018-03-17,89.91,1,SP,1,computers_accessories,0
a695521c4f87eeb369e371486b6f7f9e,2018-03-29,164.07,1,SP,2,computers_accessories,0
2adb88df15a33d97f2990e59b1745820,2018-06-17,27.48,1,RS,1,electronics,0
9b34787245866523a491f855ebc4e8fe,2018-03-15,340.04,1,PR,4,computers_accessories,1
8f3ad98d076e277ed1beb7bd84e05450,2018-01-17,192.76,1,SP,2,computers_accessories,1
3d3b13a4414d475f80a8fbc1c5afd1df,2018-07-13,61.099999999999994,1,PR,6,computers_accessories,0
665f2994ddf4e79dc7a0dbe27e851e8e,2017-10-23,225.67000000000002,1,DF,1,computers_accessories,1
eaf0add60b176b64a692a1e382addea8,2017-12-18,56.69,1,PR,4,computers_accessories,0
d7c320185a2f9b32f5e2370ff3f8bd64,2017-07-30,19.0,1,PR,1,computers_accessories,0
9908ae99065b70b8df618def52474f12,2018-02-03,177.49,1,MG,3,computers_accessories,0
6a300a67950956af7a9e1fe6e85c92a4,2018-06-05,31.130000000000003,1,MG,1,electronics,0
76ce88e33d4fe9f50ad83539cd8fdb94,2018-07-14,52.25,1,BA,1,computers_accessories,0
f3d907ca2389186613781da85106e282,2017-10-26,62.519999999999996,2,MG,1,computers_accessories,0
52dad0f7bc913b9f6bee5df584adeffb,2018-06-06,86.44,2,SC,3,computers_accessories,0
19b55ae80ab60aabd581aced47f84e7f,2018-01-31,56.79,1,ES,1,computers_accessories,0
c2d00a9eb60169824e8b8cd5b0baf2d1,2017-07-02,100.77000000000001,1,PB,4,electronics,0
6b331bf7ee3fd56657566f64027c8c88,2017-08-23,173.25,1,SP,10,computers_accessories,0
072de9a4bbfba5f480706c24d61d25d2,2018-05-18,133.28,1,SP,1,computers_accessories,0
adb0286228ad54df30059afbf42243ac,2017-04-05,96.2,1,SP,1,electronics,0
1d69f6b3dd0fc384483cfb2560d8a6a4,2017-08-02,32.69,1,SP,1,computers_accessories,0
7b73889e40574f23f35f71c026fb141c,2018-03-31,189.56,1,SP,2,computers_accessories,1
001ab0a7578dd66cd4b0a71f5b6e1e41,2017-12-27,127.56,3,BA,1,electronics,0
b8643ed80a2602a3562b8cb0d6f7a3b1,2017-07-07,27.380000000000003,1,PR,1,electronics,0
50430e1769dcc2c6d4a7db028ed50a81,2017-04-07,35.7,1,MT,1,tablets_printing_image,0
ebb5e749c1cd84b16d8628c9668d7282,2018-01-31,21.43,1,SP,1,electronics,0
fd247854b1d057cbfc280fd673c61933,2017-10-30,176.71,1,RJ,2,computers_accessories,0
f432e55321dd8f944adae5d73f210af4,2017-06-13,145.66,1,RS,5,computers_accessories,0
fbc0e39ffd844ed939344840824834d5,2017-12-04,284.90000000000003,1,SP,3,computers_accessories,1
21f09bf30ca7f813ec079b4774e485ea,2018-01-07,21.43,1,SP,1,electronics,0
bb9086d1b5a79d97fe4d0f981e656336,2018-04-28,123.14999999999999,3,ES,1,electronics,0
34aed6e4313d7573b0d3b459f3a805ea,2017-10-31,1489.47,1,PR,7,computers,1
3055c704b2969a70a3febbdb53e4610e,2018-04-02,189.0,1,MG,1,computers_accessories,0
69499ad287db14f2ca4ccf16a67536b0,2018-06-19,36.89,1,SP,1,computers_accessories,0
e752e06086626026b152f99c6f51fb65,2018-06-28,20.27,1,SP,1,computers_accessories,0
b8472009a4253f5c47392eb3341af63d,2017-02-24,173.29000000000002,1,BA,17,computers_accessories,0
ff359d1c749b2f33549ec323a0736175,2018-05-15,32.37,1,SP,1,electronics,0
d8af11fee1f5a13bf7b3584b9cce55fa,2018-02-10,42.0,1,SP,4,computers_accessories,0
d30162aca68f89b06d618c38ef7b88e0,2018-02-01,49.09,1,MG,1,computers_accessories,0
4ce0878b1fe7231ce22e503117abc62e,2018-04-09,149.72,1,SP,2,computers_accessories,0
76c077c302894d52a9cecbb6bc322b24,2017-05-02,110.3,1,SP,1,tablets_printing_image,0
b78e1e59e42553fbbc9948d04ef0539f,2017-08-11,65.0,1,PR,2,computers_accessories,0
169702628c1e366110072edf38460701,2018-03-01,82.62,1,SP,1,computers_accessories,0
1beb1ec2b53087e6d0b01d852b823421,2018-02-17,79.24000000000001,1,SP,3,computers_accessories,0
1d5cf40416bcb8a9d98d2f759f9f1839,2017-07-11,128.6,1,SP,5,computers_accessories,0
50251fd24f9307259b98c5106deb6453,2018-01-16,64.1,1,ES,1,electronics,0
7bf9ebeb9ca0448e688b41354069d9ac,2017-11-28,32.75,1,SP,1,computers_accessories,0
82640416f7ea6860f387729e31d00196,2018-06-09,108.61000000000001,1,SP,1,electronics,0
7620a7f338b6eb9b633cbf1d73e906f5,2018-02-02,106.21000000000001,1,MG,1,computers_accessories,0
5558c376f5604bb25823f2be7d1bc82c,2018-04-09,92.83,1,SP,1,computers_accessories,0
1a9324555dd1b3d5bfde1ebbe9f765b2,2017-10-02,43.0,1,SP,1,computers_accessories,0
0ab0e6cc12734a3c6311f9a0db8b2555,2018-02-05,30.79,1,BA,1,electronics,0
8f77d9cd32f220b8242d28c71800eeb5,2018-02-23,86.93,1,MG,1,computers_accessories,0
3595f0807aca4cae0d917447763fb078,2018-02-10,174.88,1,SP,1,computers_accessories,0
4b2626de72497770ddfa81a533f70c76,2018-05-20,20.75,1,SP,1,computers_accessories,0
0517ba063462fdd36525fd7e9ef72cee,2018-03-14,375.52,2,RJ,5,computers_accessories,1
94a71bedec852e752e86d530d03d6061,2017-02-07,31.86,1,MG,1,computers_accessories,0
a85c1538df5701aa9a7c6cc423bd80f4,2018-08-07,164.63,1,SP,2,computers_accessories,0
9e85d73b2a693e5b6dcf56ef2d00d181,2017-12-03,126.57,1,SP,2,computers_accessories,0
86d34c8f36491e984f83e8482128118b,2017-10-14,35.0,1,SC,1,electronics,0
cd590811ef0d897b885bc97352f1b34f,2018-03-12,162.89,1,MA,3,computers_accessories,0
a664490883c0131d7eca5cfbe6794aa0,2017-02-20,220.08,3,ES,1,computers_accessories,1
bcbc99c5380b420c2e5924342197a166,2018-03-19,183.65,1,RJ,5,computers_accessories,0
332bbeb5cdd458723fa3565220c997ab,2017-05-19,160.75,1,SP,3,computers_accessories,0
de219d6cf606e877fc9a0df6b811ab61,2018-01-25,22.37,1,SP,1,electronics,0
0973b2846805e4eaacbdff441e3dbc8e,2018-01-02,45.69,1,RJ,1,electronics,0
c596d8640962b115481b374c7b881f6a,2018-04-03,162.82999999999998,1,MG,2,computers_accessories,0
db67f190728e6864bcd380d96236677f,2017-10-25,196.52,1,RJ,2,computers_accessories,1
010d14f76a229c295260e4ca4744acc7,2017-12-01,44.69,1,PR,1,electronics,0
5b03a739e69fe70af9a396dd3c5fd228,2018-01-29,94.2,1,SP,6,computers_accessories,0
a26767d79ed74e1a32e2855451fcfd3f,2018-05-12,44.54,1,MG,1,computers_accessories,0
5defd0236f15e552d007f413fd3bf85a,2018-02-11,81.51,1,SP,1,computers_accessories,0
a144da15ca9cb1ebccf012a14736c54d,2017-03-27,256.37,1,PR,8,electronics,1
e1f37ead3c565a7f54eead433530c790,2018-05-19,28.28,1,RJ,1,electronics,0
2b3da71eeeb21b32d855dba308304b5e,2018-03-02,30.09,1,PR,1,computers_accessories,0
5df709f025839459fa8fea78efac8845,2018-02-25,139.95,1,MA,3,computers_accessories,0
2255eb0e92e75d04fc4afa0ad636f875,2018-08-02,37.83,1,SP,3,computers_accessories,0
bed4f7a218b7a0b93f1bd6dc0fc8e640,2018-01-25,21.43,1,SP,1,electronics,0
9e0c7da69212a91ad90bc37ab91a6c68,2018-03-03,173.27,1,SP,2,computers_accessories,0
50732a86b0335ae225e4432548113e9a,2018-03-22,112.25,1,PR,3,computers_accessories,0
761de39b98af23c2f3b771461e2c5e2c,2018-08-06,152.88,1,MG,2,computers_accessories,0
c0a1f5741cc59aa9709c497f176d6dc5,2018-01-15,92.69,1,SP,1,computers_accessories,0
084aeb6e79318fd38a5129da7db217d2,2018-03-05,173.98,1,ES,2,computers_accessories,0
3ff3c14b693208d95c7a79ad6fe5c117,2018-07-03,31.130000000000003,1,PR,1,electronics,0
12d46788e71b703634c01cdcd4946e7a,2017-12-26,173.84,1,MG,1,computers_accessories,0
e3e54348392f8105ec69356675788604,2018-04-23,171.0,1,RJ,1,computers_accessories,0
ec4cf26370344d49bf890b38d09cdac4,2018-01-11,65.11,1,MG,1,computers_accessories,0
20dfda225b7d53569028f68044478eb0,2018-05-15,163.24,1,SP,1,computers_accessories,0
37b2da18eede8674ecc05302ebb6e32b,2018-02-26,238.33999999999997,3,ES,1,computers_accessories,1
4e41d776fc4ffdec6708862a05a1ea30,2018-07-05,212.83,2,RJ,5,computers_accessories,1
94c6db2dce626f40e64942d830d8f086,2018-01-16,17.77,1,SP,1,computers_accessories,0
ea7e79e50c8bb2c0b2d153ed7a164dcd,2017-12-21,20.03,1,SP,1,electronics,0
ffdc30c0eaeed2e08818c4dad9806292,2017-08-11,34.0,1,RS,1,computers_accessories,0
9af92d2e86d9facb76127d7fdb850944,2018-02-04,99.74,1,SP,1,computers_accessories,0
1704f22579a5be1ff00ac2cdcc1e582c,2017-07-30,85.14,1,RJ,1,computers_accessories,0
8bbd7c85404f2985106229d03d281d55,2017-10-21,57.58,1,SP,1,computers_accessories,0
ca6e9fb5f1a78410c6e1a89640efa8f6,2018-07-01,579.22,1,SP,2,computers,1
3a6cac3e6717e6a7ee4cb28aaa149a91,2017-01-18,219.89000000000001,1,MG,3,computers_accessories,1
65efd756608003e865eb8d80f66a3ebb,2017-03-07,185.48,1,RJ,1,electronics,0
caef45ebcbb19b79936b20d0bf662db3,2018-06-23,237.15,1,RJ,3,computers_accessories,1
e957dd85ec954750362d63f541339f4c,2018-03-16,45.230000000000004,1,RJ,1,electronics,0
1b83b0cc5c4f25371dc567405ff773c1,2018-06-03,31.29,1,SP,1,electronics,0
176347e69f455175b5ffbf6f6287e4ab,2017-05-06,84.23,1,SP,2,computers_accessories,0
0760c994a2f88f9ba4f19c5622906609,2018-05-08,127.69,1,SP,3,electronics,0
9dfd36609f9bcc11f7712d98466d9aa5,2017-06-01,216.8,2,SP,10,computers_accessories,1
b8cc45abc3a6bd43c8a4f86b627de53c,2017-10-23,336.36,2,SP,1,computers_accessories,1
859fe3a0d22aa42768493bb4a9572ad6,2018-04-02,30.779999999999998,1,SP,1,electronics,0
9e6356cd884202aa5e0d16e033c8c08a,2018-03-05,47.0,1,BA,1,computers_accessories,0
88889b5ed13afaedce4894ebf3cb6f46,2018-03-15,167.92000000000002,1,RJ,2,computers_accessories,0
d12750a4a29395c6d1cd3a83992f1e16,2018-08-01,212.83,2,MG,1,computers_accessories,1
9636f1dc90e0234e96025c75e8d5920f,2018-05-02,36.230000000000004,1,GO,1,electronics,0
0e33201d95dd99ef2fc82d81732957b2,2018-07-23,63.0,1,SP,1,electronics,0
777446e0a25e3916df8257965158c82b,2018-06-21,144.99,1,MG,1,computers_accessories,0
0ea5fe4904bdca87f8cc726a5bb5d768,2018-08-04,145.0,1,SP,1,computers_accessories,0
54d7ac7a8a4074afa251dda33e7dfa4f,2018-01-22,398.84,2,SP,1,computers_accessories,1
0d217515e77987c3856fba474f3300fc,2018-02-24,47.81,1,SC,1,computers_accessories,0
79af690e1f308a4aa1052a6fc4fbc908,2018-06-14,71.96,1,PA,1,computers_accessories,0
3aa38f8fbcbf77b040c2e68ef4458108,2018-03-27,32.63,1,SC,1,electronics,0
b5ee3b06caf9f3c1c7ada2bdf482bb8b,2018-07-21,27.299999999999997,1,SP,1,electronics,0
7575d831a96234bf02a093daaf34e375,2017-07-24,42.0,1,RJ,1,computers_accessories,0
657938f6cc6b388ef70d756aeeda75a9,2018-07-27,140.92000000000002,2,RS,3,electronics,0
ef18166b5f1dfc60d75435c548674981,2018-07-23,435.21,1,RR,5,computers_accessories,1
cc46818e210f019a0a7c59b03fc43c8e,2018-06-13,547.1999999999999,1,MG,5,computers_accessories,1
370d5b41dfcdc96d0edb780967153d4e,2018-08-03,61.19,1,RJ,1,computers_accessories,0
1200ed0c118de7e4524b65918a42c990,2018-07-17,60.08,1,MS,1,computers_accessories,0
ee0305b16d7043689de7f3b4dd342093,2018-02-02,21.43,1,SP,1,electronics,0
3137ad5aa5e36a39d95147f1e5678290,2017-04-18,111.27,1,SP,1,computers_accessories,0
bffcc9542fded0634d8f15fed3c24b86,2018-02-04,196.01,1,ES,2,computers_accessories,1
310a0d29a24aac9be0dfee5e0fa45204,2018-01-14,106.97,1,RJ,10,computers_accessories,0
097452f101cb19b0ccc80d3a980d9755,2018-03-15,173.88,1,BA,2,computers_accessories,0
691ae3791090baa73a918bece7c1d443,2017-08-01,146.17,1,PA,10,computers_accessories,0
3aa52f9aeb048835809dc5310e883c6f,2017-11-24,207.27,1,MT,10,computers_accessories,1
01cc355e35cf24d314afe6de16c38712,2018-03-26,46.95,1,SP,1,computers_accessories,0
7556c85b16f3a5e87b5f96a42778b7a5,2018-02-17,85.82000000000001,1,RJ,1,computers_accessories,0
8a199f2aee407c4c7741874bb2394650,2018-01-08,1054.6299999999999,1,PA,6,computers_accessories,1
d7286844f1cfcbf3932adba03a2ab3e7,2018-02-06,156.32,1,SP,1,computers_accessories,0
98eba1be3e8237608c66b2e0473786ef,2018-06-28,321.31,1,MG,10,computers_accessories,1
03170fde460344ffa21460ac08f2bbd3,2018-02-18,53.0,1,RJ,1,computers_accessories,0
9de125e032c8c74ccbcf9a5b7a3b4faa,2018-01-30,42.0,1,DF,1,computers_accessories,0
a1ab5e252318a46e01c2429f06ce0a41,2017-06-23,78.77,1,MG,1,computers_accessories,0
e9d5fd7f8cef3acbe54ba2b771856038,2017-04-15,54.739999999999995,1,CE,1,computers_accessories,0
08f5487befe25744feabb3203a4dc09b,2018-02-27,48.69,1,SC,1,computers_accessories,0
dad86956863b4f2c6744baf0b3989a8a,2017-10-31,350.19,1,SP,10,computers_accessories,1
2784fdf3979afc4cd82afec122d81c9f,2018-03-07,70.14,1,PR,7,computers_accessories,0
28e418b320f6b759b6aea79734f165e5,2017-09-02,1770.72,2,GO,6,computers,1
e1521d92b7e6cfbb454d764235546c32,2017-12-06,54.05,1,BA,1,electronics,0
aa8c2e4009c82d6fb84d9ecc0ce798f8,2017-04-06,44.42,1,SP,4,electronics,0
60b0fba7a3132de4c33d2a0a2f204b15,2017-11-11,149.73,1,SP,1,computers_accessories,0
308d5658962115a98234a99a26cc5fb4,2017-11-30,62.28,1,PI,1,electronics,0
c80f02a8f0c066df7a56a2b61c8c0610,2018-03-31,103.36,1,SC,1,computers_accessories,0
17affe817f6b2a24ec4a9b5bb67a1671,2017-10-05,1627.84,1,BA,10,computers,1
04a28263e085d399c97ae49e0b477efa,2018-02-02,100.23,1,DF,3,computers_accessories,0
a2f5fa2f53621ff51359941782983568,2017-09-10,292.7,1,PE,3,computers_accessories,1
51f5cd4115244a4860823a80bea0307e,2018-05-16,87.32000000000001,1,SP,3,computers_accessories,0
69e00d7c58b9000d1e4f8dee5b2302a5,2018-04-03,28.130000000000003,1,RS,1,electronics,0
99907bf137138e8a41986fc842736a37,2018-08-13,78.32,1,RS,1,computers_accessories,0
9c5505df3b3c87d88bef70eaff841ae5,2018-05-06,32.37,1,SP,1,electronics,0
bbede04fc9f3660fd04a15bdac8ec568,2017-12-27,35.04,1,PE,1,electronics,0
dcd503d4272567a178500e93e964ac98,2018-04-02,80.14999999999999,1,SP,3,electronics,0
55236f684d39882068fbd164d5455691,2018-04-14,82.50999999999999,1,SP,1,computers_accessories,0
fa06c9f04ef55a2a43f2246a0777b7c8,2018-02-27,129.35,1,SP,1,computers_accessories,0
ddd9c425db13b8b55a6dc676634ea208,2018-07-30,159.4,2,SP,1,computers_accessories,0
fefacc66af859508bf1a7934eab1e97f,2018-07-25,6922.21,1,ES,1,computers,1
9c29be3676de1c34e443b45bc2c2ba73,2018-03-28,119.94,1,SP,1,computers_accessories,0
9676a8d4d68b73a967fedb5eb0d82c21,2018-04-09,91.41999999999999,1,SP,1,computers_accessories,0
019d79b37e56c6d56d6323fed0c54d70,2017-05-21,66.11,1,GO,3,computers_accessories,0
9e6fa90618070716da24cbf8fa5261fa,2017-12-02,130.57,1,PR,1,computers_accessories,0
72935c1f27775472627da411819164f0,2018-03-14,194.89,1,SC,2,computers_accessories,1
c946d0cd8265886e13b8e20dd8a4cc4f,2018-03-10,89.87,1,MA,1,computers_accessories,0
3cdbf328dc0f52112842b474f208831b,2018-08-18,24.38,1,SP,1,electronics,0
e2a45d61a460b659878a89fe8f88b5fc,2018-04-23,76.05,1,MG,1,computers_accessories,0
5f43a6b640128ff1e1a7fcc6872ebf71,2018-01-19,241.12,1,MG,3,computers_accessories,1
cc69435b3a477ca3247cc9811da7f589,2018-06-09,40.959999999999994,1,RJ,1,electronics,0
a2ec81acd081aed96da33c73bafd8c69,2018-02-16,59.53,1,TO,1,computers_accessories,0
0ec0ef35a66b31f873f0010267d30a8e,2017-09-08,95.91,1,SP,1,computers_accessories,0
819834742179a50790827926997ca8dc,2018-03-10,89.18,1,MS,5,computers_accessories,0
cf574d4b1efd3d5e152a4cb181b35f8b,2018-01-25,109.96,1,RJ,1,computers_accessories,0
7f323198e815792fca0a3a19277e0bd6,2017-09-04,186.55,1,SP,1,computers_accessories,0
05c12734a5d14a9b9528b3eb84f30e50,2017-05-15,54.69,1,BA,1,computers_accessories,0
4a0c442614599b83a064e2889049712c,2017-10-02,64.24,1,SP,6,electronics,0
ab8aefb183a8140b544a1eba6a139101,2018-03-23,36.489999999999995,1,SP,1,electronics,0
9e131f842d7e07cecbaffc75897506fa,2018-03-25,33.37,1,SP,1,electronics,0
28b031abc340760284a1398ab8f6fd4c,2018-06-22,193.02,2,SP,1,electronics,1
ae0be4e1cb2ae75b372e2f055876ff07,2017-03-27,70.33,1,PE,1,electronics,0
0f6d4797b3933b25519398b754dfe58c,2018-07-21,114.78999999999999,1,DF,1,computers_accessories,0
be70f7847d04a2b2a559b992e92e21d8,2018-01-18,177.49,1,MG,1,computers_accessories,0
598e3e1a06cd6e5aa4779c6d4c11e11a,2018-07-16,167.14000000000001,1,CE,1,computers_accessories,0
0dde32a7d38a8fd9a7e5b383271a5eea,2018-01-22,72.0,2,RJ,1,electronics,0
c1aaa57bccca2685bc9efc87094b3662,2018-02-09,47.62,1,SP,1,computers_accessories,0
e7bf5b3305b73ad31a0306f433c8dd84,2017-09-06,878.82,1,PE,5,computers,1
f2b2293097b45c698c9d524667b319e7,2018-05-11,30.23,1,PR,1,electronics,0
e0f407a849b857359cf7e72ed6348298,2018-02-01,27.75,1,DF,1,electronics,0
a50a23ee8e09f54388b66da19c633bc4,2018-04-07,129.74,1,MG,1,computers_accessories,0
c2f068ae849d057bf039aca384d2591d,2018-02-23,186.27,1,SP,1,computers_accessories,0
d9494d64d68f5be382644c6d748794ce,2018-03-23,107.46000000000001,1,SP,1,computers_accessories,0
bc5089284951e16d020460e18de85fad,2018-03-24,108.05,1,SP,2,computers_accessories,0
3e5a5f26a57dc7918c951081887b0e88,2018-07-02,39.41,1,BA,1,computers_accessories,0
1fe1e978b92f7df05fbfb749a2d20624,2018-01-10,54.0,1,SP,1,computers_accessories,0
30c6565276e0294593392b8f18be62c4,2017-06-16,85.24,1,MG,8,computers_accessories,0
23e61b7a50280ac24831f163542e5fe6,2018-08-19,34.2,1,MG,1,computers_accessories,0
dc6a8e8831352bf06b8b0e51ff58e69c,2017-04-29,375.12,4,GO,10,computers_accessories,1
05e7f330b0c9d2769d5aa193ee88baa7,2017-03-27,49.42,1,RJ,3,computers_accessories,0
e3a71253e252d061bdc5e538fa1879e8,2018-06-17,33.92,1,SP,1,computers_accessories,0
1a479eca71e8e8efb68b0968a43d8fb1,2018-08-01,86.31,1,GO,1,computers_accessories,0
ef4b0dc494de58aea86ac5293bbdb59f,2018-02-21,30.68,1,RJ,3,electronics,0
c11a22a599df12f33da9a25948a605ca,2018-06-12,42.5,1,SP,1,computers_accessories,0
5e34ad6a26152d8d8743a70e214b1a98,2017-12-26,626.76,1,BA,4,computers,1
66f7aaabc647b43d94e8a841bb99612b,2017-11-25,30.38,1,PR,1,electronics,0
6dc82b96e967ee5e211d1690573f8de5,2018-02-21,141.75,1,PR,1,computers_accessories,0
1c178bdd4563b60122dd90a44cdff191,2017-12-16,143.65,1,PR,1,computers_accessories,0
90b3ce1268706ec7923743d5867f26a1,2018-04-04,1251.02,2,SP,4,computers,1
84de8dbb17d48ddbcc15987307c5ae56,2018-01-06,240.13,2,SP,5,computers_accessories,1
bcd3f65a42c31d80afe51626263a8644,2018-05-22,98.34,1,RS,2,computers_accessories,0
9feb31244fa82ce0a5fb912500881873,2018-04-18,81.5,1,SP,1,computers_accessories,0
4ff360dbfc89fdc00cd35d99cb3efef6,2017-04-15,45.95,1,RJ,1,electronics,0
83906d88623796246961d2a1de70175d,2018-04-11,28.29,1,SP,1,electronics,0
f16290559c863b848c56bd040fe3831c,2018-02-19,61.1,1,SC,2,computers_accessories,0
60721992ef4cec39824837f08c79afec,2017-09-21,332.33000000000004,2,PR,5,computers_accessories,1
4093476253605c646eadca91a226a6f3,2018-03-16,199.14,1,MG,2,computers_accessories,1
e2007b2e0b236f254ac322260a2dcb1d,2017-05-18,94.3,1,SP,1,computers_accessories,0
50f9fe32edde21b508c0916cae106e13,2017-03-31,25.86,1,SP,1,computers_accessories,0
eb87432d1b32d99db89d573d77767a01,2017-01-17,50.31,1,SP,1,electronics,0
9949f7af3885f27e84044841513de26e,2018-07-19,130.8,1,RJ,5,computers_accessories,0
65693e3a7937ea70a977e883a08de8b8,2018-02-22,60.72,1,SP,1,tablets_printing_image,0
a730530dd5bf5940d9b50ffac9d297dd,2018-04-18,144.31,1,RS,1,computers_accessories,0
234ca3f0b20c63f1aad520a9de28aa08,2018-05-03,163.79000000000002,1,SC,1,computers_accessories,0
3c52e7be8ba845bcc76da9b51990e6cc,2017-05-11,1148.75,1,SP,1,computers_accessories,1
76507bbf7372c5261e9cecab5d23c252,2017-11-20,196.01,1,SP,1,electronics,1
2b229d21bf1fdfaf9e0ff6d8799303d5,2018-02-28,51.269999999999996,1,SP,1,computers_accessories,0
86c94a0d5411b58234ceb4ddda0ee6c1,2018-08-09,173.67000000000002,1,DF,1,computers_accessories,0
79d3522a0854c853a4979ff2691abd91,2017-06-05,3048.27,1,BA,10,computers_accessories,1
1d6bda6e5595652f956770a32ae4ba0d,2018-05-22,757.42,1,SP,1,computers,1
eb84a9e87c375d0dd9d1481b5abfd430,2018-05-14,58.79,1,SP,1,computers_accessories,0
85eeda44e93bdd0ac057cdf18179d693,2018-08-19,94.15,1,RJ,1,electronics,0
ee567e300ec0ae4dd30d3e26ac581021,2018-05-21,31.11,1,RJ,2,computers_accessories,0
30833901a5dd334649ed9090a103fc35,2017-10-19,597.35,1,MG,1,computers_accessories,1
126e18991a668c9b69e0525f2ba59376,2018-02-09,215.11,1,CE,10,computers_accessories,1
3ffb5839790306f5e88e8319508dae29,2017-05-19,321.17,3,SP,2,computers_accessories,1
8914de0f43ff7668bb9b82fd774629ef,2017-10-10,88.56,1,SP,8,computers_accessories,0
c8e8f8ab00ec5d13a1d93718f5af9e4a,2018-08-16,40.17,1,SP,1,computers_accessories,0
3d352a1e37d7eabd08d9104244fa0e21,2018-07-31,152.88,1,RJ,1,computers_accessories,0
3e18227567dbe13ebe679ef9eea4d872,2018-05-07,104.97,1,PA,1,computers_accessories,0
ce2e637f27a33a1fd345f4844e866449,2018-06-13,87.66,1,RS,1,computers_accessories,0
b60e4bb897c3faf7417e11850072fab0,2017-11-25,23.1,1,RJ,1,electronics,0
f4b9868b45403be3ef96c4f41744570a,2018-06-19,52.04,1,PA,1,electronics,0
94e8d2b7d72b40f0392a9398aae8b46b,2017-07-03,28.0,1,SP,1,electronics,0
2b86487ced52ef357d5454397ff5538a,2018-04-12,120.84,1,MG,4,computers_accessories,0
ba01067136771e2103d611dc1d74d709,2018-05-27,150.83,1,SP,1,computers_accessories,0
b6ab1ce66f41dbbd8e998bfb0eab8bd5,2018-06-26,152.21,1,SP,10,computers_accessories,0
fa09bf06f137e4496f69f730fd93dcaf,2018-06-12,114.57,1,RJ,2,electronics,0
3415d8ed3da0f4c3f72b608ad678a895,2017-08-18,36.85,1,SP,3,computers_accessories,0
097255cccb9ac174d481479fae72556d,2018-06-28,198.49,1,SP,1,electronics,1
c88d3aed5c03ca278b7cfae5f6e9d1b1,2018-02-05,148.65,1,RS,1,computers_accessories,0
05ad071b550b1cf2815e8bf3bec3291f,2017-04-27,111.4,2,PB,8,computers_accessories,0
f5d8546541a4875d1b5702fa3a24711a,2017-09-18,594.4,2,SP,1,computers_accessories,1
ce96aaaf67d8c7585475ecf3f8c3ff7a,2017-11-19,146.5,2,SP,1,electronics,0
3d05beaecc79d768517b2542c5ffb040,2018-04-24,24.79,1,SP,1,electronics,0
0ffdb6473bc02f6e0b767083d21457d0,2017-10-09,173.84,1,MG,2,computers_accessories,0
6325af88a0611fc357055cb87dcec11e,2018-07-18,100.38000000000001,1,MG,1,computers_accessories,0
a72e4250533d5e3f689f91d403ae3d1f,2017-11-02,44.1,1,RJ,4,computers_accessories,0
5764b52361ed5b661d24dff30c8c3625,2018-01-16,85.03,1,SP,6,computers_accessories,0
0a457a7e838f772d804eebe8d6261ed0,2018-08-08,83.67999999999999,1,SP,1,computers_accessories,0
4bb72dde289a979497e30c301beda3c4,2018-02-20,38.71,1,SP,1,computers_accessories,0
3db0dfe8a379d76e5c29f635c277325f,2018-01-24,54.28,1,AM,2,computers_accessories,0
44bd3ef9b3ebf01ad7d3c061b882a88c,2018-02-26,125.0,1,SP,1,computers_accessories,0
a8dab5a72130fd27326322c2b8cdfb5e,2018-08-17,30.12,1,MG,1,electronics,0
47cb08d5bac6105ae32587814fca96ca,2018-02-11,49.09,1,SC,1,computers_accessories,0
1dc1eb95861df4745ec5c863b93f9691,2017-09-10,23.72,1,SP,1,computers_accessories,0
2cad1cf90acc3870d982eafa58b9a657,2018-08-02,187.04000000000002,2,SP,2,computers_accessories,0
a29ab32710213cb26d652ffae0386f44,2017-07-03,33.85,1,SP,1,computers_accessories,0
4ac2b21645a33938ab26a37096fcd16e,2018-03-13,49.29,1,SP,1,computers_accessories,0
0dccb365ad960364b43a228ff6cebd3b,2018-02-13,91.86000000000001,1,MG,1,computers_accessories,0
cab8cba54a55cc19762e10bf029dae6d,2018-06-12,259.90000000000003,1,SP,1,computers_accessories,1
31cad6ec7ac19b48d3eca43d624f6cfd,2018-07-18,52.51,1,MG,1,computers_accessories,0
7888cdac405b09671099be62efb2de3d,2018-02-01,57.5,2,PR,1,electronics,0
136a3da67b93100ec6fc05442613bcec,2018-08-03,208.42000000000002,1,MG,1,computers_accessories,1
2a938ab677c1c4b10ef1a62a22279dce,2017-08-16,104.37,1,PR,10,computers_accessories,0
82f255ceb9406e722a069255a0d40630,2017-09-19,101.75,1,PR,1,computers_accessories,0
447e8aceeed0daf26dc6c021e72b73ea,2017-08-27,84.23,1,SP,6,computers_accessories,0
767f00750341a13761a30bb3d0447229,2017-12-12,35.69,1,RJ,2,electronics,0
a2940f1b67316eac4f302e29554392aa,2017-06-26,61.75,1,SP,6,computers_accessories,0
de667b5fad55b8d18285f1d32a4f5e49,2018-02-18,36.69,1,RJ,1,electronics,0
f769d5778736c059f21be80b520c0b86,2018-01-30,35.0,1,SC,1,electronics,0
19988184f9c2b5a7bb91bc3a4eb13ff3,2018-01-26,174.14,1,SP,1,computers_accessories,0
55f3c870c1e40785268450603096ec90,2018-03-10,189.0,1,RJ,2,computers_accessories,0
bc42a955f289870d5789e6e437206300,2018-03-01,105.06,1,RJ,3,computers_accessories,0
f9738bd11e7b55e079a85fd057acf232,2018-02-04,99.74,1,SP,1,computers_accessories,0
a5d7086b3574973a5df31d93bf524039,2018-05-20,95.34,1,GO,2,computers_accessories,0
c6348cac7802ee9fd447ba1162bea658,2018-01-19,30.619999999999997,1,SP,1,electronics,0
1aaf27bab389531a50d1a6b86c24e6b7,2017-10-31,968.93,1,RJ,10,computers_accessories,1
1f990d2b7b5a992e60e4c0ac2ff40f36,2018-01-29,160.71,2,SP,2,computers_accessories,0
10d5f0eaccc82a1edadfdf784a8c2928,2018-08-20,37.349999999999994,1,SP,1,computers_accessories,0
3b48b36a80274ce463ba3def46d6f998,2017-12-02,155.73,1,MG,2,computers_accessories,0
8f896313326eb7ff2740ec77ce78df4b,2018-05-25,27.48,1,RJ,1,electronics,0
bc0e68520e8fee16c105116281ea8eb7,2018-02-09,193.44,2,SP,1,computers_accessories,1
1dcb1b82de3a13d219b6c84a8ca45b8c,2017-05-21,55.1,1,MG,1,electronics,0
8566e90365360ba75d5ddc17b90a8b58,2017-06-25,160.37,1,SP,5,computers_accessories,0
13dae3b277e3fe7e2596f842cbb6d62b,2017-09-01,119.94,1,RS,10,computers_accessories,0
4edb04562e9ffe632e82e59f5b6fc115,2018-02-22,42.379999999999995,1,MG,1,computers_accessories,0
bf59b8c2b20f173069f5304326665611,2018-03-02,163.08,1,PR,1,computers_accessories,0
b591d108e5c3f485635223ddaf07dc36,2017-11-17,35.55,1,SP,3,electronics,0
bb1d699eccd1fe0e0b22aea230eab2d0,2017-11-29,28.7,1,PR,1,electronics,0
e57a911e022b8f667771dd09d31b9af1,2017-04-23,49.96,1,SP,1,electronics,0
2262f6e2778c369031168e981215c70d,2017-07-17,336.99,1,RJ,5,computers_accessories,1
09ca36d55d4afbcc785cf9def43c9078,2018-07-14,32.37,1,PR,1,electronics,0
60de731b89e8c9651392a445b2813ff9,2017-11-02,233.55,1,SP,10,computers_accessories,1
2462c45b710dea677b715637b7716def,2018-02-03,33.0,1,RJ,1,electronics,0
0e577169a545cf287894094d0146feba,2017-12-20,55.0,1,SP,1,computers_accessories,0
7122630ed5f706d6cc7faddb780673d9,2017-07-30,326.46,2,RJ,10,computers_accessories,1
e7bf6c078fcd0eac3b977d498537e2b3,2017-05-05,317.21,1,SP,1,computers_accessories,1
d6db7f667096b9209c177893ddedb788,2017-11-29,22.38,1,SP,1,electronics,0
fb5903db78c27a8ce31f5840de3c0abd,2017-08-17,61.85,1,SP,1,computers_accessories,0
78e0775b7967227a9d6f00277bed69e2,2018-04-05,68.28999999999999,1,SP,1,computers_accessories,0
9cb82a3ae51fb07b957662bdff7a189a,2018-01-03,170.52,1,SP,1,computers_accessories,0
b0200f320613faea21c999a90efa28ab,2018-02-10,69.93,1,SP,1,electronics,0
16cf9720961cf627fa5911f4e37fc6f9,2017-11-25,357.13,1,MG,5,computers_accessories,1
99bc267f49d76932cd195bfb2a94dd03,2018-02-26,163.08,1,SP,1,computers_accessories,0
cdd2a05ff6a4cd9dbb4a63f46f0806e4,2018-02-19,51.67,1,SP,1,computers_accessories,0
83055c0065bec470a99316217bb2b639,2018-02-20,37.089999999999996,1,MG,1,computers_accessories,0
9d4837e9f15d4e57e4783e22786cb407,2018-02-06,481.07,5,RS,3,computers_accessories,1
545b9d98685b98a2203d2ba6e56b8e3a,2017-05-02,59.74,1,SP,1,computers_accessories,0
6966b21d5a0ca10f795dc14508c1b7bf,2018-02-24,296.81,1,RJ,8,electronics,1
6432c54782ac5771915214151b143975,2017-11-17,322.02,1,MG,1,computers_accessories,1
a60cc6832b1b78e7cc684d7c82b1be03,2017-10-04,27.98,1,RJ,1,computers_accessories,0
c2485fbf261ae20fb834f6679afbed53,2017-11-16,178.59,1,MG,1,computers_accessories,0
bbcd8e46520fed222134c829d40f79a6,2018-05-01,32.66,1,RS,1,electronics,0
617e9e939fe662eb114540a7d2008eca,2018-08-06,108.63000000000001,1,SC,1,computers_accessories,0
1b46c5cd349b4c1e7bda383bb8d64731,2017-07-17,1253.86,1,RJ,1,computers_accessories,1
abf1130bc676c9dcadf91e24f5e30a30,2018-01-11,459.36,4,MG,6,electronics,1
abe5ab54fe457eecba0ede09db8fa0ef,2018-02-14,82.52000000000001,1,SP,1,computers_accessories,0
a3e5049813109c94cc49cc0883c80ee7,2018-03-08,65.85,1,MA,1,electronics,0
bfaf52f28000e56f19ad821354fa9cab,2017-06-22,249.9,1,SP,1,computers_accessories,1
7da6593a6a479c63c002d6b448470811,2017-06-13,67.69,2,SP,2,computers_accessories,0
93185bd1aed7a10299305299fcbebf3d,2017-04-20,59.510000000000005,1,SP,2,computers_accessories,0
706296e2ab240216ffef853d1095d04f,2017-08-29,1237.81,1,SP,8,computers,1
90b4fba45ca7518e9d3bf07e7d4fcd9d,2018-04-07,53.7,1,DF,1,computers_accessories,0
0055b77cca3186676c147f532dd2547b,2018-02-19,189.37,1,RJ,2,computers_accessories,1
6c21f6a1d56c99f439fe378d0ac026f2,2018-04-07,54.72,1,SP,5,computers_accessories,0
4d9a2be7276029d8369fbf0fe73b6c0e,2017-05-19,106.06,1,BA,1,electronics,0
fb8a1aa2a0931ede3ac1d6ae42d4ffdc,2018-03-12,240.17000000000002,1,GO,7,computers_accessories,1
0decd9643e5f685a9fc1bf05ab16a186,2018-03-06,696.61,1,MG,4,computers_accessories,1
b4869c2e4b11586a953130fa13632aa9,2017-09-01,1250.81,1,SP,8,computers,1
7fae897a23c0c0b24a16aa156a536f91,2018-01-13,63.62,1,SP,1,tablets_printing_image,0
734db12c3a1651cf9f036481d273c5c1,2017-09-04,47.0,1,SP,1,computers_accessories,0
ff978de32e717acd3b5abe1fb069d2b6,2017-12-12,49.14,1,AM,1,computers_accessories,0
b0aab42458e44a4368d8e548c55f998a,2018-05-08,45.22,1,RJ,1,computers_accessories,0
adcb2eeef370c9bf98f5d1e975397950,2017-09-08,30.38,1,SP,1,electronics,0
587ed74a3001b5f1083b78c5bb0090c2,2017-05-06,64.02,1,SP,6,computers_accessories,0
251426971212d3b3bae10ca7062c6241,2017-11-08,21.43,1,SP,1,electronics,0
7c97f3002c24421012ed83f34b377c3b,2018-01-31,42.69,1,RJ,1,electronics,0
6fad49da8f66678c9590e7c44a4944f9,2017-04-11,54.42,1,SP,1,computers_accessories,0
b570dd6ed360911428867a6962dee65b,2018-02-07,173.66000000000003,2,MG,4,computers_accessories,0
58acbb7315ddfcd40497860d21ab1662,2018-02-19,29.799999999999997,1,ES,1,electronics,0
2cedb157302d27f18d5648e77f92d56d,2018-06-18,196.92000000000002,1,RJ,1,computers_accessories,1
9cb6476278f2baad1be61b03dc7c8d59,2018-01-03,40.11,2,SP,1,electronics,0
d634e78710f26d98ace611f615489774,2017-11-26,43.1,1,RS,1,electronics,0
09b748b3799286e3df820f2d5528abbc,2017-05-11,274.12,1,SP,1,computers_accessories,1
af18dcad5c76de4eec9a63dfc1672296,2018-01-07,35.69,1,RJ,1,electronics,0
efe25c5060f2a7fe3f1db0477f58b0dd,2017-06-23,26.0,1,SP,1,electronics,0
ddbbf91a5dc91f4757ad2ed77ab9616b,2018-07-01,40.58,2,SP,1,electronics,0
64e109aaf7444f521fb45a857dc33128,2017-11-24,979.42,1,MG,1,computers_accessories,1
a0e645abd6eb15b02cdf8a5af28ba8f0,2017-03-13,41.42,1,SP,1,computers_accessories,0
98c8189ebf8816906dd9286580008261,2017-12-15,177.56,1,RJ,2,computers_accessories,0
acc957c82b00d1fb5b75a1f27a6d5a5c,2017-11-17,71.23,1,DF,1,computers_accessories,0
c2c8a6bf69f9530b40dbe6b53119fcd0,2018-07-07,41.879999999999995,1,SP,1,computers_accessories,0
2161b956d146a9bfd00fd463b69c6ba1,2018-02-19,89.17,1,DF,4,computers_accessories,0
b2c02abc77fd85115efdf30b9ca63b4c,2018-07-06,114.49,1,SP,1,computers_accessories,0
df568f7f29522ff496adab0dcd60a3f6,2018-01-31,84.17,1,SP,1,computers_accessories,0
0b9585496a9549d76a405252c9a5a027,2018-03-12,57.07,2,SP,1,electronics,0
8f601ac781af24a47c8faaa3ae3e2f1c,2017-11-08,37.269999999999996,1,SP,1,computers_accessories,0
2f90cbbae872c312d21619dbd02ab3a5,2018-01-12,161.49,2,SP,1,computers_accessories,0
f5e3df1b6d4ee5b4e795cbd56705d35b,2017-11-28,299.76,2,SP,3,computers_accessories,1
4cb3d457db54c2facba2120257f1dc8d,2018-03-17,192.74,1,SP,4,computers_accessories,1
b7d0c58d1481d0c3f2465efcbf9bb83b,2017-06-09,171.85,1,MS,1,computers_accessories,0
73a701180eb8c7933d23e211f735302b,2018-07-30,50.7,1,MG,1,electronics,0
3568ebea6d5338487cf9c64e9f59abfe,2018-05-14,228.86,1,CE,3,computers_accessories,1
dcc63ba3bf0ced293f88135e0b666ec6,2017-10-10,72.43,1,PR,1,computers_accessories,0
3dc83811b95fef30cdbfcdae61bdb25d,2018-02-03,362.65000000000003,1,RJ,5,computers_accessories,1
995e90c3995e0f19a9579b90c6dcbad2,2018-07-04,64.6,1,SP,1,computers_accessories,0
fb283edffd658a4805cb0e8bd4642bd8,2017-05-31,367.2,1,MG,10,computers_accessories,1
7e6507919e5e16849dd9a0f4354209d9,2018-07-13,55.36,1,RS,1,computers_accessories,0
f7a7709b479c021664777ee929ab3ee4,2018-01-16,1030.83,1,SP,10,computers_accessories,1
0fdcd459c264e8cefc8b377c3ff8d14f,2017-06-22,91.26,1,RS,1,electronics,0
ef3cef230796c0133556a0a8f013f6fe,2017-08-10,80.10000000000001,1,RJ,1,computers_accessories,0
738c536e3bfc3c99dddffed112e89349,2018-03-01,279.08,1,SP,3,computers_accessories,1
33eef7fdc8d66d56aec3a027f087f8bc,2018-06-23,90.35,2,RJ,1,electronics,0
43dbc670fce72c601cf0064c216cbf02,2018-06-09,43.129999999999995,1,SP,1,computers_accessories,0
2001c0c8545591add8b8dbb31c36c30a,2017-07-12,210.29000000000002,1,SP,7,computers_accessories,1
17335ccb96b98156a4fd1b635e11e107,2018-03-20,24.38,1,SP,1,electronics,0
42c2b836618db2b955ea569011464e97,2018-05-23,46.61,1,MG,2,computers_accessories,0
2eb8d7103527b48ed39070bd8cb2368e,2018-07-01,45.81,1,SP,1,computers_accessories,0
4df904af63b025b5abbd9412e2c674b1,2018-03-16,53.22,1,MG,5,computers_accessories,0
af84f0b808d076913403b036e34b12fa,2018-08-19,40.15,1,RS,1,electronics,0
2d063770853ccc944a0eea618c125f82,2017-08-18,27.380000000000003,1,SP,1,electronics,0
ef492dce2e07e7ca0f54bb9fb1aabda2,2017-06-28,19.77,1,SP,1,electronics,0
6d44e8ec62952a37be589d7fabc7cab0,2018-05-14,144.48,1,MG,1,computers_accessories,0
a5513b009a0b7d07504788dc524a70f5,2017-05-16,40.01,1,MG,4,computers_accessories,0
949fc9318254747642271556f50339d0,2018-04-28,40.129999999999995,1,RJ,1,electronics,0
087f3b4c583de715fda96594b3a03b65,2018-02-07,96.8,1,MG,8,electronics,0
9856503e3360fab415c2efa086e44c85,2018-03-23,34.129999999999995,1,MG,1,electronics,0
8281751e57c88c456c81120e259c4367,2018-02-26,32.379999999999995,1,PR,1,electronics,0
c341b928652ab66dc02f4a2e9bb2d969,2017-11-24,49.53,1,RS,1,computers_accessories,0
b475d09fc9d7e739a7c8bbdbdaed3b8e,2017-09-07,24.17,1,SP,2,computers_accessories,0
4dac0c9aec5f460f203ce439f8af0f8c,2018-05-07,38.129999999999995,1,RS,1,electronics,0
ba6e771c39f5c537cf32b54a8d238c08,2017-06-15,41.78,1,MG,2,computers_accessories,0
729efff80ae9b31f5435169b08c8bf8a,2018-03-06,478.18,1,GO,4,computers_accessories,1
5b02e3190400ea2755927d0ee0647d73,2017-10-14,518.72,2,SP,5,computers_accessories,1
c8e4d7b6268150138b3cce1a49c8863b,2018-01-08,164.83,2,SP,1,computers_accessories,0
d98f635a12ded39ef1002ffefe2c80f6,2017-02-10,30.96,1,SP,1,computers_accessories,0
4ba3f21bd638fd2e98fc97de01b63a34,2018-03-25,33.22,1,RJ,3,computers_accessories,0
6a7a2caec1c515a203d22bfdd390da63,2018-03-06,92.89,1,CE,1,computers_accessories,0
ddcf6c758c04fe3f2e0d1ae301ec5f40,2017-04-11,57.68,1,BA,6,computers_accessories,0
f7791fd674aa787f1f33ae0fc5bb0e3c,2017-07-04,726.71,1,RJ,3,computers_accessories,1
d64a14f0bda63154a36174c4870ee78c,2018-05-21,87.32000000000001,1,SP,1,computers_accessories,0
c5a35c39a04a0da294d01d0854dd2e9b,2018-01-06,33.1,1,MG,1,computers_accessories,0
f1ef0cea033ae487dc3ebc664cb10d1b,2018-02-22,59.36,2,SP,1,electronics,0
dea1e695f08ba5ff543ac1f0132f6db3,2018-02-21,160.16,1,PE,1,computers_accessories,0
6e5eb9bf354b388aac8561d04e9b0ef0,2017-10-25,91.97,1,BA,9,computers_accessories,0
1258254c11dace819eb300c703d74d50,2017-12-03,38.72,1,SP,3,electronics,0
d4dd30b0bae8f3e541debeec24928732,2017-11-23,312.59,1,SP,1,computers_accessories,1
f655e064aa3f4617ec0f8d5ab4885a26,2018-03-20,100.44,1,ES,1,computers_accessories,0
1999bacd196c3e2004dfebecf36b7576,2018-07-29,33.22,1,SC,1,electronics,0
37c5868b5c8845b91732bc25ac5c6fd8,2018-06-13,368.96,2,SP,1,computers_accessories,1
9ae880d57df6bee34365e6406e1e0203,2017-12-02,122.80000000000001,1,SP,1,computers_accessories,0
05e94f64bd375a4fc88a39430e020d54,2018-01-19,177.49,1,MG,1,computers_accessories,0
d6aac305add81d76183a41fa21e7a3e1,2017-06-13,37.1,1,RJ,1,computers_accessories,0
822a35d3573cb3c90167aa647a7a6e63,2017-11-24,167.99,1,SP,2,computers_accessories,0
0fea6a02bab80f930dafd00ad75923ed,2018-02-21,28.75,1,ES,1,electronics,0
78984e2daa6afc729ccb1ea44b7efd19,2018-02-28,169.49,1,MG,2,computers_accessories,0
6c8b1b59b9c97b5dc0a4c618e3ccbf19,2017-11-10,300.32,2,SP,2,computers_accessories,1
08bc5baa3da6ce0746413cd9cf227e9e,2017-10-17,165.5,1,SP,2,computers_accessories,0
1755f2445de4dbedff7644056e446759,2018-06-22,279.84,1,SP,1,computers_accessories,1
1665c699253879123405eb92ddc643a7,2018-01-12,49.14,1,SP,1,computers_accessories,0
759d3dd8671b3c60e168fbcef417a033,2017-09-05,155.7,1,SP,8,electronics,0
54ef7706bc8a0c0209e7aca10d463608,2017-08-19,65.53,1,RS,1,computers_accessories,0
02a58113b6c316d2aa7e110c8bdcbe6a,2018-03-11,58.22,1,SP,1,computers_accessories,0
0678d595b99f7162722e241ea36f7512,2018-02-22,34.69,1,RJ,1,electronics,0
34933c9ece23c40d4591be765e2b7f27,2018-03-04,180.8,2,MG,1,computers_accessories,0
d4d5d282946b01dc1d8365bd227a8b28,2017-10-31,61.69,1,RJ,1,computers_accessories,0
0a14f9fc5324099db2a5418351592675,2018-03-03,85.24,1,RS,1,computers_accessories,0
42b728c418ed710abe935da2195bc7e6,2017-08-11,45.629999999999995,1,TO,1,computers_accessories,0
372ef34f0b6bc2c938f6e3029fae3223,2018-02-08,31.38,1,SP,1,electronics,0
76aed3603faee7c84cb4b6857f655a9e,2017-07-10,119.41000000000001,1,SP,10,computers_accessories,0
b02fd360342e2520c0361b430c150a92,2017-12-08,31.75,1,SP,3,computers_accessories,0
719a2a4825d52ce82cbc8698a71495ba,2018-04-13,456.28,2,RN,6,computers_accessories,1
b3bcacdd3b409fff8c57b4cc4f40f4e5,2018-02-08,91.86000000000001,1,RJ,9,computers_accessories,0
2f2e121506a561cd285173b300fd992f,2018-02-03,197.7,1,BA,2,computers_accessories,1
fcd5c129c40bee5c7fc66a1493bd9b6d,2018-01-31,120.09,1,MG,2,computers_accessories,0
4867306a7b3d9d5620d493184c6a4a7f,2018-01-24,74.17,1,SP,1,computers_accessories,0
4b8554eedaef8a794db32fd6f2663cc0,2018-01-13,182.91,1,MG,2,computers_accessories,0
c66d52ab7ee1f262449a1c5aad867d82,2017-09-15,166.7,1,RJ,2,computers_accessories,0
2c065390b0d9a4daae8b736170a3e9b8,2017-11-25,72.15,1,PR,1,computers_accessories,0
079034c04662f3d7dce287df9e4e5489,2018-07-24,47.89,1,RN,1,computers_accessories,0
bebaff5f4489a8d0b10a929087be21a9,2017-12-04,35.089999999999996,1,SC,1,computers_accessories,0
a7833628c3a6c045fc5795989947707a,2018-05-30,415.24,2,PE,1,computers_accessories,1
567b8d2e08305bf8754eb7f1a3ad7351,2017-04-27,310.97,1,CE,2,electronics,1
c9f0b297ad32f156608f2db479e1bb06,2018-08-02,223.32999999999998,1,MG,1,computers_accessories,1
d9e0e6c219155daf624e2cd31056d474,2018-04-02,31.880000000000003,1,SC,1,electronics,0
8fc875584ecf1bbea7cc5e895d4ece6a,2018-01-16,102.66000000000001,1,SP,3,computers_accessories,0
99bc429ddaa03f67e02a463a20c2379f,2017-06-27,1224.1,1,SP,1,computers_accessories,1
413f4326b6acbad986db3984844f8a0e,2017-12-15,166.68,1,SP,1,computers_accessories,0
fc8c2e8bc069aea361c41c313464993c,2018-06-23,31.11,1,GO,1,computers_accessories,0
a7945c880a9ae5ff74905e316695ac77,2018-04-09,38.28,1,SP,3,computers_accessories,0
e140deee5e833b2f83a5ef0dcc602db9,2018-05-08,116.82,1,SP,1,electronics,0
be000eea7b699cb1b93baa620f7ddfa0,2018-04-20,25.310000000000002,1,RS,2,electronics,0
418f645ce19284efcb0faacc40f563b2,2018-01-04,27.0,1,RJ,1,electronics,0
52de3d5a01b5243a279fa5a6b64ebafe,2017-10-13,193.14000000000001,1,RS,1,computers_accessories,1
fe68b52db13993f58175fa589125d345,2017-08-11,225.21,1,SP,1,electronics,1
1765804f6753bf6a25ba8c9fd45977f9,2018-07-04,297.34000000000003,2,MG,1,computers_accessories,1
3909acdde3ea5641fcad856ebc2b5867,2018-06-29,40.24,1,SP,1,electronics,0
be86cd9f96e674ebdbb586454780a1ea,2018-01-14,67.11,1,RS,3,computers_accessories,0
2f730a899936d8cce7319fb4f6d0cd5a,2018-06-28,144.94,1,RS,3,computers_accessories,0
5d073530ec28aa4104bb37b6c4b1a22b,2018-01-17,124.42,1,RJ,1,electronics,0
9ace889082238720c827037211d2510f,2018-04-30,102.17,1,RJ,1,computers_accessories,0
0132fef017ccf586491ca3685de667df,2018-06-06,76.86999999999999,1,SP,1,computers_accessories,0
753c0bfa44e84d26e6e8f9095a12607b,2018-01-15,114.84,1,RS,1,electronics,0
045fb730a757a5379d79bdbc42d4e84b,2018-08-03,48.48,1,MG,1,computers_accessories,0
2edf35d55b806cc2d389c8008e0d7f27,2017-08-18,32.85,1,SP,3,computers_accessories,0
0c4d07bcd65a6ce95cbe8e8e228a98cf,2017-02-06,44.519999999999996,1,RJ,1,computers_accessories,0
096ff3d928fd9b00eed2c839ad0c2223,2017-05-30,103.88,1,SP,5,electronics,0
ee46e60afd0a0052089f6729df72feec,2018-03-14,64.13,1,RS,1,computers_accessories,0
72096fec7f0a5c65db72ae549c086803,2018-02-28,518.25,1,RJ,5,computers_accessories,1
a4f4688be9887418ee0c130b6f061586,2017-12-04,78.19,1,PR,1,electronics,0
ebe62bcd645483aa0241c300d095781a,2018-07-22,30.060000000000002,1,MG,1,computers_accessories,0
3734ef852a0ffc47fd80c97740466f68,2017-05-19,363.78,1,SP,5,computers_accessories,1
016d1bdf6efab4f6b805df1c03043113,2017-10-04,71.05,1,MA,6,computers_accessories,0
b0d65843c6f571427a85638c3cf35194,2017-11-29,47.81,1,MG,1,computers_accessories,0
ffea20c7630343a6cd9e09858c1295cd,2018-05-23,163.24,1,SP,2,computers_accessories,0
c0364ee18a0b18e6da5e7754cf4f4e8a,2018-02-13,87.55000000000001,1,SP,2,computers_accessories,0
b8b17051a70af754f5a15916490b578c,2018-01-04,690.6800000000001,1,MS,1,computers,1
e2ec0a81f014ff5006648b818c33219c,2018-05-27,212.25,1,RJ,3,computers_accessories,1
30b0c07d80784b7d59b1a276ccdb0ae3,2017-07-24,61.800000000000004,1,SP,1,computers_accessories,0
9a48076f2c268d23ca5495c7c6069315,2017-02-27,64.42,1,MG,1,computers_accessories,0
3dc960d5915983c12f6dc9277ad14b29,2017-12-20,104.28,1,MG,1,computers_accessories,0
dab37f5992b4ece308cb13f6141743b4,2017-03-07,184.35,1,SC,1,electronics,0
58933cbe8ca93dbada467cc7b2eebd7c,2018-05-30,109.6,1,MG,1,computers_accessories,0
a2f1b733d3d3cb7185e9661387534161,2018-02-16,196.36,2,SP,2,computers_accessories,1
91d74caa280901d4fb685fede0703987,2017-08-16,42.77,1,SP,1,computers_accessories,0
3f9cdc88397ce0308a37483fb2f146c1,2018-02-07,110.87,1,DF,1,computers_accessories,0
6ef0679f937afb1cb20c8cab157f6f9a,2017-12-27,64.75999999999999,2,SP,1,electronics,0
9b9993961d216f751b2b4cf2c85e1e85,2017-06-08,780.59,1,DF,6,computers_accessories,1
9e4d464ffd49d8042318b1f24cb6005e,2018-06-03,150.83,1,SP,1,computers_accessories,0
49e7180375786af0f0ba3d10aa233bd7,2018-01-30,46.0,1,SP,1,computers_accessories,0
91fbaf43eacf41ac78b17d7b7ff38156,2017-07-26,49.09,1,MG,1,computers_accessories,0
963258c35a8f30e4ab41bb49c4e493c7,2018-01-16,21.43,1,SP,1,electronics,0
effac4ec58d76962fb4ffbee25d18215,2017-07-08,74.16,1,GO,1,computers_accessories,0
47e488415ce9fda6fee06ab849f35ec0,2018-02-12,31.0,1,RJ,2,computers_accessories,0
39e3311579afb8c467eac9a76b7e8561,2018-01-18,451.28,1,ES,1,electronics,1
4d2e19ae56a1a07f7e506913229d76fa,2018-02-12,978.97,1,BA,4,computers_accessories,1
08a9634db941b72179ed30feeaac2541,2017-02-27,53.730000000000004,1,SP,1,electronics,0
3981a5c8c4dbdfc725c00d6f464d852d,2018-07-13,175.3,1,SP,1,computers_accessories,0
6d0da5add693d625079fa8fdf40967d6,2017-12-26,19.48,1,RS,1,computers_accessories,0
c5fb461f4d5a4b5457fd3029e1d1543a,2017-11-25,67.5,1,RS,1,computers_accessories,0
8c96e8114dc36ac1a6e1524a8ad514de,2017-12-06,28.75,1,MG,1,electronics,0
c45bac21efb8f0856af311a0f8d67695,2018-03-23,503.72,5,RS,3,computers_accessories,1
27cccab59c02b5c742ec003898dfabec,2018-07-23,39.23,1,MG,3,computers_accessories,0
eeca9f5d045896f3545298cf7a55f101,2017-11-28,176.71,1,SP,2,computers_accessories,0
19e2a5909c8b0167ecbe280ecf35112c,2017-11-28,25.5,1,SP,1,electronics,0
2326e62a79b6d61d95f414e44724d427,2018-01-18,36.0,1,RJ,1,electronics,0
952c3a4510a7db68bfa6a957bdfa0aeb,2018-07-31,47.92,1,PR,1,computers_accessories,0
1a5800523e4a42619420e13b49c522b6,2018-08-13,164.32,1,SE,1,computers_accessories,0
90747e77f1f92c16ef47b7e5aa910e0d,2018-08-21,89.93,1,SC,1,electronics,0
565f70f153b3d8a2684d6808ba284de7,2018-01-30,109.79,1,SP,3,electronics,0
8fd1ec4ed9e9e7107a5a1b5d4d8fb209,2018-01-31,106.87,1,SP,1,computers_accessories,0
5ebc0e4396ff850d059771c6a0a3b4ab,2018-08-03,127.44,1,CE,2,computers_accessories,0
4e05179f3e0dc912276faf9da529cf6b,2017-09-17,46.69,1,PR,1,computers_accessories,0
f41397c4cf4c8a67f5f540472acbfe4f,2018-02-28,100.69999999999999,3,MT,10,electronics,0
f0d0b94bec48f0f61bfe9ff4cfc97662,2017-09-08,200.44,1,RJ,1,computers_accessories,1
5187d6e3efdec859c111d889c9ad7d9a,2017-06-04,90.28,1,RJ,9,computers_accessories,0
82b8501b11a46fc08df6bb260ac4e40b,2017-11-26,113.44,1,GO,1,computers_accessories,0
8f8bc0535394094e24486da5f27ddc8d,2017-10-25,47.81,1,ES,1,computers_accessories,0
da07d4f43fafc6af5f26b48f87b710d8,2018-02-27,27.299999999999997,1,PR,2,electronics,0
2b87a0e7f47bf0c58a291e0ddb173774,2017-09-01,116.94,1,SC,8,computers_accessories,0
57b49374c8a506e6a26dfef7b426f342,2017-11-08,166.68,1,SP,1,computers_accessories,0
f12e512d4a25a3aef0acba13d8860fd1,2018-06-06,171.0,1,MG,2,computers_accessories,0
0b2a43ec15f983f589ecd097455b283d,2017-04-02,240.73000000000002,1,SP,1,computers_accessories,1
5b3eecddd7b10744360abfff7a6a74a4,2018-07-25,128.17,1,SP,1,computers_accessories,0
f103be8682f589d58ea25909ad7d74f9,2017-05-15,62.379999999999995,1,SP,1,computers_accessories,0
a70c2731036432f7c710356af12518ee,2017-12-05,134.18,2,MG,3,computers_accessories,0
ec8cbb2f067bf3af1cdf3c82ce77e1c9,2018-01-22,99.53999999999999,1,SP,2,computers_accessories,0
de785327509b53e26bbac35504eda97d,2018-05-07,39.730000000000004,1,DF,1,electronics,0
26968873aef9380ae17bfc3717c8cd7d,2018-06-30,118.12,2,PA,1,electronics,0
f9785aac2c09a1713d8a8901598807a2,2018-02-20,206.54,1,PE,2,computers_accessories,1
a3928d42c137a3c6fcd9c61712ad678f,2017-12-19,114.56,1,PE,10,computers_accessories,0
816a46a1473af18688a832b10acf062b,2017-12-10,34.17,1,PR,1,electronics,0
4185607d55c555fc65b5af2bb98062ff,2018-01-15,118.1,2,BA,1,electronics,0
d2c74d209011319ed82c959b605f850c,2017-12-05,292.45,1,SP,5,computers_accessories,1
dd3e21a337aa1b10edf9ce57c0772a2e,2018-03-07,98.71000000000001,1,SP,1,computers_accessories,0
2c1c76b055716216ebf282a6e2b7d18c,2018-05-02,136.6,1,SP,1,computers_accessories,0
9416d46f37f3852f96df822e953ff6c5,2018-04-04,198.4,1,RJ,1,computers_accessories,1
dbb56a8ecf60edb17a584daea927824a,2018-04-02,102.05,1,PI,3,computers_accessories,0
bce3ba299a4d73c52b90686a13c29a57,2018-02-12,177.49,1,MG,1,computers_accessories,0
5383435eb2b05b6f4d5be7720974fe67,2017-12-18,672.41,1,MG,1,computers,1
ad7dbdfbd06591893e48b29f3f45c9f3,2018-03-20,53.22,1,RS,1,computers_accessories,0
a3f157a067efbb72090189af1f7b78b4,2018-03-26,200.35,1,BA,6,computers_accessories,1
5afbfbc1d4f7235258bea4e37dcbf406,2018-04-14,112.25,1,SP,8,computers_accessories,0
fc0c50f90120412d596dbda411f6fbe4,2018-04-19,37.129999999999995,1,RS,1,electronics,0
6e1979943e76d1c5dd345f34790c5dc0,2017-09-23,213.65,1,RS,1,computers_accessories,1
3045cb6b74fcafec7c76248f1737b73a,2017-08-26,37.58,1,SC,3,computers_accessories,0
a470f84c0f59a6ed8f6733031b7dbeee,2018-06-11,26.39,1,SP,2,computers_accessories,0
ddfbaf4d75ab8f1a0db775cb0dad0e6e,2017-03-28,60.3,1,MT,6,computers_accessories,0
1539c0a503a87cb20a5d11a435149b2a,2017-06-13,33.85,1,SP,1,computers_accessories,0
92c15142e314731cebdb5b1cd25962ac,2018-01-14,17.77,1,SP,1,computers_accessories,0
6b62e2b730a85cfa0ed45351bb31291d,2017-10-02,35.0,1,RJ,1,computers_accessories,0
2d288e83d37a0c4589564d5b679693de,2017-10-23,190.37,1,SP,2,computers_accessories,1
09f2c6e797b432724b3a123f1ec897bb,2018-02-15,37.75,1,SP,1,computers_accessories,0
45af011411986b48414c28e5be9b3632,2018-06-20,44.980000000000004,1,BA,1,computers_accessories,0
0d21189c5494d8288ee358b3b24f85b4,2017-07-12,253.79000000000002,1,SP,1,computers_accessories,1
4db7592df9b6ac416a36fe91e06682ea,2017-09-11,44.0,1,DF,4,computers_accessories,0
415c1b3a4f7d686212cf08f53ad40271,2018-02-22,23.72,1,SP,1,electronics,0
3b37ea038e53ec7ddd17eaf745201db2,2017-07-31,327.94,2,MG,4,computers_accessories,1
b228e6b7a06468abcf8c203f8e86689c,2018-08-05,437.59000000000003,2,PR,7,electronics,1
bf5099786cc9dcd17a4961c9406fb3f3,2018-02-19,85.82000000000001,1,RJ,1,computers_accessories,0
8533497ec8830f25e8a90bcbe74563db,2018-04-17,54.58,2,SP,1,computers_accessories,0
9ee4d099f38e890ac389c977ec066c67,2017-08-03,225.21,1,MG,1,computers_accessories,1
cabad88da7829d30f53a581fffcd6eeb,2017-04-27,64.26,1,SP,1,electronics,0
8484b56b3b3bc2afabbfb853f86cda93,2017-12-13,21.080000000000002,1,SP,1,electronics,0
d6705951df2cac2fe31e4701c9a29214,2018-05-29,35.22,1,SC,3,computers_accessories,0
afd5ca74e46f54e04d9104595814ccb1,2017-10-01,1653.6,1,PR,10,computers,1
f43d93234718239094d891aca09e73b0,2018-06-25,86.85,1,SP,1,computers_accessories,0
63ac66255bb4562cd506681eb19c5be4,2018-08-06,110.44,1,SP,1,electronics,0
221551c6f382d4a72ae787a2b65c2ccc,2018-06-19,45.2,1,PB,1,computers_accessories,0
9218159b7b4899ff64d48431905c03b6,2018-02-07,87.55000000000001,1,SP,1,computers_accessories,0
da1614839066b897fd837a7898bd26e0,2018-04-30,188.74,2,SP,1,computers_accessories,0
e3adb1c6d76fb05369fbbc2b8b9f6c3f,2017-03-13,34.01,1,SP,1,computers_accessories,0
cf165c316414f3f5ef8fe2ef84a443c3,2018-01-30,48.69,1,BA,1,computers_accessories,0
512f7787a2182fd11754598a2a1b4e03,2018-02-18,61.69,1,RJ,1,computers_accessories,0
106d077c4997efaa9e2221af8ebf2c22,2018-01-29,76.45,1,MG,1,electronics,0
a033e71a9fdc7a30404bd7a39d3ad173,2017-02-11,27.86,1,SP,1,computers_accessories,0
be6229f5b2e1673b034fe6de9141b667,2018-01-23,90.31,1,SP,1,computers_accessories,0
9d6e82d895f71ace96e14e85f57bcdf7,2017-11-26,190.37,1,RJ,1,computers_accessories,1
ca8e9e412507bda954dc7e3cc20cb2c3,2017-10-23,344.03,1,PI,10,computers_accessories,1
3a221cd6b7d813e2b6cf57339f37a062,2018-02-05,124.33000000000001,1,CE,3,computers_accessories,0
5880c002ad3de7fa88c10cd2412ce5f2,2018-01-13,168.18,1,ES,1,electronics,0
d04e58d009641c790ddf6b7b41790f87,2018-04-22,114.16,1,PR,8,computers_accessories,0
54c60b5e55b7cfa229a34e7ef63ddb96,2018-01-10,62.28,1,RN,6,electronics,0
f615e2f340afc051466c50c06d4a453d,2018-06-20,115.65,1,SP,1,electronics,0
3bd820484fb08cbd09f9d3f378fae1a4,2018-06-01,870.11,1,BA,10,computers,1
c714dc1b4064a670401d208c1f67e7e1,2017-07-17,47.69,1,GO,1,computers_accessories,0
037540b18a708608c766355696a57467,2017-11-28,115.35000000000001,1,SC,3,computers_accessories,0
09a38776c4e31230864f867821174daa,2018-02-02,100.23,1,MG,1,computers_accessories,0
e3814831894acaf0ee4561b4a610b580,2018-01-30,385.52,2,SP,1,computers_accessories,1
a7b6379e7ca83fc534678ad86108cff7,2018-02-17,27.75,1,RJ,1,electronics,0
9f68344a0c5f9d8794de633c159cbc26,2017-10-04,77.98,1,BA,7,electronics,0
e940e33cefca8e48b759474760c2fb41,2018-08-16,43.16,1,MG,1,electronics,0
e23fa6908df9fa4ffdc5bf2a0ad6ae76,2017-06-03,27.77,1,SP,1,computers_accessories,0
1b2b354adeb38c1c308c915faf7d3288,2017-08-30,1137.11,1,SP,1,computers,1
a3316b63c1f065d129b524f658cce198,2018-02-17,198.68,2,SC,1,computers_accessories,1
74b9c5a1b6f7632750a25db4de597512,2017-01-17,53.42,1,RJ,5,electronics,0
0d4bf86877b0763d194d50ca6a136bf9,2017-06-29,64.1,1,GO,3,electronics,0
13d936efcc1a197d00449039d86a442a,2018-04-20,33.13,1,RS,3,computers_accessories,0
bf7c6e08d475b7f505065edf5357ba16,2018-01-03,117.92,1,SP,4,electronics,0
4f26458e3155ac93aa479a6d3ab6f909,2017-04-03,42.42,1,SP,1,computers_accessories,0
23e0fed8d930901ffe66340570278bdb,2018-05-05,22.38,1,SP,1,computers_accessories,0
1d6960313e1efe2dbdc3ce9efc796024,2018-07-16,96.55000000000001,1,RS,1,computers_accessories,0
5b7c6dbea3e21dc6314451ed73907c0c,2018-06-11,48.269999999999996,1,MG,1,electronics,0
f4784cc10b71c854627d55e0f3999ed0,2018-04-01,326.57,1,SP,4,computers_accessories,1
63c10abe3e4a1cfbeda3cdde88766893,2017-08-13,512.46,3,RJ,4,electronics,1
bc23a8b8a743eb2f2b66eb86a77f8740,2017-09-07,115.97,1,RJ,1,computers_accessories,0
5364251a5919bf6a0aede30159704e83,2017-04-04,45.46,1,PR,4,computers_accessories,0
7b42f564d505ea0c0783bb273062ca8b,2017-11-14,49.05,1,PE,1,computers_accessories,0
a75a84b2908ea544bff7d2e015fcedaa,2018-06-07,167.01999999999998,1,SP,1,computers_accessories,0
8cab96495293d1bfed0c4f34ae7fb9e9,2017-05-20,148.29000000000002,1,RJ,1,computers_accessories,0
11fc45612392482891635d05c69756ba,2018-04-02,171.0,1,MG,2,computers_accessories,0
ece8853f47b1069c213415c8b64ad6b3,2017-11-18,750.49,4,PR,7,computers_accessories,1
7ba66cc7f94f613ad60852e42e42e7e7,2017-10-08,34.0,1,RJ,1,computers_accessories,0
5b023700ca22594b76150412fb31d733,2018-04-16,21.04,1,SP,1,electronics,0
4ac657f0949f8f58a10b48c192df0b4e,2018-07-05,43.49,1,SP,1,computers_accessories,0
b66fd6a341d01f4aa177f68794414e6a,2017-04-25,368.28,1,RS,1,computers_accessories,1
0a7f55f1119615e9adba581bc94ee02c,2018-06-25,24.23,1,PR,1,electronics,0
45b0a3cd00a2eb44c271fdacffc8d859,2018-02-12,114.41999999999999,1,PR,1,computers_accessories,0
bc328531838a1584761dc22dcfb54c2c,2017-10-31,62.68,1,SP,1,computers_accessories,0
5640d8d8b0a6c23956f12c8dedfef8e3,2018-08-02,52.839999999999996,1,SP,1,computers_accessories,0
8ab73774d1bf1ccd52e66b86ccb40ea1,2017-11-24,75.16,1,SP,1,computers_accessories,0
bd9f09d40404c0c0ede7616a04051f66,2017-11-27,359.24,1,AL,5,computers_accessories,1
d509aa49d39dc58a013b6e4a7d258648,2018-01-18,24.1,1,SC,2,electronics,0
aac567189889ebd3f40e46a0f8a5a63c,2018-03-20,179.82,2,SP,2,computers_accessories,0
6d05cdd0e6f91b65f6b328634ddc86b6,2018-03-30,85.62,1,SP,2,computers_accessories,0
f6a40045364c9ef1f9405ef1d094c389,2018-01-06,1478.95,5,MG,1,computers_accessories,1
62d4c5d34949afc8d73f2be9043e5ad4,2018-08-18,83.55,1,SP,1,electronics,0
7375f7055b79547b2007662c2a509879,2018-04-11,38.28,1,SP,1,computers_accessories,0
32a36b92faf67aebedb4eea534a49c4b,2017-08-14,55.050000000000004,1,RS,1,computers_accessories,0
2b64e4873e7bec66f8c1f551f88d3e91,2018-03-25,103.36,1,MG,1,computers_accessories,0
2dd019804f5320bb744f10885b6a7d40,2018-01-26,160.16,1,PE,2,computers_accessories,0
10856b02e17c5d56a06c2ee75079d338,2017-12-29,31.38,1,SP,1,electronics,0
da7c8d10be75239ed8393bba1dcc4ca0,2018-06-18,39.41,1,PR,3,computers_accessories,0
f72f74f21032d3db0b6631a64b1c9126,2018-05-06,195.39000000000001,1,PE,2,computers_accessories,1
5e71f5832e566171d43c90da65f506c4,2017-08-23,979.26,6,SP,1,computers_accessories,1
684c3c1d1b032d52568994de2b76945c,2017-08-20,96.22,1,RJ,1,computers_accessories,0
e5b028d46d9a166f78ac079067c847c2,2017-07-21,170.84,1,SC,5,computers_accessories,0
9729a585634ed0ce4a0f4e38763c31da,2018-07-12,41.879999999999995,1,SP,1,computers_accessories,0
852379f00ddcbcce9e7a4efca266e940,2017-04-17,58.95,1,MT,1,computers_accessories,0
df111b726761108ddc8bd410a4d54b09,2018-03-10,38.28,1,SP,3,computers_accessories,0
1d1eef34606d3f029ac9f5a9fa8a87bc,2018-01-16,64.67,1,AL,1,computers_accessories,0
6367055387daca23e4b22b6fdf4b4ed8,2017-07-15,34.0,1,SP,1,computers_accessories,0
040b9db3ba0a38c2c2b139d6604576c8,2018-07-02,78.64,1,SP,1,computers_accessories,0
f4ab3840a4f72a98a950099cfcb83502,2017-08-01,34.0,1,RS,1,electronics,0
742e519465c1d0ed1dc1664ad04ba238,2018-08-02,83.75999999999999,1,RJ,1,computers_accessories,0
1be481b1e0ffb9b02da8c7b80b75e5dc,2017-12-20,17.68,1,SP,1,electronics,0
ffd7f21b9b4ea30d3536d4cadd19fa42,2018-05-16,112.38,1,RJ,1,electronics,0
badb0dd3be1e47b016f7ce9a3a7168b8,2018-01-15,54.0,1,SP,1,computers_accessories,0
79ff3f0a53335a2e8424d3f3c4afccea,2017-03-11,222.42000000000002,2,SP,1,electronics,1
d674f43f35a8b46f907663eeabefb819,2018-03-28,21.99,1,SP,1,electronics,0
483a06928959b498933c3b7efe98a755,2017-05-31,62.47,1,PR,1,computers_accessories,0
9e119efc7690fb6c238eca967793fd34,2018-08-18,51.17,1,RJ,1,electronics,0
e543b020936a3e9d38da0839c47bc358,2017-08-31,66.05,1,MA,6,computers_accessories,0
338515ff7c1216299678e18a593799a5,2017-10-22,1479.51,1,MG,5,computers,1
de70c6f08877949ed4973bb0e4aaaa77,2017-07-19,165.81,1,RJ,3,electronics,0
91bc1260ece478b989b1ea298d153ac8,2018-01-25,41.0,1,SP,1,electronics,0
f1036577176d907152534984bfd5018f,2018-08-05,161.12,1,PR,1,computers_accessories,0
0eb2e52e71b7f59b62ea59b139e5a254,2018-07-06,107.85,1,SP,2,computers_accessories,0
a13562e9c4b0eb8e6ae0946073b213f8,2017-06-14,1643.04,2,DF,1,computers_accessories,1
b7d132ccaa4a7e53c9fb25ff9979fc35,2018-08-02,40.25,1,RS,1,electronics,0
ca70cf8792727da384ba1b6e384cfbf6,2018-06-07,101.16000000000001,1,RJ,1,computers_accessories,0
1775d08d5bb17403e4aa021b892af4fd,2018-05-10,34.69,1,SP,1,electronics,0
a79c3cd45ec537f2601568523049fde2,2018-02-08,93.98,1,MG,9,computers_accessories,0
5ee4ad936c8a4d0211809cf29b3fafc8,2018-03-05,21.43,1,SP,1,electronics,0
50ed3915a15313618b11ab959726de8c,2017-11-21,34.8,1,AM,1,electronics,0
05cece27facc8007b2952d0b5bbfe9d6,2018-01-26,26.65,1,SC,1,electronics,0
6fc8cd5f4cfbea0b694434a10475fd6f,2017-08-17,91.21000000000001,2,MT,1,electronics,0
15de6843350851629a5466a37d2b3486,2017-06-02,108.44,1,SP,4,tablets_printing_image,0
474b7ce14c066d845352314f51725fd4,2018-05-07,36.32,1,SC,3,electronics,0
e11c61aa2d539f826865ea728496f6d4,2018-08-11,88.34,2,GO,6,electronics,0
4fece39f33bf2496da17ef4392c6288d,2017-05-31,182.52,2,RS,4,electronics,0
84040a45ab0e33cc43b8c196aad15732,2018-03-16,44.959999999999994,1,PR,1,computers_accessories,0
8f815207602f16cdf25a3fb1858ca6be,2017-03-31,86.14,1,SP,1,computers_accessories,0
d3007af14d2bfce1fbb2875870808b9f,2017-10-25,117.16000000000001,1,MG,1,computers_accessories,0
c765342582f1d08f16285fb827f88b1b,2018-02-26,169.49,1,MG,1,computers_accessories,0
a6d0edc01300d51955bc9c2f0c8fe71c,2018-02-22,200.68,2,SP,1,computers_accessories,1
d907363eb029510b5ebe3bb438dec976,2017-07-09,223.41,1,ES,6,computers_accessories,1
ca83c931f7d8b39349c064deb23167a7,2018-04-30,38.37,1,SP,1,electronics,0
6d204580ed48ecaf67ad0b21a778979b,2018-04-16,38.93,1,RS,1,electronics,0
516b0fe870022210bab4e170fbf10ec1,2018-05-15,37.84,1,PB,1,electronics,0
cb71dc72237d3c654e1ac60c2ea343e2,2018-06-25,42.83,2,SP,4,electronics,0
795c16acb4e3c30dfa5b6827727ef488,2018-08-12,37.58,1,SP,2,computers_accessories,0
169d7e0fd71d624d306f132acd791cbe,2018-02-17,98.33,1,RS,1,computers_accessories,0
a043f3361a5b8a8bb4d09377ba9991fd,2018-02-24,80.51,1,SP,1,computers_accessories,0
59af46052a799e80e2f0c665c587731d,2017-09-09,30.1,1,MG,1,computers_accessories,0
8b371a467d5d8cb50bc8dfd535dc7f25,2018-01-16,116.26,1,BA,3,computers_accessories,0
8f78b315dd28cdac3c6fc9b52cb56795,2017-06-04,36.01,1,MG,2,computers_accessories,0
41490608ca43942cf4ac60d48275a230,2018-05-17,160.51,1,AL,2,computers_accessories,0
51d99333bb2215b763043750f030dce5,2018-05-05,56.22,1,SP,5,computers_accessories,0
6026ab778a91a44d6099fd3734dfb44a,2017-11-21,102.66000000000001,1,SP,1,computers_accessories,0
85897c1837af1ba410fee4573c3f16de,2018-07-30,173.99,1,PE,1,computers_accessories,0
a806770e48c22cc0c2607982f3e87e30,2017-09-01,1351.51,1,SP,8,computers,1
cf848a1927357659bfc5aec6664e9254,2018-05-10,178.08,1,SP,2,computers_accessories,0
156caec56018baa2f6c72fb6e88ba840,2018-02-09,36.0,1,RJ,1,electronics,0
81e8c09d522d219a0cd01783458d450a,2018-06-09,22.38,1,SP,1,electronics,0
bc73dee75b47199fd9c5c4140ae5b1d9,2018-04-09,82.50999999999999,1,SP,1,computers_accessories,0
499973f14af890d0e5c08bc600590ec4,2018-05-08,103.65,1,SP,1,computers_accessories,0
544d402a31face804470974fc7f191e9,2018-07-19,33.379999999999995,1,SP,1,electronics,0
cff314344e536186940328c1c6ceec96,2018-01-26,48.11,1,PE,1,computers_accessories,0
acbd43df296646b7b242d1e25b18a646,2018-07-25,284.96000000000004,2,SP,1,computers_accessories,1
1a5f3cb34d205c22bc1a1cd8538c5882,2018-04-25,278.65,1,SP,3,computers_accessories,1
c8426a2c3cc5c11e8aa0789c3238d4d9,2017-10-16,50.85,1,SP,1,computers_accessories,0
b22f46d14bcfec19b69fd36b7c0842b2,2018-05-01,377.46,1,PR,1,electronics,1
4d11452ff6c06fef98b89c5f6512ef51,2018-08-24,128.17,1,SP,12,computers_accessories,0
d74872a40866989344f6470c6527edb5,2017-08-18,44.0,1,MG,1,computers_accessories,0
613664f2d7289e4a0898d9bfeb426db0,2018-01-02,37.769999999999996,1,SP,1,electronics,0
cafe257a6af47e3a0f99d202c0bbdbf4,2017-11-10,45.7,1,SP,3,computers_accessories,0
f103c0690f687250cc224964d54e53fe,2018-03-16,77.28999999999999,1,MG,1,computers_accessories,0
292bb4eb07f86cd88e500ee1dd10523d,2018-05-28,44.129999999999995,1,SP,1,computers_accessories,0
eea15eff73fcb780a208b80fff38e457,2017-07-18,35.769999999999996,1,SP,1,computers_accessories,0
628892249eb28e0376c57474af8ffb26,2017-10-08,211.01,1,PR,2,computers_accessories,1
e5606996314126e707e6cdb585c4de0f,2018-05-17,116.95,1,MG,1,electronics,0
05e28a6a1994b77257df51a5e304b6ab,2017-11-24,40.89,1,RN,4,computers_accessories,0
2f09f8c80542f3260ec457517de0a463,2017-07-10,1442.8400000000001,4,PB,1,computers_accessories,1
fbefd1a1d596025d72cd7cbf21c4f804,2018-02-28,45.31,1,RJ,1,computers_accessories,0
0248cb6c91b223b74dc554e1d2c2a59d,2018-04-25,173.88,1,BA,2,computers_accessories,0
96855425ac02c08fd0467f1fa9186d4d,2017-05-25,48.01,1,MG,1,computers_accessories,0
60b7e5a162d167cb66b9539f14171eb0,2017-11-29,37.089999999999996,1,MG,1,computers_accessories,0
7d6e61d9e5cbe64880924d4b7c366cd8,2018-08-06,75.42,1,SP,1,electronics,0
2c430e81282718d0db9786accc6d7443,2017-06-09,113.34,1,SP,4,computers_accessories,0
9fc2a41d74cb13d98db36092842755f8,2018-03-11,173.88,1,BA,2,computers_accessories,0
b8702f50a689621ab21ef200b55a5b8d,2018-01-06,42.519999999999996,1,BA,1,computers_accessories,0
5f517c344edea684043f8c69608b7f47,2018-02-16,183.36,2,SP,2,computers_accessories,0
cc2f0434752c03815831750224a555af,2017-04-05,32.86,1,SP,3,electronics,0
1d168d043fa86715964cec5b45433fd4,2018-06-19,164.12,1,MG,1,computers_accessories,0
3ff74df75d244d7b291dc5a16004b2f0,2018-07-04,139.06,1,SP,1,computers_accessories,0
2bf0bf5cbf38b387798a9143e05d4c2c,2017-11-07,20.68,1,SP,1,electronics,0
91de6d82a66a52cbc3286556438b4705,2018-03-16,363.29,1,MA,5,computers_accessories,1
b6276d65b997fa8398537cac9f42c55e,2018-07-01,38.41,1,SP,3,electronics,0
03d61f050de69049f4153f164c6f78b5,2018-07-12,291.59000000000003,1,SP,4,computers_accessories,1
0c41f512e2783cc1d84227b9afee153d,2017-07-27,163.82999999999998,3,RJ,1,computers_accessories,0
5202706af09cfff62208ae5a56926b6d,2018-04-04,968.51,3,SP,1,computers_accessories,1
0822275bffed889280029c0c32b003e6,2018-02-05,36.0,1,RJ,1,electronics,0
982a2255031a99176b6786069e8fa1ae,2018-03-02,253.18,1,SP,10,electronics,1
1aa61b751b1fcf147418fe35148bd4cc,2018-01-12,106.97,1,RJ,3,computers_accessories,0
3834ec7f71dbcb2d82167e52a4448d33,2018-03-03,175.0,1,RJ,1,computers_accessories,0
17c9362cdf27556b1765d93729c3beb2,2017-05-11,106.38,1,DF,1,computers_accessories,0
f5306185c917952d794bb6da1280a050,2017-09-16,34.0,1,SC,1,electronics,0
b14878ee970d09943d562f30749318ae,2018-04-17,43.22,1,MG,1,computers_accessories,0
a8b7b51948bf9deabad95734d8470c5f,2018-01-03,68.12,1,RJ,1,computers_accessories,0
086cb9cd0cf7067d77fe09f31620a52b,2018-06-20,204.20999999999998,1,MG,1,computers_accessories,1
c50b038fff0cb3b7da8fc39272cedc8b,2018-03-09,48.28,1,SP,4,electronics,0
1f18ee0a409056c8fb31ec0e16fbeb40,2018-02-09,279.08,1,SP,4,computers_accessories,1
fc9ad67c49c1269a2b4d3e55cc30faa4,2018-04-30,138.74,1,PR,2,computers_accessories,0
82fd71ee2e80629725923a24ac97f213,2017-06-04,122.21000000000001,1,RS,1,computers_accessories,0
30fb13279028a5d1ebc47f8ace9b041f,2018-02-03,105.97,1,MT,1,computers_accessories,0
17f1a38cf243632b938f18aa6b80928a,2018-02-07,36.69,1,MG,1,electronics,0
2154126e5b702c936d6507a6c20bd73d,2018-06-16,205.86,1,SP,3,computers_accessories,1
8b5cf5ac7d33694c12564d2f8ca47535,2018-04-27,41.06,1,RR,1,electronics,0
25b66d9cb3dd45d25788fdb3e226c5b9,2017-08-15,129.11,1,SP,2,computers_accessories,0
cdbd7f161aa1fcaa66712604021d4fd3,2018-03-13,138.72,1,MG,1,computers_accessories,0
2beb9e7414f552d6f876c5b9efbfe2be,2018-04-15,173.88,1,BA,1,computers_accessories,0
60de67cf35d9303bbbb7b559c9eadc84,2017-10-17,32.92,1,RJ,3,computers_accessories,0
a3b803010363e5ad20664a8853b1056d,2018-06-25,144.99,1,MG,1,computers_accessories,0
a58e64aaf179aee88af27f932d4da7b2,2018-05-02,70.34,1,SP,1,computers_accessories,0
8ee530ebcd1df2efa8f0f5b08ef3beb7,2017-10-10,395.31999999999994,2,RS,1,electronics,1
b9b288cdc42a600d0a460dcb92865e4e,2018-02-28,155.01000000000002,2,SP,2,computers_accessories,0
5ba2971983dbd7066539c01bcaad029d,2017-08-23,36.85,1,SP,1,computers_accessories,0
0e1bd6280d543519379a15614783b9fe,2017-03-27,194.21999999999997,3,PE,1,electronics,1
88822075f4a40a08341559346c171018,2018-05-09,129.74,1,SC,1,computers_accessories,0
649c4145bbf6cdb7b096afa02bf5e299,2017-09-16,47.53,1,RS,1,computers_accessories,0
5d681b5588723aa46f699b097a563a60,2018-07-01,17.38,1,SP,1,computers_accessories,0
06b29dbcb820a53c15525933a91ada27,2017-10-16,110.69,1,SP,1,computers_accessories,0
7d23dea62e7241762a980fbe316ff0f1,2017-12-04,24.1,1,RJ,1,electronics,0
6a491833d437ece196bf4185e6748271,2018-02-14,90.28,1,RS,2,electronics,0
e99bb46d32c47a666290f7c5928f7236,2017-07-12,136.59,1,RJ,10,computers_accessories,0
9699c01a896c01b9cb591cdd6ad1adc3,2017-06-08,56.69,1,SC,1,computers_accessories,0
f6efef5d403a2c70636e3903f1ebd151,2018-06-18,52.26,1,RJ,1,computers_accessories,0
c2a3b4f6776c793ad0853b4076fda375,2018-03-23,36.489999999999995,1,SP,1,electronics,0
d28265eafbe1955982d540b0d2237076,2018-03-03,56.78,1,GO,1,computers_accessories,0
ed547e006a962def50f36ec5cedbe46b,2017-11-09,50.01,1,RJ,1,electronics,0
d1e0427b410886678a52f73caa44e264,2018-01-16,106.97,1,RJ,1,computers_accessories,0
2a289c7b780d648ef3ff20d647ea1a16,2018-03-27,161.53,1,SP,1,computers_accessories,0
b6373737638442df0342f512435488df,2017-12-05,28.7,1,RJ,2,electronics,0
2ce81d16edb6568f5ff5b9ec2e5cb4b7,2017-12-28,626.76,1,BA,3,computers,1
21818c420ef980f72b5ef46606977cf9,2018-03-26,22.6,1,DF,1,electronics,0
168181560f9cbee863926c0d0957c56a,2018-07-27,140.76,1,RS,1,computers_accessories,0
5e594c0fba46b4a42cc7b766fa0e06fe,2017-05-12,427.1,1,SP,10,electronics,1
931e76c33f2109e760025ef697884eed,2018-06-14,77.22,1,SP,1,computers_accessories,0
ff2ac13b0f36dffb6af9699f59b18377,2017-09-04,885.36,1,SP,20,computers,1
e7b8437c3c5f2441634448e5a2a3d8fb,2018-02-07,161.85999999999999,1,RJ,2,computers_accessories,0
83e50e2e58cfc9839fb932948f1d7ce8,2018-05-03,674.34,1,SP,1,computers,1
62af8efbe1211f527ab062c3b29d7f5f,2017-08-28,56.69,1,BA,4,computers_accessories,0
917fa92d0e4a7a2297aa28d79a35b64d,2018-08-07,164.63,1,DF,1,computers_accessories,0
4f4da9932bc77a525ca672e3b1b232f6,2018-07-29,66.42,1,PR,1,computers_accessories,0
a7646fef3ed7769ca091e05201151fe3,2018-05-07,202.76,1,SP,2,computers_accessories,1
14d113827939e9deace0b2afb528f1bb,2018-05-30,154.87,1,SP,1,electronics,0
b059fad2b2e545a813a04d3a482bc50f,2017-07-17,39.239999999999995,1,SP,3,computers_accessories,0
767e4a48d385494c5c662f61f9145530,2017-05-14,57.53,1,RS,1,computers_accessories,0
a7e683a499b23ba394f360777a480a43,2018-07-28,109.33,1,SP,1,electronics,0
97f24c8a0a4dc245b0a8c4e9b7139e0e,2017-07-04,635.91,1,MA,1,computers_accessories,1
61cabe0c7863902624818230a6b61a17,2018-02-12,147.97,1,SP,2,computers_accessories,0
6b4186f5efd99b748d530675413ef6cb,2017-08-01,70.62,1,ES,1,computers_accessories,0
da395b46cb926910276c0b3ef76b7bab,2017-11-28,81.23,1,SP,8,electronics,0
38933687de905dff1914deea4ce58a0d,2018-05-03,116.72,1,RJ,1,electronics,0
57310609001cf90e2292085b36b8609c,2018-04-13,60.230000000000004,1,ES,1,electronics,0
c9228d6b986db23662580682699083d2,2018-03-23,45.93,1,MG,4,computers_accessories,0
8fa458f76ef73aca3834d8092d86dd10,2017-05-19,63.269999999999996,1,SP,6,computers_accessories,0
f5c1da9aba0b0b41ec20f6771bfd060a,2018-07-16,32.79,1,SP,1,computers_accessories,0
7ecf083716ec54fd45fc322a9ecd0e23,2018-07-08,16.39,1,SP,1,electronics,0
793e4123530e5d56e9ac29206774799e,2018-08-09,41.5,1,RJ,4,electronics,0
f01040f161c801679c263084377b85e8,2018-01-31,67.7,1,RS,1,computers_accessories,0
3f2502be2cb245c8c7ca170ddf39465b,2018-03-27,217.61,1,MT,3,computers_accessories,1
38eb881851d90ec36b46d10b81792089,2017-01-27,72.18,2,SP,7,computers_accessories,0
35066d34d3d361931bd8dbad2a94bb0e,2018-06-28,70.97,1,SP,1,electronics,0
46cdb74fc020d853a9d8d5100b77dfe5,2018-02-16,38.8,1,MG,3,electronics,0
798a8105c87bcc1f35bc710d5b31278f,2018-07-17,168.29,1,RJ,4,electronics,0
56b7ca6309bd6a7a28e721e5d4b0b490,2018-01-14,92.69,1,SP,1,computers_accessories,0
4cddfa3db1f20697139ba4a46c4fd399,2017-07-22,47.69,1,SC,2,computers_accessories,0
e537459d4e4d330e0f64b1ae07bbd74c,2018-04-12,63.230000000000004,1,PR,1,computers_accessories,0
0e0cb073422fcdc0645935e23d672736,2017-08-08,279.59000000000003,1,RS,3,computers_accessories,1
bad46ed77a751d33a1a1b352075c3cdf,2018-01-11,143.65,1,SP,2,computers_accessories,0
4534e0f076366321574b9b39f3c3ff52,2017-04-28,86.14,1,SP,1,computers_accessories,0
19eccdbcd24b02d1dd3953f04ed7699a,2018-08-01,78.8,1,SP,4,computers_accessories,0
b737e0546916c525c8a4481243ecade0,2018-03-21,29.83,1,MG,1,electronics,0
497f1ff2bc62b9932e473fdd62ddde3d,2018-03-19,128.42000000000002,1,SP,1,computers_accessories,0
5764ae851e6c27213dc25d7c7e4c713f,2017-08-03,50.09,1,RJ,1,computers_accessories,0
1badd176eb41888c1a20a7614fba59e1,2017-09-18,1391.89,1,MA,1,computers,1
78b0df67ddee0b34012114100c7a549d,2017-03-05,31.86,1,SP,1,computers_accessories,0
2996b875517e6da5784bfd2ad30e41f3,2018-07-18,557.36,1,RJ,2,computers_accessories,1
74a73605b5d8e00f1692a308a2ea566e,2017-12-27,53.0,1,RS,1,computers_accessories,0
d041111c5d8c66db0816ad51870d58c4,2017-04-07,36.42,1,MG,1,electronics,0
eb91575e0aa379948936984f822ef76c,2018-01-08,37.0,1,MG,1,electronics,0
17a7658b3921d1511dd996bd92f02e27,2018-04-26,43.37,1,SP,1,electronics,0
4415361bddc6491e81dff0a462283bb7,2018-03-28,38.28,1,SP,1,computers_accessories,0
32d02c7aaee4f08d65f23e86e6fd4ac7,2018-01-26,173.27,1,DF,3,computers_accessories,0
d64129bd118f963e990da57952b940a8,2018-03-28,89.91,1,SP,1,computers_accessories,0
ab0c3c453c2467ddddf00d7c3b1cfdef,2018-03-19,108.31,1,MG,1,computers_accessories,0
966004c159b5f144988649907841b502,2018-02-28,161.85999999999999,1,MG,3,computers_accessories,0
7b097f892b3cba2de93590049d8875c0,2018-04-02,85.62,1,SP,1,computers_accessories,0
8b658d5b253115ce870a3b21f39899df,2018-02-01,96.31,1,RJ,1,electronics,0
cb131af379d402c6f6c9b62bde622e75,2017-07-27,42.77,1,SP,2,computers_accessories,0
c2339bbec3aaccee5dfb887e03903617,2018-06-01,189.0,1,MG,1,computers_accessories,0
7050ca67abc28e54c96dda64fc044dc6,2018-01-20,218.23000000000002,2,RJ,1,computers_accessories,1
21ce1808ea117d397cae34b95036a4c7,2018-01-14,36.69,1,MS,1,electronics,0
fdf69195de599720c7b0292fb09fa55d,2018-05-05,167.62,1,RJ,2,computers_accessories,0
71a9b0571a7e3a1094faefdd6be2a999,2018-08-23,101.82,2,RJ,1,computers_accessories,0
defa35b1f40e19ddeea7aa2aadb0ef3f,2017-10-09,64.1,1,PR,1,computers_accessories,0
e677ab34eb52c66dd39e65b9aa84fe4c,2017-11-26,922.02,3,RS,1,computers_accessories,1
1d8747e28d2a17848780cacc9b445280,2017-07-13,222.19,1,RJ,10,computers_accessories,1
2e386e86851d57f3a4f9b2bde748df42,2018-01-03,33.75,1,SP,1,electronics,0
4de4b5399589ac552a438c88653fa27b,2017-05-08,1055.92,1,CE,10,computers_accessories,1
149d32ba42826835e09c375b8a1fa923,2018-02-22,99.01,1,RJ,8,computers_accessories,0
0767f7b9a6d2c7db242000b27ca8e063,2018-01-02,20.85,1,SP,1,electronics,0
aace0cf63f6c71ef4c9ea309cdafe5f7,2018-05-23,34.69,1,SP,1,electronics,0
e36614a2f40167f0c427f794f873f4a7,2018-06-18,40.15,1,SC,1,electronics,0
987430b7ddb6c5c4a9a83505e40a5f4c,2017-05-14,84.23,1,MG,3,computers_accessories,0
ac0716aa90541fcb9f100e8a7b38e2bf,2017-09-28,73.76,1,SP,7,computers_accessories,0
fb9ba8d9d68c67b4fabe35f76d512f06,2018-02-08,87.55000000000001,1,SP,1,computers_accessories,0
3cd4d6461c966c84e6547503dc04df2a,2017-11-24,729.7,4,RJ,9,computers_accessories,1
83fa07d1dc69104a4cb1468ce3fbdc49,2017-02-23,124.18,1,PI,10,tablets_printing_image,0
c4c40026e751f9603f58fa3b332c937b,2018-07-27,44.2,1,SP,1,computers_accessories,0
df639e770aa7ec752ab42c21b22ec3f1,2017-03-16,41.3,1,RS,1,computers_accessories,0
184c74e2eb22414e43a9a3164b1f4573,2017-11-11,284.81,1,SP,1,computers_accessories,1
46dace37daa6edc055503fda275724b2,2017-08-31,121.26,1,SP,1,computers_accessories,0
3292455dce618c23d0687996cdc06d43,2018-06-11,134.92,1,MG,1,computers_accessories,0
082b1b681e5c80c5334f290e6d5a5405,2017-11-22,55.54,2,SP,1,computers_accessories,0
75fdb76bd6bd346ba369fb5c885c4dbd,2017-07-19,44.35,1,SP,1,computers_accessories,0
c6ef8f535ddcebf7bf83a7def3978535,2018-02-15,189.37,1,SP,1,computers_accessories,1
e684d169c6ce5450a7cf6af58dfeb900,2017-09-23,46.0,1,SP,4,computers_accessories,0
06b7229726fb71407516395c69b6172a,2018-07-31,88.29,1,RJ,1,computers_accessories,0
f3a34019663003872f3892902d2b7b2d,2017-12-14,796.02,1,RJ,4,computers_accessories,1
8cd8ab3299e57a72f3b279754fc9847f,2017-09-08,38.69,1,SP,1,computers_accessories,0
1bf797ec1ed7fcccdf61a61d5f8ce29b,2017-11-27,48.69,1,PR,1,computers_accessories,0
22603fec7e3f3ff128664c52148b0358,2018-01-21,35.69,1,RJ,1,electronics,0
7c25901497bcbcd47e95319a15d2730c,2017-12-01,333.48,1,SP,1,computers_accessories,1
b0fd41f0de4534ebb1756c04ea181aab,2018-07-16,233.51,1,SP,2,computers_accessories,1
8c4118286161a0cb92e5d2f9c5a175eb,2017-12-14,28.75,1,MG,1,electronics,0
65c470b5a3afad5b2af39828131e3e8c,2018-04-13,142.7,1,MG,2,computers_accessories,0
49d87c28f1599b558cc93dc1115ea785,2017-08-14,35.0,1,RJ,1,computers_accessories,0
ab2fa8175483622f44ca36cf7f9198b2,2018-03-21,144.78,1,SP,2,computers_accessories,0
1413b3c018371e723a864ecc6c2d51b1,2017-12-25,122.80000000000001,1,PR,3,computers_accessories,0
d351ad232c9e018edafa9f34f5d03e63,2018-07-30,447.68,1,DF,9,computers_accessories,1
49765b9af39e0642708191e9a462490a,2018-02-13,202.66,1,SP,10,electronics,1
1a4f26ea67b1c9f4013809ba466e84e7,2018-01-14,60.7,1,SP,3,computers_accessories,0
15bbb8e1670937e6b9bdf611948c3bf9,2018-04-12,149.72,1,SP,2,computers_accessories,0
010c995323bc17d8156fbe2c37fed63e,2017-03-25,56.12,1,SP,1,electronics,0
7cf743c2c2f5595bf3780b5b379cbab5,2018-04-05,94.43,1,ES,1,computers_accessories,0
85d1f27ce2b79aafb89810ff41fc3e72,2017-12-23,172.01999999999998,3,MG,1,computers_accessories,0
822430c455b49b1714466db2a15f4322,2017-04-23,991.2,1,SP,10,computers_accessories,1
7e20b68bb504bd8d70b6ef457f287f76,2018-04-28,126.64,1,MG,8,computers_accessories,0
f8e0d73a0d29119847eef26cb525bf16,2018-07-06,32.43,1,SP,1,computers_accessories,0
6f14ef9e1c67a1ca8e572a477c1b58b1,2017-07-18,414.14,2,SC,1,computers_accessories,1
35d8452c4085b7bad1b14bc47d24091b,2017-10-15,81.63000000000001,1,SP,1,electronics,0
ba9cbecc6a528dc98683accf4656c945,2018-04-19,120.84,1,RJ,1,computers_accessories,0
3c9fe4c12f56411725fc69bc8685adb5,2018-03-06,24.23,1,RJ,2,electronics,0
c79fcf430e3532739c1344bdc0a021db,2017-02-02,120.14,1,BA,1,tablets_printing_image,0
4bb508ed8217864a44341f4e5e41e04e,2017-11-25,95.8,1,SP,8,electronics,0
6cdad32a7c806be6cca65ff0d763389e,2018-02-13,138.07999999999998,1,RS,1,computers_accessories,0
dc942b12a2d1c261d42dbf4ecd4451f5,2017-07-02,172.03,1,PB,1,computers_accessories,0
b11be1ce9a1f9812763eba8c91fc84bd,2018-05-22,159.96,1,PI,2,computers_accessories,0
014e78d1239f19fdcafd760d3e52f923,2018-01-26,28.5,1,RS,1,electronics,0
525533c5eccb7f4665306a7e01783567,2018-05-22,22.38,1,SP,1,computers_accessories,0
aaf899ac4389cbf67485784ac38fce72,2018-05-15,26.77,1,PR,1,electronics,0
1fd79dd0da723476a2633d9321a59f59,2018-04-19,95.34,1,DF,1,computers_accessories,0
782c4d5c8798575202f65724099caa4b,2018-02-25,57.0,1,RS,1,computers_accessories,0
9fdbbd0977c4f7330b8c2c4aecd30110,2017-12-07,190.37,1,RJ,1,computers_accessories,1
afd2be9f021ab713651e41c2eaff1d04,2017-06-03,213.51,1,PR,3,computers_accessories,1
e79482cdab6fba3d35fd8293343e5aa7,2017-11-10,60.09,1,RS,1,computers_accessories,0
e89fc3dc889628e2e8ff060c38ae7781,2017-06-06,55.0,1,SC,2,computers_accessories,0
2c9b1f7bef0f4fd1ff94ce18f9ddc0bc,2018-01-16,43.05,1,AL,1,electronics,0
1c6df404972aaa1832eabdde60936615,2018-02-19,173.27,1,SP,1,computers_accessories,0
a33a09b1320a130c61d1d5d9b8aec5ee,2018-07-06,138.11,1,SP,3,computers_accessories,0
9ad9270de3bd98ce09213f047dc7a16d,2018-04-27,180.17000000000002,1,PA,3,electronics,0
8797dc96576f93204dc46d189f4a724b,2017-11-07,158.45000000000002,1,MG,3,computers_accessories,0
ae32ac8eb468647f01858d133a4d4841,2017-12-16,34.17,1,PR,1,electronics,0
8a5b38ec15fb5bb88a060a17587a2590,2017-11-17,36.239999999999995,1,SP,1,computers_accessories,0
70b14d661add0cbde2c7f5288e5c531b,2018-08-16,95.64999999999999,1,MG,1,computers_accessories,0
0cefa8913dd1e629ba0ab5da5ae6bdf8,2018-01-05,228.53,1,BA,1,electronics,1
230c3aecc2d5f855e6dd4ce8a98ecf13,2017-07-27,40.85,1,SP,4,computers_accessories,0
1c4e52b03bd97ecc8800eaf8c6046cb9,2018-04-17,98.34,1,RJ,1,computers_accessories,0
7af48c3262020f1e61fed763bbe80920,2018-02-05,392.02,2,RS,4,computers_accessories,1
26c71804bc6af868d57e6a409f219bfe,2018-01-03,106.22,1,SP,1,computers_accessories,0
5b8b540b5934e4af4790f609af380cf8,2018-02-21,143.2,4,RJ,3,computers_accessories,0
c3a026aa647c5f58bfd25a10d326ec42,2018-03-05,88.91,1,SP,5,computers_accessories,0
4217849b1ff18a9270fe048eabc4dc45,2018-05-02,67.88,1,SP,1,computers_accessories,0
d29d63928559ca53630a4e064a42381a,2017-03-27,124.18,1,PE,1,tablets_printing_image,0
873b10344643e4206c7f04cd54a1fa72,2017-10-16,205.07,1,RS,1,computers_accessories,1
fef88a82df9affd47bdc67a4c8bbe4b2,2018-02-13,94.3,1,RS,1,computers_accessories,0
4c4e46efe9ab903ef5c07c9ed3f1e8a5,2017-08-16,29.38,1,PR,1,electronics,0
97dcaf1261b71f6b774088bdd79c7890,2017-03-26,60.010000000000005,1,RJ,1,electronics,0
ddad987b1ab585281640b4b7e7261ede,2018-01-22,105.17999999999999,1,SC,6,computers_accessories,0
6e37d33226a8c50b397a7a334bcfd8f4,2018-03-18,32.83,1,PR,1,electronics,0
375460b07c62449c2237d05ff2282139,2018-02-25,177.49,1,MG,2,computers_accessories,0
93b5be70ab423cbcff4ce9e100a8b595,2018-06-07,159.77,1,SC,2,computers_accessories,0
94cd0e6c0167d82a8806359b84dc0a0e,2018-07-30,44.29,1,RJ,1,computers_accessories,0
346b96107cfff3b894f76c7e9224bb1e,2018-01-07,36.69,1,RJ,1,electronics,0
5b2c9910c96e7dec4dac98d009a43858,2017-02-19,124.79999999999998,2,SP,1,computers_accessories,0
93670a5c977fd8e687b42178388d9ce7,2018-08-17,36.04,1,PA,1,electronics,0
92561e6b23660ccced04c88ee24f6df6,2018-02-06,103.64999999999999,1,MG,1,computers_accessories,0
c2a74c32297a978e0e9b2b2797b917eb,2018-01-08,394.94,2,RJ,8,computers_accessories,1
b01f56415d8fd608605b7a1673abf6cd,2018-08-07,317.39,1,SP,1,computers_accessories,1
79fa444e8356d0ed4f75c4666db50347,2018-07-04,164.63,1,SP,2,computers_accessories,0
8eb23149ea2c92f5180a0f5e5753e1b3,2017-06-30,191.99,1,MS,4,electronics,1
e98379ee17e55f764423de1d693daf42,2018-01-30,20.68,1,SP,1,electronics,0
032f490884e03049a3ec0379ea0abb82,2017-06-08,216.25,1,SC,1,computers_accessories,1
51dc4d44b3dd650e6e1ea0486819e0c2,2018-06-23,35.82,1,MG,1,computers_accessories,0
df14bdc601f10bff4d2757a9710be81f,2018-05-11,37.379999999999995,1,SP,1,computers_accessories,0
e70216ba107820e5ae3a74bae559bc6a,2017-09-22,160.35,1,MG,4,computers_accessories,0
1a0b31f08d0d7e87935b819ede91a321,2017-04-11,51.35,1,SP,1,computers_accessories,0
4e1de8ce601dce8d9ec0049bb09af89d,2018-05-14,209.57999999999998,2,SP,3,computers_accessories,1
f967a36beb9cc4a1c8899db2d4adfacb,2018-03-29,36.93,1,PI,1,electronics,0
bd082df331ea01e5fed75bd20f124cf3,2018-04-02,478.18,1,GO,9,computers_accessories,1
c42c77adb71ee6c1ca91e61888a18932,2018-02-24,167.39000000000001,1,MG,2,computers_accessories,0
6127797c104df1ac653da2a9783f2d65,2018-04-15,24.38,1,SP,1,computers_accessories,0
902b131c259343f5ed33793abe78e408,2017-07-10,27.689999999999998,1,MG,1,electronics,0
8881dc280b8de23e6913aaee6bf61bb5,2018-06-07,173.91,1,PR,2,computers_accessories,0
f45c2739157a61ee8da5724e961a227e,2017-06-27,212.63,1,SP,1,computers_accessories,1
5a21bc094a00548eb4ede75095889e95,2018-02-19,35.69,1,BA,1,electronics,0
86200deb58eb0b29e666114e87e76302,2017-11-29,340.96,1,SP,2,electronics,1
208fd0f311f3bedefc7658b648736b8e,2017-12-22,217.15,1,RS,8,computers_accessories,1
12fcd7e7ba3b8dbe376fe73f27aa0a94,2018-04-01,81.62,1,MG,1,computers_accessories,0
af0bbb47f125381ce9f3597dc70ef07b,2018-02-09,23.6,1,MG,1,electronics,0
fc397591bee787fb156a971904c4b51f,2017-09-13,65.53,1,MT,1,computers_accessories,0
84d60e19027c1623f295fe43b74ca280,2018-07-29,40.58,1,RJ,1,computers_accessories,0
057b58254cebaa14e712b7beb7bfa9a8,2017-06-16,53.33,1,BA,1,computers_accessories,0
93a864c37dae71568ea5f14dc1dc5aa5,2018-04-30,19.64,1,SP,1,electronics,0
d600ade4b93f1464f08161e661d9812c,2018-02-20,96.72,1,SP,1,computers_accessories,0
eb97cb9c0ed7c74852c09b053bf513c0,2017-11-08,17.78,1,SP,1,computers_accessories,0
e1c33883a87b85bad4296f6d61aa5f7d,2018-02-06,29.68,1,SP,1,electronics,0
64c9964d22277d994f527777add3c406,2017-06-13,108.44,1,SP,1,tablets_printing_image,0
dafafa54ad54ef9c116bd8c6cca4b7ed,2018-03-28,197.8,1,SC,1,computers_accessories,1
d2b0ee54c610c7e21c4ba15a4e5aafe2,2018-01-17,163.29000000000002,1,SP,2,computers_accessories,0
694e3d121f16bcbb9b4595b6c6ab3baf,2017-12-15,2732.06,2,BA,10,computers,1
5809615d50c0de0f3750359fb6bb1df3,2017-06-02,120.24,3,RS,8,computers_accessories,0
07d3edf3fa2d24ebc102315c95ec89f4,2018-08-01,25.78,1,SP,1,computers_accessories,0
9f1d81a33c0c36452e83465a9c324c41,2018-02-28,189.37,1,SP,2,computers_accessories,1
bf00ad2335cd5715823f0f1980a8e8ab,2018-03-12,138.72,1,RS,3,computers_accessories,0
08ed4f84b1a078202e8da80c8d96dc77,2018-02-28,72.81,3,SP,3,computers_accessories,0
4d670725075298192ec296c1aa5f6eab,2018-08-03,60.98,1,TO,4,computers_accessories,0
71afd4d3202442d362d5e52112ffe080,2018-08-11,218.49,1,PR,6,computers_accessories,1
e5dad7f6c0e2ddd8daee42d61d7063fb,2018-04-11,156.37,2,RJ,2,computers_accessories,0
434227ef75dde10f4049fe6b219d13c0,2018-04-16,181.79,1,SP,6,computers_accessories,0
af7de7cc75eb2f7d0eff2e383eccf083,2018-02-28,67.4,2,DF,1,computers_accessories,0
f69258a9318a993c9354122221c82980,2018-08-07,31.56,1,BA,3,electronics,0
b7e332393b5e64cdc10d308c971a41c4,2018-08-16,54.269999999999996,1,SP,2,computers_accessories,0
da9f86485be515d23d10033bdfe2f8ad,2018-08-10,160.07,1,SP,3,computers_accessories,0
8a4611e08772a0a101cbeee84f121200,2018-03-05,198.3,2,RJ,10,computers_accessories,1
026f3440c258a87c9f6fb9c8e1bbb6e7,2017-10-18,47.71,1,SP,1,electronics,0
c6a7876557e3e3e31f229852dfa4f5c3,2017-09-25,345.51,3,RJ,10,computers_accessories,1
8770d612f74d5015ceb2d739911887a1,2018-07-05,49.02,1,SP,1,computers_accessories,0
7a5941b80b56b7d80e8e695e1c88eed4,2017-12-08,49.85,1,SP,1,computers_accessories,0
ebe03df05336a64593a9d06ed6b09db5,2017-10-09,183.1,1,SP,1,computers_accessories,0
89bc56fc811f39de05111fa8d720ac60,2017-08-04,61.75,1,SP,3,computers_accessories,0
c9dff4871bed0bc5d4b917767a22d67d,2017-11-24,1740.3899999999999,2,MT,10,computers_accessories,1
0f2bee3cf61b938dcfdf5cbc0bb2f9f4,2017-09-26,122.80000000000001,1,SP,1,computers_accessories,0
f8aa20752115b536eacee3d561989f35,2017-05-15,112.4,4,RJ,5,electronics,0
2e8be4cb1a41afbbe6efc1c84831a55e,2017-07-24,40.01,1,MG,1,computers_accessories,0
4e8b695203ce1447833493b8898ad943,2018-04-27,26.78,1,RJ,2,electronics,0
967868315b8ce562c1deec7e1ce602a5,2018-01-10,217.21000000000004,2,TO,1,computers_accessories,1
fd04ea30a531fba782ca80dbead05a5e,2018-02-21,43.69,1,ES,1,computers_accessories,0
c40dde193e5c66baefaaace305961861,2017-10-21,40.989999999999995,1,MG,1,computers_accessories,0
838411338443a817cfb4c26f0f7a9c9a,2017-11-21,63.7,1,SP,1,computers_accessories,0
b842a958b4bdb5de1b88ff1795c361b3,2017-05-14,70.17999999999999,2,SC,3,computers_accessories,0
397cda88cf14fa47dd00f8ce20346f25,2018-08-10,932.54,1,SP,1,computers,1
cb06895eef8c353edd5828ac4281eb9b,2017-05-31,127.6,1,SP,7,computers_accessories,0
f85a3babb8f57542a4493f9c45523501,2018-07-04,110.33,1,PE,1,computers_accessories,0
e34289f949f822de6f3a2f6a8402e5cb,2018-01-11,139.43,1,RS,1,computers_accessories,0
658bea3a595af733d395a91ed9714160,2017-11-23,501.44,2,DF,2,computers_accessories,1
bc4a4f7bac3e6d96ea9f3d282e621806,2018-04-19,77.28999999999999,1,MG,1,computers_accessories,0
053eb07a9c8d113f338336ff5544d18d,2018-04-19,54.75,1,PE,1,computers_accessories,0
de9df170e0b97a46f12f9bc8eca0e0b7,2017-02-10,35.42,1,SP,1,computers_accessories,0
6d1e24636558186d996520563f53df00,2018-07-14,52.07,1,ES,1,computers_accessories,0
53abe7c4aed1dfb3bf25e69723fd9a4d,2017-06-09,304.2,2,SP,1,computers_accessories,1
1c70638bb9739cd0ec124e4af1367312,2018-01-26,35.089999999999996,1,GO,1,computers_accessories,0
7122fa45d10437278bab815f67002798,2017-02-20,40.86,1,SP,4,computers_accessories,0
3d7769d40f0a71dd4954af1ddea4897e,2018-02-16,141.44,2,BA,6,tablets_printing_image,0
f974be4f3b9bbfd12587321f437e77b4,2018-06-21,95.56,1,SP,1,computers_accessories,0
be754126110440ba89a5456475333453,2018-03-02,414.0,5,RJ,1,computers_accessories,1
36c3bf59155e236837a7044dc3821b1a,2017-04-23,70.98,1,SP,1,electronics,0
f3bc6575842f8518d2bca5e71ea8c4de,2017-11-24,56.69,1,RJ,1,computers_accessories,0
7bc56777d8102ea04056ff4e3517df3c,2018-02-21,35.75,1,MA,1,electronics,0
8a3a982956e0c1176a1f5197bd7f9552,2018-08-16,108.42999999999999,1,SP,1,electronics,0
f71951324325e3af9ee2137e922d98ce,2018-04-13,100.44,1,DF,1,computers_accessories,0
84b493c33c9917471d9c6322d3c2c4f3,2018-03-26,181.32999999999998,2,SP,1,computers_accessories,0
ee878ee16f84c47738cda240e8550a90,2018-01-25,27.799999999999997,1,GO,1,electronics,0
0a13aec53ae766fb150be89f7c93a73f,2017-10-01,35.0,1,SC,3,electronics,0
e78cde66f03731202b0f5e082b0b0cff,2018-03-09,24.23,1,MG,1,electronics,0
2f08b7d5e2f0cb3a1e8a8c95579a6b34,2018-08-20,67.67,1,SP,1,computers_accessories,0
426810dc2665908eba9683825a6e922e,2017-11-24,58.17,1,SP,1,computers_accessories,0
195a3ab9bf618fe05066b2ce276d2bc0,2018-01-21,73.74000000000001,1,PA,4,computers_accessories,0
0f7f49cb7403190016ad3ddf2f4adfce,2017-08-31,75.06,2,RJ,1,computers_accessories,0
7d37719edab33266657f56d6739b837e,2018-07-27,173.67000000000002,1,DF,1,computers_accessories,0
82edaaa3e8d63b2f7442f3f2199e3803,2018-04-12,163.71,1,MG,2,computers_accessories,0
68581be5a169aa794008314a3f641b71,2018-06-29,140.04999999999998,1,SP,1,computers_accessories,0
6aec640ac5495838d57e1f3009f99898,2018-05-05,87.02000000000001,1,RS,1,computers_accessories,0
6413a8cd79f9720426fd12968b388228,2018-06-25,889.28,4,RJ,6,computers_accessories,1
219e223faa8b8622006bc6242a1bf011,2017-06-16,126.22,1,SC,3,computers_accessories,0
01e7138289b75d9624b04dfe12379c1d,2018-02-01,64.75999999999999,2,PR,1,electronics,0
41e26896c2835821f7622124a8ebf047,2017-07-15,127.6,1,SP,5,computers_accessories,0
8760a79c661c65e8e42365e7a4c24d9b,2017-12-07,195.12,1,PR,1,computers_accessories,1
9a0b2a68507680a6e151319e4b6e68f7,2018-05-26,891.8599999999999,2,PI,6,electronics,1
be24f704e21aba5290a31f80a3a55aa6,2018-02-28,28.0,1,DF,1,electronics,0
1facf0f943e2e863012876581d779f16,2017-07-04,102.22,2,DF,1,computers_accessories,0
11d2a4111b0de56991e1ccbeaf4eb0e8,2017-03-08,215.86,1,MG,1,computers_accessories,1
34b426d7bae7fa280beff9a3cda190da,2018-06-20,31.11,1,RJ,1,computers_accessories,0
070c8ff950e077ba4948ef4db4733b74,2018-03-30,37.129999999999995,1,MG,1,electronics,0
a3725dfe487d359b5be08cac48b64ec5,2018-05-12,222.29999999999998,6,MT,5,computers_accessories,1
8ee667e6f4ac4034b939b09c26f1ce2e,2017-11-13,87.15,1,SP,2,computers_accessories,0
bcefb2f90509c4f4fffc20527ebd3cb1,2018-07-14,153.82,1,SP,2,computers_accessories,0
60d5d73a6b8e2e26aa2fc8c499fb3126,2017-11-21,76.08,1,MG,1,electronics,0
da32fa81177a5a6ac35177b05714742d,2017-06-12,46.69,1,MG,1,electronics,0
38f774e2c34f2f57819fda4fe0de9d56,2018-07-30,93.19,1,SP,3,computers_accessories,0
b7736986a062d9a733ac210a459f0dbc,2017-09-22,42.68,1,SP,4,computers_accessories,0
df6d8b7768a047c2981bae0a24afbb01,2017-04-04,243.98000000000002,1,CE,2,computers_accessories,1
3f01e7549f763a26cfa6bda60a8396a4,2018-08-22,22.78,1,SP,1,computers_accessories,0
e4b35ca9f1267c27309ebb5b2afc0587,2017-11-17,48.69,1,SC,1,computers_accessories,0
ddc5ef5f86c69f1a29ff3e05e3fc54ab,2017-11-28,36.69,1,MG,1,electronics,0
a25f8c8c17243276e72fca0857e94789,2017-12-06,88.2,2,RJ,1,electronics,0
93e219b26fef634184aab97320ddeecb,2017-12-17,41.0,1,SC,1,electronics,0
4a0e80769135f6a7ee952872fb2f7fc4,2018-03-17,73.0,1,SP,1,computers_accessories,0
b0db4e1bf966cf4e2b192e3d64044483,2018-07-12,63.42,1,SC,3,computers_accessories,0
f95d91071966bc70023eae0e1750c1fc,2018-03-21,92.83,1,SP,1,computers_accessories,0
f06876678e6f65feb46836d048f45a85,2017-02-02,113.86,1,RJ,1,tablets_printing_image,0
e19d1a3f0ecd42e0ae3c3f37c6823270,2017-05-14,31.689999999999998,1,MG,1,electronics,0
01d80471e02a3ba49c8e1d0abc2c1a64,2017-05-03,91.23,1,RS,9,computers_accessories,0
2dfceb6a6d47a3835536db64f6c610a7,2018-02-26,82.62,1,PR,1,computers_accessories,0
76c72bbed910cb530e30f5ad32119c62,2018-03-11,167.92000000000002,1,MG,3,computers_accessories,0
b2c336b44ecbf140c6eb570121e4d7e9,2017-07-18,417.31,1,PE,2,computers_accessories,1
45b1b3b169e059058cccd3eed24aa5cd,2017-11-21,47.69,1,BA,1,computers_accessories,0
89c88883c8357590eb4ba9775221fa85,2017-11-28,254.01,1,RJ,3,computers_accessories,1
01d5897e2c8a23b37ec65e0e72fbe956,2018-04-06,67.21000000000001,1,MG,3,electronics,0
f37f105aa1128b56962047c8bd46b4a2,2018-02-18,29.68,1,SP,1,electronics,0
eb36186e43652c37fe13774f77e7271c,2018-04-27,59.04,1,RJ,2,computers_accessories,0
3d28169cfef7d5273f7a6f7b1597f2ee,2018-07-25,33.43,1,SP,1,electronics,0
0aa3718b7db60c5ebec88b485cb975db,2018-07-13,41.36,1,SP,1,computers_accessories,0
bf912d30c6bc748c24a568e024cf1ec4,2018-07-18,32.43,1,SP,1,electronics,0
7e1c037b1854670dd27cda995f9b11e2,2018-07-08,393.46999999999997,1,SP,1,computers_accessories,1
676e8e8f2f7d4d644019e9aac8b76ef7,2018-03-21,173.88,1,BA,2,computers_accessories,0
ed35f59756edecbfcefb866146f00905,2017-12-16,1344.82,2,RJ,8,computers,1
b2183f3202315420b832c60b08cf7fd6,2018-02-19,65.1,1,SP,1,computers_accessories,0
de001e88a16cecc089b911816d0cc818,2018-06-24,122.41,1,PB,12,computers_accessories,0
7cd437e4308ccfdf9df64a5cd7cb3cce,2017-06-07,57.34,1,SP,1,electronics,0
e8db697a6bd22722ed990beab0b844c9,2018-07-11,117.78999999999999,1,PR,1,electronics,0
a7b984cb7dba04216ef3408f9fdc724f,2018-02-16,158.17000000000002,1,MG,1,electronics,0
62f1923bf7409f0a4c029c4576499d4f,2018-03-23,21.04,1,SP,1,electronics,0
e208a6bd0e030c2240ec286633bd9039,2018-06-08,44.379999999999995,1,SC,1,computers_accessories,0
10feb46f47b85fa9eee572eb5521dd54,2018-05-10,31.11,1,RS,1,computers_accessories,0
24bb32382ef27d26bd21c0919620c4ff,2017-05-16,106.06,1,PR,5,computers_accessories,0
63566db60bbeb077e5d7c18411674b8b,2018-08-06,205.95,1,SP,2,computers_accessories,1
3ec2fdd4a3f6f2e2d053b3b0bcac4531,2018-01-05,74.0,2,RS,1,electronics,0
df7cf69b92e5ffc5ff57038ee4990f00,2018-06-08,28.95,1,SP,1,electronics,0
750c2f8abeb99e69c24d98485ebb4022,2018-01-22,42.69,1,RJ,1,electronics,0
fe537e6a4ecefcef1306d5d67ed38c16,2018-02-17,397.36,4,RS,8,computers_accessories,1
86245d8147b4d169e9e1587c6d4e7f45,2018-03-19,48.37,1,SP,1,electronics,0
1b2e46dc89f67428df456980ad2ed5f9,2018-07-23,27.299999999999997,1,SP,1,electronics,0
8afb063e8c6757ee2a1a8fb16029aa8f,2018-02-20,58.79,1,RS,2,computers_accessories,0
5b361f79a49d353fe005273cc5dd725d,2018-05-12,28.880000000000003,1,ES,1,electronics,0
977649a07fb7be354cc39d9a79ee83e1,2018-07-11,861.24,1,PI,5,computers,1
a111f1d17afc3e76dd0c2428a96a7617,2018-08-05,114.49,1,SP,1,computers_accessories,0
5207664bb97d53e5e9cdfd0163380e2f,2017-03-26,266.96,1,RJ,3,computers_accessories,1
da53168e1e12e3408d193c03604f260d,2018-07-05,100.06,2,RJ,1,computers_accessories,0
a58a3ce88136b2ca8432465f4bb5adaa,2017-08-11,61.69,1,RJ,1,computers_accessories,0
1e62c84c858e09d44e8612fd6efeeb32,2017-07-14,250.84,2,RS,1,computers_accessories,1
3e260a92ff50c19fbc36aa8a1d0970d1,2018-02-15,56.05,1,AL,1,electronics,0
66b04218fe3a0af6ca54d243ecfb3737,2018-02-03,44.69,1,ES,2,computers_accessories,0
5466d76b73c2c9ea826b3fc661288d0c,2017-08-21,148.76999999999998,3,SP,1,computers_accessories,0
0fb1f7c7042e9fa84d8d415c5fdec5c9,2018-02-23,29.1,1,RJ,1,electronics,0
3200257acc9dd36d1fa819e72fca7e59,2017-11-24,333.36,2,SP,1,computers_accessories,1
f7d5fa83743d8d78c798e7824125ee7f,2018-03-03,88.91,1,SP,1,computers_accessories,0
27cce60fbd7767b0efb682ce2597e6d2,2018-07-18,34.95,1,SP,1,electronics,0
8db0f0edb7e7b18d50df712eb5b1a1b4,2017-11-28,72.75,1,SP,1,electronics,0
c1ede3b23d9f2d9d9262290967179d1d,2018-05-20,96.49,1,SP,4,electronics,0
5b8b4d4819cdb1edb181f172f6cf9a2c,2018-01-19,189.37,1,SP,1,computers_accessories,1
c2de24c1d731498ba30b74272b611312,2018-08-20,44.92,1,BA,1,computers_accessories,0
9aab10ca9759779d1ec48cda93fe7c03,2017-06-20,161.56,1,SP,5,computers_accessories,0
b1790ff077b7630f790bba65c012c64b,2018-06-20,155.23000000000002,1,SP,1,computers_accessories,0
45ab65433b358cdb30d0f2af36c96e7c,2017-05-16,218.55,1,SP,4,computers_accessories,1
6fa76c8ed368d55189c8b0670e28d6d5,2018-06-25,26.439999999999998,1,SP,1,electronics,0
961da72306805ebbb55f39e1b83ef01c,2018-04-25,104.48,1,SP,10,computers_accessories,0
cb6195812502c1fc75d2a379596543a8,2018-02-18,142.44,1,MG,2,computers_accessories,0
43fa6811f75be13f1033939f5a6b9ca1,2018-06-26,143.87,1,RS,3,computers_accessories,0
c81f82eab302914d20218d748b132f0a,2017-12-11,54.0,1,SP,5,computers_accessories,0
12c35b9467a007081f7b545b5f8fb15b,2018-05-15,87.64,1,SP,1,computers_accessories,0
f082f28d8497b7ec4f89389dc373c7a6,2017-07-25,50.09,1,RS,2,computers_accessories,0
f354a10235b5d253194c5285396abad1,2017-05-12,217.06,1,SP,1,computers_accessories,1
30e608f69bcd3b2758cc9f28c8af087f,2018-02-13,101.03,1,RJ,1,computers_accessories,0
a56289834f2dafadf7c571cc16d3249b,2018-01-26,19.330000000000002,1,SP,1,electronics,0
812cd0d5b71a2f8fc46d2cb6bbd578a9,2017-11-27,212.73,1,SP,3,computers_accessories,1
a37c35b30b6e6d6e5a62c846cb093a32,2018-08-26,33.71,1,SP,1,computers_accessories,0
187bccd4e95e2d51f099e6174311283f,2018-06-15,35.82,1,MG,1,computers_accessories,0
2124d1e1d8114cf8b7637b46d40ce9c2,2017-10-15,40.01,1,MG,1,computers_accessories,0
102a6b13aa973c8c169ba1d62ffa4cce,2018-06-08,30.23,1,RJ,1,electronics,0
c3d4a434cde1a90cd2ca37244c83ed0d,2017-06-09,367.2,1,RS,10,computers_accessories,1
a822bdce05aae4a72e40171aed06096d,2017-08-16,17.22,1,SP,1,computers_accessories,0
cdaa3fb8ca6c3e104eb00fe8a33c88f6,2017-12-01,40.489999999999995,1,MT,1,electronics,0
a0469b6e4b00520b86b346163905059e,2018-08-16,93.21,1,SP,1,computers_accessories,0
96aabbf6c7fe4fc427862aa6db301f69,2018-06-07,36.95,1,SP,1,electronics,0
44bbcd212c259d0ce5f8a9eb94084757,2018-02-09,80.56,1,PA,3,tablets_printing_image,0
ac5ad4cfc85f922013597f80a6c59099,2018-02-27,263.24,1,SP,1,computers_accessories,1
a8a92512496f02da00cf23fc2066121c,2017-07-05,100.34,1,MG,1,electronics,0
56f708dbbcd371c568332d3dc8dd5c09,2018-01-12,25.5,1,SP,1,electronics,0
63a2ef605ed6a193d40b312ca1b014d5,2017-12-11,657.63,1,PE,4,computers,1
8b5a2d60eee784b4c2f3c6d1f6e8811c,2018-01-29,115.21,1,ES,3,computers_accessories,0
900ee0470f53ec2e4e4a50a57b06a85a,2018-01-07,71.38,2,RJ,1,electronics,0
547b80d070dd9bcffd75e40b0230280b,2017-11-09,113.45,1,MG,1,computers_accessories,0
abfd18f163fb20366cc66f777f24d2d7,2018-06-18,45.2,1,CE,1,computers_accessories,0
9177059e7749a43b26a44a14a313811b,2017-03-18,52.519999999999996,1,PR,1,computers_accessories,0
baff031eabb2b15f770c6ae2f62d76dc,2018-07-30,102.64,1,SP,1,computers_accessories,0
7d312a3fc642bf87ab667ce81cfc7cb1,2018-03-31,129.74,1,PR,2,computers_accessories,0
d6352e09945d985e2d2ef82baed4cec0,2018-03-05,98.49,1,MG,3,computers_accessories,0
f6806cb575dffe2dd24873502bc0b413,2018-06-29,160.8,1,RJ,2,computers_accessories,0
5678b9b26584bd229904c764c3ede0cc,2017-11-25,162.46,2,SP,12,electronics,0
23a3ebd70aa833685123ca6dbd195a3e,2018-04-13,128.19,1,SP,2,computers_accessories,0
1e3afc9cb36a927cb383e0d51cf19342,2018-04-02,56.22,1,DF,1,computers_accessories,0
fbb1a0e5c4ba183f6cac6076920dc097,2018-02-03,185.47,1,SP,2,computers_accessories,0
d764dbf4808e4b71b8602d2c1655767e,2018-03-16,20.29,1,SP,2,electronics,0
5585e904baf149821491997c9499628b,2017-08-26,47.69,1,ES,4,computers_accessories,0
bd34db34f886a82d2f7e9214b6fd01e0,2018-01-10,176.9,1,RJ,2,computers_accessories,0
1f57e9ff5f61f27154f91721393f9615,2018-03-01,38.0,1,SC,1,electronics,0
029b99b0436c25c8de22cb828831ffa8,2018-07-30,442.63,1,SP,1,electronics,1
d904c8fc4955920c3cdb9a2681648f3d,2017-05-29,112.81,1,SP,5,electronics,0
e37462f737a59fcd8f12079e0e927205,2017-08-27,47.69,1,GO,1,computers_accessories,0
905aa2fd9fefde45aa8b7866b02554ae,2018-01-30,165.71,1,SP,1,computers_accessories,0
fd7f1e5cb7d88c786df9b8026d733572,2018-02-05,24.0,1,MG,1,electronics,0
652ea8ea554ac0339e725a3a9c028040,2018-04-20,603.3,1,RJ,1,computers_accessories,1
f96b5c312ad850920b6aed06ee8881ad,2017-12-13,45.1,1,RJ,1,electronics,0
0241b276e1e2b1d6873473c44240b426,2018-02-21,101.03,1,RJ,3,computers_accessories,0
c290cb2817cca2e8d2656617d17acfad,2017-03-16,33.62,1,MG,1,computers_accessories,0
05b771d711b0fa6d8ca9f42c3cc29f41,2017-08-08,70.75,1,SP,1,computers_accessories,0
099d62f80912acec8ebfabeed29585cf,2018-06-25,54.34,1,RS,1,computers_accessories,0
4de1d6ff6036a6aec2cedb92da5f8241,2017-08-05,185.05,1,BA,10,computers_accessories,0
8a3a0e49e2e3eb825a6359d932c9f0a3,2018-01-13,46.0,1,SP,1,computers_accessories,0
63455a963c823380655caf4dc3ba5397,2018-01-11,20.03,1,SP,1,electronics,0
9f52b6eb96c89533abcce1282b6ab411,2018-01-23,99.44,1,SP,1,computers_accessories,0
21d31703cd5df37e311206bf328b022d,2018-02-07,286.84000000000003,1,SP,8,computers_accessories,1
5e7d51bfc94acb16cfcc272c581f85cc,2017-10-29,36.269999999999996,1,SP,1,computers_accessories,0
320e6748fc08ae549af6b07874fe6149,2017-05-15,66.1,1,MG,1,computers_accessories,0
e0ed91e2a699499df74df781f551bee5,2017-04-20,219.64,2,SC,3,computers_accessories,1
bd1a2d3cb80f46c33405cb03d31f0583,2018-01-21,185.64,1,SP,1,electronics,0
ee8dd407e306b0808fd6fddc17ea6f78,2018-04-12,21.939999999999998,1,SP,1,electronics,0
b57284d24eae2c19d2f6729dbb7bf4b7,2018-03-15,53.959999999999994,1,SC,3,computers_accessories,0
d8b32d5403c47d8ee3dadd8efa2fa960,2018-05-29,76.86999999999999,1,SP,1,computers_accessories,0
8c4e90e34f03ddf7c8347d42c6b3c5ba,2018-02-16,202.06,2,MG,1,computers_accessories,1
cc80504e2db2b7b744e2bfe2450c95d3,2017-03-08,59.510000000000005,1,PR,5,computers_accessories,0
6bf03fb2e1bfba95e698287241ad732d,2017-05-09,83.23,1,RJ,1,computers_accessories,0
518e50004c3dded8e8a25b96b47d116a,2017-05-31,48.75,1,SP,3,computers_accessories,0
467d8823c7b37e758ad17a9a61c347bf,2017-12-13,207.27,1,RS,2,computers_accessories,1
86d0407492e51a6150dfa8883cbe4094,2018-02-23,25.5,1,SP,1,electronics,0
fd6ddc28c261b6bd4f68c9205d40e9e0,2018-08-13,75.51,1,RJ,7,computers_accessories,0
642c72a626543627ab9d2750b2fb8d66,2017-05-29,44.379999999999995,1,MG,1,computers_accessories,0
1a69d5fdff0003d4571dffa1a9a10967,2018-02-19,94.7,1,SP,2,computers_accessories,0
02b0bf9164ac7753f9880e46dba17f6c,2017-06-17,63.42,2,SP,1,computers_accessories,0
677b1a4dd9c69ee17aafc0d2b33af06d,2017-06-12,85.6,1,BA,8,computers_accessories,0
74fd22110fce99b893b31cada7e2c3e8,2017-03-06,47.3,1,MA,1,computers_accessories,0
177232fa960427ae2a14f6b52a5473b1,2018-01-18,189.37,1,RJ,2,computers_accessories,1
b15b9ad689e274a34b5b25df2364c96d,2017-09-12,192.89000000000001,1,MG,1,computers_accessories,1
08ceaa7aeb0f28f7f44988d179b5452b,2017-08-16,58.629999999999995,1,SP,1,computers_accessories,0
3765df8b607992dccb4268b1e535c162,2018-01-20,119.2,2,MG,6,computers_accessories,0
8185ba302492c86291d7b1912c94ded3,2018-04-18,688.25,1,PR,4,computers,1
cdeec5de39a62045ad7edd0f00cc8858,2018-02-16,64.11,1,RJ,1,computers_accessories,0
62bec84b920514dd9d777e095fb5be2b,2018-01-26,37.69,1,BA,2,electronics,0
7dd324f942802dde96fb63557eb716bb,2018-04-16,74.42,1,RS,1,electronics,0
ff2d3362026397b4633ed312ffcdab9f,2017-09-17,38.01,1,MG,1,computers_accessories,0
f8d631ef8b5096ff7454bf32eb066adc,2018-05-22,51.129999999999995,1,SP,1,computers_accessories,0
5f22a7ee1c317c6e6f25ebe122f66bdd,2018-01-30,62.71,1,SP,1,computers_accessories,0
4afb1fa9cc394c9f295d203fc7b9bf19,2018-05-20,19.64,1,SP,1,electronics,0
f4371828f48e2b5080d079e60138f149,2018-02-23,82.62,1,SP,1,computers_accessories,0
2213bee227bfb36c66ea52bfb3bc233a,2018-04-16,46.22,1,MG,1,electronics,0
4180b8cf37c71c6a654dcf1623a5ca54,2017-12-19,190.37,1,RJ,1,computers_accessories,1
e73b248d4f6ecbef4a90906e0ec56290,2018-05-26,22.689999999999998,1,SP,1,electronics,0
c36b0f4253481ba100d5a003cd3b6fc6,2018-08-02,62.11,1,MS,1,computers_accessories,0
d89b392ad0bd59b8e4aac2471ad29e59,2018-04-18,168.36,2,ES,1,computers_accessories,0
ee97923b6c1439e110fab51fb70c78b9,2018-02-12,33.75,1,SP,1,electronics,0
e5f831d72ad6fa8ea2a912886f2831c8,2018-04-03,173.88,1,BA,1,computers_accessories,0
a50c2fd61e48768d42124c4b1477acb8,2018-03-28,147.78,1,SP,1,computers_accessories,0
ecacec879cf5892cc982fa6415e60371,2018-02-26,476.44,2,SP,6,computers_accessories,1
a2a14c3ce5305a2e20126dac4cd05a1b,2018-03-03,30.450000000000003,1,SP,1,computers_accessories,0
89a854a74c3f34399207674b686299b0,2018-07-17,161.9,1,MG,2,computers_accessories,0
73b1e5c9d05c96ee6d19a6bf2f79e2d0,2018-02-12,26.35,1,RJ,1,electronics,0
6ff3a48be8338a98cb2c89c335514cfe,2017-06-18,90.28,1,RJ,4,computers_accessories,0
5d6e9993ecc20a59e637ce711858d081,2017-01-19,44.019999999999996,1,PR,1,electronics,0
468bd6899c762e315ec2a00f6d936b8d,2018-02-23,26.68,1,SP,1,electronics,0
9f858808ec5a86b30a41acb6dd729b45,2017-07-16,46.0,1,SP,4,computers_accessories,0
5de9e77c89bb6f31552993baf408f3a3,2017-03-10,167.3,2,RJ,10,computers_accessories,0
fa2de0086db43d394d58f69a111f8f69,2018-06-05,99.52,1,MG,5,computers_accessories,0
f84e156e1671129eb01e38a679129538,2017-12-29,57.269999999999996,1,SP,1,electronics,0
57c77ac6b334c14aef111922d59f7177,2017-03-25,602.11,1,SP,8,computers_accessories,1
791ce20aa4827ff1e05a8139eb1810b5,2017-11-21,41.75,1,SP,1,computers_accessories,0
9b402354813f3cab904867d9ca2dfc92,2018-02-18,374.25,1,RJ,2,electronics,1
90ec36af71b9d7450e0db5083efc90fe,2018-02-05,186.85,1,RJ,4,computers_accessories,0
c2ea1bba24e50ff0dae7d466c1e2986d,2018-04-02,21.04,1,SP,1,electronics,0
9e02ee1512cfa46417768f83ae22c98b,2018-04-21,137.67,1,SP,1,computers_accessories,0
8e69421c91f6d0c452894b190de0d321,2018-02-24,25.7,1,DF,1,electronics,0
cca8f1b678e3b808b83f6466b048dc85,2017-04-09,51.879999999999995,1,MA,1,computers_accessories,0
3ddc07d7669b7ee4d1741132ae14302c,2018-02-01,39.089999999999996,1,RS,1,electronics,0
a9096f7f0b61e8a65ae29ece51a43d03,2018-04-05,108.68,1,SP,1,computers_accessories,0
76dfdc67dd1cc3e3a74027dbee5d9cd8,2018-05-15,28.880000000000003,1,MS,1,electronics,0
7a778b7745be3f801b6bdbd8d54da6fe,2018-06-20,46.03,1,SP,1,computers_accessories,0
2cf54503d7592a2554d8b5b2fc6902ff,2018-02-10,39.239999999999995,1,SP,3,computers_accessories,0
deb2f56956147221f103aefb74c9ca2c,2018-04-13,189.66,1,SP,1,computers_accessories,1
eb5158d41f671648c1c954d8330b2f8f,2017-06-28,166.71,1,SP,1,computers_accessories,0
c9dbfdbd1f10a0b35896dec49bee8884,2018-05-10,100.41,1,PR,5,computers_accessories,0
4199a7bc1c9f1b2df2a5fd055fce1e5d,2018-07-30,250.87,1,ES,1,electronics,1
1e83365a2599c645e08374e7b16558e6,2018-01-18,47.0,1,SP,1,computers_accessories,0
023dced8c25f743c5fdcf14edabac7a8,2018-03-25,19.64,1,SP,1,electronics,0
a76c04c041ff4afb92ba60bc6385d8e6,2018-02-11,119.92999999999999,1,RJ,4,computers_accessories,0
0804701eb9f74ec349c0b1dce5a83df7,2018-08-09,54.58,1,SP,1,computers_accessories,0
095eb530e061e441f8ad27b2c8ca549f,2018-02-12,21.15,1,SP,1,computers_accessories,0
fa3a12a1271d743e56d30a902cce0c1b,2018-04-30,150.52,1,PE,9,computers_accessories,0
f18481fd839eabadc3d84dc73eead362,2018-03-26,117.00999999999999,1,RS,4,computers_accessories,0
a9b84349900ef15cb616e1b75b4c4dcf,2018-06-12,175.3,1,DF,1,computers_accessories,0
e8cf1ea2e67a4904539450c50755d2ef,2018-01-26,101.61999999999999,1,SP,1,computers_accessories,0
00259a44fcad3fc0474329e925d14fc3,2017-12-27,34.089999999999996,1,MG,1,computers_accessories,0
877232104402e5403db953da2a2fc9fb,2018-06-28,203.07999999999998,1,SP,2,computers_accessories,1
5124343628b2cd43d0980ccc67353226,2017-06-08,864.6,4,RS,10,computers_accessories,1
c21f62eab437a5529f7dd3076e7da0e4,2018-01-29,512.79,3,PA,7,computers_accessories,1
a884ca2f4a01c613d72df08dc851755a,2018-02-21,851.61,1,PR,3,computers_accessories,1
684389abce7da40001389a81941b12e9,2017-06-04,31.589999999999996,1,SP,1,computers_accessories,0
6ff141fe62e2b21c5ea927582cf9be61,2018-02-16,61.75,1,SP,1,computers_accessories,0
c23e5dd6ab3f916d4f92f9890ae859eb,2018-05-15,44.129999999999995,1,SP,1,computers_accessories,0
0ec392fc56b5d2e7e4279c19c51b6460,2017-07-06,127.53,1,PR,5,computers_accessories,0
ae3818a9067c10088e84a13bceaa9b68,2018-02-21,94.99,1,RJ,1,computers_accessories,0
791991a7db7d70d16897990d39b0a173,2018-07-07,22.39,1,SP,1,electronics,0
1b3f223f58c9bc6eb519696b4ac16cd5,2018-06-05,103.58,2,SP,1,computers_accessories,0
acd028b8d85a8ac15f7621e610da31e5,2018-02-28,99.82,1,RJ,2,computers_accessories,0
3ac9fd0e6797ffbc3a44bf264ef48f5d,2018-05-07,21.04,1,SP,1,electronics,0
f49edcfe5848443af94ac0c4abfd567f,2017-06-27,62.92,1,RR,1,computers_accessories,0
8dbc85d1447242f3b127dda390d56e19,2018-06-22,4681.78,1,PB,8,computers,1
e21329e12892d716142c2f50ff54d816,2017-06-09,91.18,1,RS,3,computers_accessories,0
6d79dcf0dca92873e245ad1694c2b3ee,2018-02-14,28.75,1,GO,1,electronics,0
a197b35f219e5f959cad58cc5a229678,2018-01-04,46.59,1,DF,1,computers_accessories,0
2f40c8579236a29cb23f92d2533485b4,2018-05-08,119.39,1,PE,1,electronics,0
4ed9c32a4e9d45ab8b3b9596e69f7346,2018-05-15,21.04,1,SP,1,electronics,0
8171523911786efd1d91c66d69051fcd,2018-06-11,3122.72,4,BA,10,computers,1
7de7616c54157429d4da1735349c345b,2018-02-26,98.13,1,SP,3,computers_accessories,0
10a3f7e9bf88b7dc86a767fd278e5bd2,2017-11-08,76.08,1,MG,4,electronics,0
3ca18df2135c0a2602ea7d0e9bf8cb03,2018-05-01,19.64,1,SP,1,electronics,0
cf3be801bb6918904774e23f8f5db5e1,2018-05-09,38.129999999999995,1,SC,1,electronics,0
bca6e11cbc47e5f4b3f8bd46a39dce3c,2018-02-13,47.8,1,PB,1,electronics,0
9ab97695ca406864cd1540e5b4b5d144,2018-04-06,38.29,1,SP,1,electronics,0
78a1892a741bea2ea3695fe515c811f7,2018-02-02,33.0,1,DF,1,electronics,0
6dbf90ca92c05262ffcf5a7988ec31b6,2017-11-26,46.0,1,RJ,4,computers_accessories,0
a9424f275ec54b45085e8b3fdf21361d,2018-08-08,83.45,1,MG,1,computers_accessories,0
6646c2a367068f9fc14a1346daec5db5,2017-08-11,27.380000000000003,1,SP,1,electronics,0
9edc774532d35fdc536fee78a41cce9d,2017-09-13,35.0,1,RS,1,electronics,0
6a105bd695a3bb07a67824cfe3dc263d,2017-05-09,44.0,1,MG,3,computers_accessories,0
1e9fe7f88eb9a4b4378f7e80d37855a0,2018-01-12,111.25999999999999,1,SP,1,computers_accessories,0
f15840ec3f6712cd4c04becb8a3f9e2a,2017-12-04,41.75,1,SP,1,computers_accessories,0
523d5e9ab692bee9c8dfd7063351f696,2018-05-20,42.71,1,BA,1,electronics,0
73b6421eab18b6b987243919b98675f8,2018-06-25,20.29,1,SP,1,electronics,0
85c9164bed6016c63dab9cde6887f37e,2018-02-05,50.09,1,MG,5,computers_accessories,0
b454e4c4cc8948478a19ca36c5e77bee,2018-05-03,158.76,1,SC,1,computers_accessories,0
be7a9c3e520e513bf7de720ea2d85463,2018-04-28,84.43,1,SP,8,electronics,0
3cd0dec57b1ebe2e566a8c9eeacccc81,2018-01-07,149.7,1,SP,2,computers_accessories,0
39eafe33a1c3c9c1a57e1326f3c3a4be,2018-01-24,51.1,1,RJ,1,computers_accessories,0
f73a6ab709a38d529c425eedd0ea6549,2018-04-27,46.129999999999995,1,SP,1,electronics,0
6ece1db0bcaf312af8d04af0cecb15e6,2017-07-20,73.74000000000001,3,SP,4,electronics,0
e3e9e3295f4e1512167c232a0aaae8a5,2017-02-25,50.8,1,SE,1,computers_accessories,0
fdddc15fc7b9c37476820d6eb722f33b,2017-08-29,1129.57,1,PE,15,computers,1
b30e8706285c15e74685d5e1c5c56366,2017-08-13,40.01,1,MG,1,computers_accessories,0
42aba87a5d74e497fc853cde910d4e32,2017-11-24,27.77,1,SP,1,computers_accessories,0
972f03a2ab321bf017e5935258d033fa,2017-09-01,68.53999999999999,1,CE,1,computers_accessories,0
3edbbef8745cef6c2e474153945c8e0d,2018-04-08,173.59,1,DF,1,computers_accessories,0
0e80c0d12085997d97ada58dda2ed84b,2018-03-25,37.129999999999995,1,RJ,3,electronics,0
1874385b2e1267b83f06520d354ae9fd,2018-04-07,27.6,1,DF,1,electronics,0
85c4170fce54fdeff14d1bdfbc01ccb5,2018-01-18,33.75,1,SP,1,electronics,0
2884411103e7fe124af5df8b85a8fb7b,2018-06-08,73.44,1,SP,1,computers_accessories,0
ac1ad6203d23f24b2a0d5f03194350c4,2018-03-06,263.18,1,SP,3,electronics,1
bf48c37aab37d5df8bf6bd53727693d8,2018-07-13,171.06,1,SP,10,computers_accessories,0
2ec81b9e5f5e40c41a3e747ca4dd8d8b,2018-02-22,116.26,1,MT,3,computers_accessories,0
11da60acfcd7ff313e1ef9c2f86029b9,2017-12-04,122.80000000000001,1,PR,1,computers_accessories,0
cf5f5f819b2d893f6b4545d61025dcf4,2018-08-15,62.98,1,MG,6,computers_accessories,0
6192bdc9139ad21eb4e63055f1a7c8ce,2017-07-16,166.81,1,SC,5,electronics,0
4de53bbf0a2a3bae777eb829a3145c9c,2018-01-22,213.74,2,MG,1,computers_accessories,1
bc089a713e2c97ed61557065adbf9cf2,2017-12-23,190.37,1,RJ,2,computers_accessories,1
8431c1024f6407ab4f4b5f45a60fbb4f,2018-04-03,92.83,1,SP,1,computers_accessories,0
84b2dc2dc448456c5727abb0b43a108f,2018-02-16,177.49,1,MG,1,computers_accessories,0
807ab3e85f25f4d8abe5a1379b177d69,2017-11-24,56.0,1,GO,1,computers_accessories,0
2f5860ef509cf4e68e48e91541613cf0,2018-04-30,28.23,1,MG,2,electronics,0
90e9fedce3a3026eee0c15d3a566dbf1,2018-05-13,228.86,1,PA,3,computers_accessories,1
4018616cbec654d2b729f55e01242301,2018-07-31,35.14,1,RJ,1,electronics,0
47a5dd9a5772c85c82fbfc11a43a1f6c,2018-03-22,1314.95,1,SP,5,computers_accessories,1
abec8cc0558c33aeb11e8734c62fe69d,2018-05-02,37.129999999999995,1,SP,1,computers_accessories,0
e3c2234f6d1609fa1984094f7e1f05cb,2018-05-21,117.57,1,RS,1,computers_accessories,0
5c932e0a181410b67c77daaed30991af,2018-03-05,492.21000000000004,3,SP,5,computers_accessories,1
a3e5f0b7e26d3bd2404da8553fd3a6ff,2018-04-03,89.91,1,SP,1,computers_accessories,0
fd984ab24b8957a92cf633abe51ba985,2017-10-14,57.53,1,RS,5,computers_accessories,0
37e96fc1d814b16ee6b763bd52e9e0de,2018-05-18,190.68,2,MG,1,computers_accessories,1
42e8893e9d0399ef8df568bc6bc24f21,2017-03-03,110.3,1,SP,3,tablets_printing_image,0
4587a031fbf9d49139d63f2bcc156693,2018-08-13,76.64,1,SP,1,computers_accessories,0
bf80d30d4654a34a647d0e5db84a5e2e,2017-06-05,77.11,1,MG,2,computers_accessories,0
a61908631e6c4c0c65ac004b59d1220c,2018-01-15,182.91,1,MG,1,computers_accessories,0
175d5d1ff76c0ea865a58e125e22743d,2017-10-29,330.82,1,MG,1,computers_accessories,1
60dc36170c9cc8c0215fafa26627670f,2017-09-12,1583.71,1,PE,10,computers,1
dd48446f9b84c34e8ca82a3efe263e78,2018-04-18,53.959999999999994,1,PR,4,computers_accessories,0
5923263d49d190dc167b702f6dfc0c4d,2017-08-25,162.26,1,SP,1,computers_accessories,0
efadf4336d9cb2a9d13f4472921bef2a,2017-08-21,134.38,1,BA,8,computers_accessories,0
1653009772c7d799890eec481fe417e3,2017-08-03,169.82000000000002,1,RJ,1,electronics,0
88222a046146c4aab763e90b35ab4799,2018-06-19,60.39,1,MG,1,computers_accessories,0
1e963f721d264f7633716e84f2554f07,2018-02-24,21.0,1,SP,1,electronics,0
e1aa2b3ed8e11ded2633b9a5b34321b9,2017-04-24,103.78999999999999,1,SP,1,computers_accessories,0
7b87733793ed5fda5792b830c3d9c854,2018-05-01,102.17,1,MG,1,computers_accessories,0
961d9edd490f2f6b29335d332e96f57b,2018-04-19,159.68,1,PE,1,computers_accessories,0
a8c151e54e03b53004b0e1c8e7bc033d,2018-06-05,22.39,1,SP,1,electronics,0
bbcd5aaa84b5c7ef86c0a723182d7a3a,2018-07-10,186.87,1,RS,1,computers_accessories,0
dbb7f86dc307d8ecb2cef71947ffb5df,2018-04-12,266.5,1,SP,3,computers_accessories,1
877ea935e0ce1786032071a571b40cf3,2017-07-03,64.1,1,RJ,1,electronics,0
0e767a1aa94def2bf5f3520ddb1dbe96,2018-02-19,46.0,1,SP,1,computers_accessories,0
826a9236d33be907c46cf80986795f73,2017-08-12,50.09,1,PR,5,computers_accessories,0
bc2e9d05db85d8bdb5e4e7452086e00f,2017-12-24,107.89,1,SP,1,computers_accessories,0
e2befdaf3bbc55ccc94e3261522e80a2,2018-07-20,45.019999999999996,1,SP,4,electronics,0
2187a89df025d844e72cfc51e29dcd6c,2018-04-02,31.130000000000003,1,RJ,1,electronics,0
9b1648c7cc0c6b1ff9b380903bb559be,2018-08-01,53.519999999999996,1,MG,1,computers_accessories,0
71b3bbe3087a538b8019ec4e1b8abf56,2017-11-26,140.44,1,SP,1,computers_accessories,0
92e3a3bff7261e031fc2901b229ce73a,2017-08-01,212.73,1,SP,1,computers_accessories,1
ff2a14d39dcd0b0368cb8ab4629329f0,2017-05-11,112.43,1,SP,4,computers_accessories,0
fa625c35a56d989b379939bae9bc9b2a,2018-07-21,63.89,1,SP,1,computers_accessories,0
46e5628ac4a223fe4ecb24dab9d6b26a,2018-01-10,44.53,1,ES,1,electronics,0
cbaed20b95fa45e7962bcb86140efd33,2017-05-16,83.23,1,RJ,3,computers_accessories,0
897fd799ba00cbe2a0d8f726dd211231,2018-02-01,26.4,1,RJ,1,electronics,0
3a88a0ff2f9fa0ef19d7cff072c2f84e,2018-03-13,112.53999999999999,1,SC,1,computers_accessories,0
33eb09bb012864ab1c223b7a9175200b,2018-01-19,26.35,1,RJ,1,electronics,0
8b75efcac52e6144df576321437f12eb,2018-01-09,354.02,2,SP,5,computers_accessories,1
fd6519b24982de9aec35784b4bc78d2b,2017-12-14,42.519999999999996,1,PR,1,electronics,0
277ab1e8a777fefb696951ae7750c810,2018-01-28,87.73,1,SP,2,computers_accessories,0
dcc0c6d219152ac96b033d223d08212f,2017-11-09,25.5,1,SP,1,electronics,0
56a5d2f61f9244d988bb47eddf41d2d2,2018-05-15,158.92000000000002,1,SE,2,computers_accessories,0
39dcfe88340a4cc89c897eb4b34f80dc,2018-04-28,142.89,1,RJ,2,computers_accessories,0
cbee613df3011873a6857cb4762348ce,2017-12-26,497.52,2,SP,1,computers_accessories,1
00cf47526e0f7920b381b2baf4ecf1c7,2017-02-09,74.49,1,SP,1,computers_accessories,0
c9ca2756f9123246e7feabce15ffac4b,2017-08-28,38.269999999999996,1,RS,1,computers_accessories,0
a266e0f988a0cf8c1fbbf64e0687ab26,2017-11-10,65.07,1,RJ,1,computers_accessories,0
d6facb241e387bcff2026c6cc25eaf68,2018-08-06,133.51,1,PR,1,computers_accessories,0
41fd6d7314a043c3efb80fa61af305a2,2018-02-21,81.51,1,SP,2,computers_accessories,0
df4f48842246425e222577200fdb0af3,2017-11-30,154.35,1,GO,1,computers_accessories,0
3d308f2c115e6931c3ca351c4fc35ae3,2018-02-22,25.049999999999997,1,SP,2,electronics,0
cc3bb9e4d338a896bd8fce41378188a8,2017-12-10,25.619999999999997,1,SP,1,computers_accessories,0
f8687dbf5b2eb77e1a9ed2d9ab104901,2018-08-22,143.82,1,MG,1,computers_accessories,0
9337001e908fabd60aad0728f4a8f5b6,2017-08-30,170.84,1,RS,1,computers_accessories,0
42c45d946a9e7492bfa6da1ab459d23e,2017-07-25,192.66,1,SP,1,computers_accessories,1
827a916734ee2f155b25cd4ff2d8022f,2017-07-05,163.25,1,RJ,8,computers_accessories,0
c11c997259391d3bd0a950a34e7e5222,2018-05-21,88.22,1,SP,1,computers_accessories,0
9f3b6091dcf528b56e66db5dc51bd00f,2018-03-19,154.94,1,SE,1,computers_accessories,0
157676ef5dfcf1a927e0b60948918946,2017-08-26,196.69,2,MG,1,computers_accessories,1
857abe904c90d0275b09c225b87d7f8d,2018-08-02,41.26,1,RJ,1,computers_accessories,0
19f9ab36cda8d833cc1ea61fa046030d,2017-05-25,940.78,4,RJ,2,computers_accessories,1
ebcb12dc163784a4dad2cddb8feb64aa,2018-06-15,171.22,1,RJ,2,computers_accessories,0
5cfb7b2cbf52f4ff3ec4b58f69b02351,2017-06-07,200.44,1,RJ,1,computers_accessories,1
d6304be73ea71f648559447bf4a8864c,2018-04-12,81.5,1,SP,1,computers_accessories,0
2e2b499ad1ed9178bdd1cdb83f3f6000,2017-09-01,31.38,1,PR,1,electronics,0
53c898ca05dd376204a04358c8dd0e79,2018-06-04,37.06,1,BA,1,electronics,0
89cd76c24e7ea4fe0b9b3fbd660707a8,2018-04-23,168.53,1,PR,1,electronics,0
0355ae43910316435f24cb54605a820d,2018-04-02,20.34,1,SP,1,electronics,0
9bf8dffacdcc34d7b4eb1a398cdcc0f6,2017-05-03,60.3,1,PE,3,computers_accessories,0
23ef69b3ace250bf5783e918620f3919,2018-01-10,463.34000000000003,1,RJ,1,computers_accessories,1
3eabaa998b43c58b0d27b9afa79060ad,2018-06-23,103.83000000000001,1,SP,1,electronics,0
15857ef312413c5064710f14e7d98e39,2017-12-16,91.28,1,MG,9,electronics,0
8d0b3f3857cad208492c3819a7a00d19,2018-01-26,152.82,1,MG,2,computers_accessories,0
5977d8425a6b519d6711a0beeb5a98b2,2018-04-05,54.22,1,GO,1,computers_accessories,0
40969a63dab14f62173be9affecb17d4,2017-11-07,250.73,1,PI,8,computers_accessories,1
a1a75968427f169ccdf38158a56b9151,2018-02-07,81.51,1,SP,4,computers_accessories,0
3a6e8538e1375fe73ec8da36fd36fe3e,2018-02-27,177.42000000000002,1,RJ,4,computers_accessories,0
ed12012358de9d92498c1be2444db261,2017-07-23,40.089999999999996,1,RJ,2,computers_accessories,0
bf5a9e57fbe689b1b85de15b792b1d21,2018-02-18,62.21,1,SP,1,tablets_printing_image,0
dc1818ff094219ac82bf4d84fb6c6540,2018-04-01,205.08999999999997,2,PR,2,computers_accessories,1
e61f15c94900d1cc4cebd96be96f3823,2018-02-15,142.4,1,SP,2,computers_accessories,0
cd1eb285c53babf41b30ec658c0bf122,2018-04-02,197.8,1,MG,2,computers_accessories,1
fcfb164cd88eaf05a44e1cb84c5153e6,2018-08-09,39.15,1,MG,1,computers_accessories,0
eab659d04f2bba5abfe11a2e6ef92bd0,2018-06-05,50.22,1,MG,3,computers_accessories,0
fd192fd37b66b1d22bfe7b82ace0a064,2018-05-13,24.23,1,PR,1,electronics,0
289ee757abaabe6c0bfd125de7b9fffb,2018-05-05,38.129999999999995,1,SP,3,computers_accessories,0
89a9dfc9222a6cab3be59fc550aee7c3,2018-08-21,40.269999999999996,1,DF,1,computers_accessories,0
393e5ad5d9b558b7a0fd2cfc53f7f1d9,2018-01-25,216.82999999999998,1,MG,1,computers_accessories,1
dc2abb29525694900ea93ffd5d12460d,2018-01-15,836.67,1,PA,6,electronics,1
4384784d5523bb60e52390503d3c2789,2017-09-12,203.34,1,SP,1,computers_accessories,1
d8616719eeea1779ffc680fea646f9a3,2018-01-14,47.0,1,SP,1,computers_accessories,0
6d5f4523e4747ceffd3e84b2d9bab9fc,2018-04-30,144.31,1,RS,2,computers_accessories,0
82a30f6b1e7a65b2ad078d587ed296af,2017-06-11,114.44,1,RJ,1,tablets_printing_image,0
950d953d1c32b47c840a17f3661427a4,2018-02-21,84.13000000000001,1,RS,1,computers_accessories,0
548df2c6e5f089574614894bca78acf5,2018-01-10,81.0,2,SC,1,electronics,0
0921c97280957af14f02d430cac48a5c,2017-09-27,130.56,1,PI,1,electronics,0
e2106f0881297aad6e7fc16db0e9a45a,2018-04-23,32.69,1,PE,3,electronics,0
f48360c3ded0f45d12be854d83cf01bd,2018-03-05,33.1,1,GO,1,electronics,0
b9f9f408bbdb152b3dc98aaffbc37a93,2017-12-29,508.02000000000004,2,SP,6,computers_accessories,1
cfe9a2c324eefb180663116644e4f171,2017-01-30,605.7,3,SP,3,computers_accessories,1
dd44c368afd216d847ae08235e7e0089,2018-02-19,41.14,1,RN,4,computers_accessories,0
390e38291abc646f3d82c77980db5e7e,2018-02-08,96.22,1,RS,1,computers_accessories,0
7427527f5f871c1681b4729ca7f38b59,2018-06-16,167.24,1,SP,2,computers_accessories,0
f7e0f7c5ef9b8b1ea79d697dd2259897,2018-05-19,87.32000000000001,1,SP,1,computers_accessories,0
c6ce7b16a4f682bbf13eb4a9efce0d85,2018-02-19,157.55,1,SP,2,computers_accessories,0
cd7cebcffafb9a184b1aeec5b2197c3d,2018-02-21,98.73,1,SP,2,computers_accessories,0
c69be353fa727fbeba5c4b39dfb9dbc8,2018-01-05,87.75999999999999,1,RJ,10,computers_accessories,0
582e0dbdbf89bc46dbcc5c34ff60745a,2018-03-25,21.04,1,SP,1,electronics,0
5935d2e5e81201ca0c8233ea39b5b63b,2018-08-06,100.38000000000001,1,RJ,2,computers_accessories,0
a610609ae68611c8fdb97f1002636127,2018-05-22,92.9,1,SP,1,computers_accessories,0
b5cf77e4698b896e9e74cf71268a9819,2018-01-07,500.96000000000004,2,SP,1,computers_accessories,1
1dc2fa22dbb160db9eb90923718fd0c5,2018-02-26,176.68,2,RJ,2,computers_accessories,0
35b0df750240d1b187d59e193db40612,2017-07-31,31.689999999999998,1,MG,3,electronics,0
0d34e6a3adf3e9167496b8fa889d5ccc,2017-09-13,55.0,1,RS,1,electronics,0
d6ace1ec8544e524cd905cdd88519017,2018-03-02,174.88,1,SP,2,computers_accessories,0
848b0561d4bc26f57b288a5004f38683,2017-11-27,604.86,8,SP,1,electronics,1
9888a350c98263705a75ee0a82e90e7c,2018-07-01,52.89,1,BA,1,computers_accessories,0
6dee7bb4c1d9e2bd0d4870b297de74ef,2017-08-09,30.0,1,RS,1,electronics,0
126571e0640aed9ed9166104b8605bf8,2018-03-02,59.53,1,PA,1,computers_accessories,0
098a083175759c53525b6288a6e46119,2018-03-20,26.279999999999998,1,SP,2,electronics,0
94a43ed5c781bb63544ad57fd300064b,2018-05-15,47.41,1,BA,1,computers_accessories,0
8d8f12571d339e77787de3a82cedbde5,2018-04-08,144.17000000000002,1,SP,2,computers_accessories,0
32d2334fd92758d51bd693badb2bc91a,2017-05-11,181.61,1,ES,1,computers_accessories,0
7ee51237c9dd97201a2ebf72c2d7180d,2018-01-15,55.69,1,PI,1,computers_accessories,0
07d395244b58ce72bbecdafbb1b60ace,2018-07-02,137.93,1,MG,1,computers_accessories,0
c5dad23638f05002b5af4579f0437709,2018-03-10,88.27000000000001,1,MG,3,computers_accessories,0
2eecff6c8b6593b3b109fa0524de56d1,2018-03-16,75.27000000000001,1,SP,1,computers_accessories,0
3673cae7ef1425da5877d8b90e81a3f8,2018-04-18,81.5,1,PR,1,computers_accessories,0
767b2efce04a94d04de4e4e79ce6acbc,2017-06-30,62.05,1,MA,1,computers_accessories,0
7471333821987b79a0195812dd53c111,2017-11-28,181.24,1,PR,2,computers_accessories,0
5795afd080b42134859d9b925c7919ea,2018-02-21,71.14,1,ES,1,computers_accessories,0
d9f8510c453819ec4a9eb91851ea5fc4,2018-02-07,186.27,1,SP,1,computers_accessories,0
d3cdf94c4dff1c314304625dd39a811c,2017-10-24,43.0,1,SP,1,computers_accessories,0
c44a36aa1770cc41a8fb130dfa1bba3b,2018-01-15,200.28,2,SP,1,computers_accessories,1
2582e88a3e8a129cc809ccaf9a6d35d6,2017-10-16,810.13,1,MG,5,computers,1
e28f13b07a04dff7a7e52c0aee29c342,2017-07-01,77.08,1,MG,1,computers_accessories,0
4b806b93edf76523f25669be3962bd2f,2018-05-14,331.68,2,AP,5,computers_accessories,1
c996784e13c7d956e06ad7f8a992b564,2018-08-07,146.11,1,MG,1,computers_accessories,0
fd83748fe6056c1759777f41c19a742a,2018-08-02,45.3,1,SP,1,computers_accessories,0
0c1cc28155fd9320c6ffca57c92999a0,2018-04-17,71.33,1,RS,1,computers_accessories,0
cfd3b21a71fca80f28f89855c6570695,2017-04-19,230.78,2,MS,3,tablets_printing_image,1
08158c9f50214fc5872aba47814160e7,2017-03-15,309.77,1,RS,6,computers_accessories,1
30302e4257bbc6a219101fa79c37c1f1,2018-04-11,144.8,1,SP,1,computers_accessories,0
6aaf3fa8e1458b642085c8aa3d7b275a,2018-02-05,47.69,1,PR,1,computers_accessories,0
1cb531a2fb45f62dee90ef7a93b46f21,2017-11-28,20.85,1,SP,1,electronics,0
bd9e9bfde9faa1df98f0d708c83a076f,2017-03-10,147.37,1,MG,1,computers_accessories,0
6afa05756faa49c6485547d727669dbe,2018-06-27,164.63,1,SP,1,computers_accessories,0
a1506880c64d76bdd37f1fa714865b7d,2018-08-14,28.95,1,RJ,1,electronics,0
b5dc2692452c43be647a4eae573087be,2018-04-16,135.92,1,MG,1,computers_accessories,0
3744be9febaa00625c2791f629fb2ec8,2018-04-30,138.74,1,BA,2,computers_accessories,0
2a75078fcff2e372b9fbfbed5d5bf5cf,2018-03-31,70.44,2,RJ,7,electronics,0
530d6b82444d29e791d959a7c3ce4559,2018-01-29,32.379999999999995,1,SP,1,electronics,0
a9672550d5c4ea55c2d7979c314ecb08,2017-11-25,416.95,1,MG,3,electronics,1
56173a7cc04c8e7350ec2fc647c912cf,2018-04-02,108.05,1,SP,1,computers_accessories,0
059511087f2394ebd55a674537a7c2cc,2018-02-14,834.9399999999999,2,PR,1,computers_accessories,1
9c32ac1b13a37b06f03369ce3e4bad5d,2018-06-23,252.82,1,RS,1,computers_accessories,1
7dc5090ee5054f96dc0a04294a7cd3a0,2018-05-31,37.06,1,BA,1,electronics,0
c1649e916cf1080b2c01bbb3f6078999,2018-02-07,25.5,1,SP,1,electronics,0
01643942766bdec224d5593041f714e6,2017-08-05,47.6,1,DF,1,computers_accessories,0
f217ef35505a16b5b577f5ba98195332,2017-08-31,176.63,1,RN,4,computers_accessories,0
3273805a17a78c15811a6feb489662fd,2017-03-07,737.0400000000001,3,SP,3,computers_accessories,1
d522bee95569dfe88b8bdcf435db31ab,2018-02-23,147.97,1,SP,1,computers_accessories,0
6b24cf0591948a0a949ee51131cb78ad,2017-08-29,1221.52,1,BA,20,computers,1
0945dadba69dad599e42c31e78450de4,2017-08-29,1260.76,1,RO,1,computers,1
4cfd9e02ecb9bfecf560fde716675e87,2018-02-20,98.73,1,SP,2,computers_accessories,0
55ef70439e782ff2c553a03782800960,2017-07-12,39.0,1,RS,1,computers_accessories,0
150d0b8f9129df81f8190e24c9254477,2017-05-11,105.97,1,SP,10,computers_accessories,0
be5d9df3cb44dbb469a80581ede808a2,2017-09-08,76.98,1,MG,1,computers_accessories,0
70a77e8b9d2c0a635ad30ea479939cd4,2018-03-23,246.99,2,MG,3,computers_accessories,1
52c13ebf98c19fe6dc69e69ac09663a1,2018-02-23,89.85000000000001,1,RJ,1,computers_accessories,0
37d13d0bfc39d14f3e61c410340c93ae,2017-09-30,45.0,1,SP,1,electronics,0
d3dade419052ceb22cbf5aac01b8976d,2018-02-10,119.92999999999999,1,RJ,5,computers_accessories,0
819cee97d3d5daa9991a8ffda20fc62c,2018-02-28,36.69,1,MG,1,electronics,0
f67e17b84d5d476bc5478e79ed177a3d,2018-08-07,40.35,1,SP,1,electronics,0
b8ef769a959add8d51bf27fad025d316,2018-01-10,181.11,3,MG,1,computers_accessories,0
1f44b2e973c49f412a9ae9f31166f588,2018-01-31,101.9,1,RJ,1,computers_accessories,0
5fd3d01f827e22e01dc6f0b8f498379c,2018-04-12,88.13,1,SP,2,computers_accessories,0
c9a973cfedbc212cd02b06b4fd11c3cd,2018-02-07,36.0,1,MG,1,electronics,0
94672e5686a487a37916262fab702f76,2018-01-28,107.5,1,SP,1,computers_accessories,0
5f4b64b16eb569c12eab47e5f74b4385,2018-04-29,36.5,1,RN,1,electronics,0
0c02a4cb5207e682d63a1343cbddd13b,2018-02-12,99.34,1,SC,1,computers_accessories,0
d79b6cf112bad1936bd72b03f20909ce,2017-04-23,54.34,1,PE,3,electronics,0
a535e0a8e571efd2e1a7aff5a7aeffee,2017-05-10,87.03,1,SP,1,computers_accessories,0
e9a7a88ccf1498310636c542b8d2ed68,2017-12-05,72.15,1,PE,1,computers_accessories,0
9abb69f7d6f2af7fa80d6f1542bbc91d,2018-01-19,83.02,1,BA,1,electronics,0
4e1679640c29ba05f498ac20e026213e,2018-01-15,116.07,1,PE,1,computers_accessories,0
a1359034d0f05483436966ca3cd71aa5,2018-02-18,194.0,2,RJ,3,computers_accessories,1
55e186387dc4b33d16d86a920ee7f77b,2018-03-26,165.13,1,RS,2,computers_accessories,0
2b9f8967c6489ea04357a9fc58740ae5,2018-08-10,212.47,1,RJ,3,computers_accessories,1
ea9fa4f97dba6807fd178a433ed17032,2017-05-28,29.689999999999998,1,MG,1,electronics,0
0044c6f6d22dd280534344177c81b989,2018-05-18,196.07,1,SP,1,electronics,1
539c20beb5b66c57aacd5dcc9b21b08c,2018-01-03,27.619999999999997,1,SP,1,electronics,0
59b598f25ce5991f7526c8ff8fc76601,2018-07-20,31.79,1,SP,1,computers_accessories,0
a8d0c1cbe2efd70a2ec22befd3a5390e,2017-11-08,58.58,1,PR,1,computers_accessories,0
1a1712253479ea7fd8c020c572ff78cc,2017-07-11,32.69,1,RJ,1,electronics,0
0647c4896cbb3bcfe3a48f652dd058ca,2018-02-26,284.63,1,DF,1,computers_accessories,1
46fc20b4c9de927597e9bcdd9732d404,2018-02-08,24.75,1,SP,1,electronics,0
11bbe550dfd1d9963bed46d85c6028eb,2017-06-10,114.44,1,RJ,2,tablets_printing_image,0
064eacf6619a7203b06b7187bf3a3779,2018-01-03,37.8,1,RS,1,electronics,0
243f2d7445f9dd0abd4542bb61385f51,2018-08-23,33.71,1,SP,2,computers_accessories,0
be66cd0bcc6ba78c707158c1c6eb0c09,2017-07-11,47.0,1,SP,1,computers_accessories,0
637567b73e725cc4f07341561386e9b6,2018-05-09,224.07,1,AL,10,computers_accessories,1
2c8368619bc15c47d6fd7de27cdef0c6,2018-04-16,66.22,1,PR,1,computers_accessories,0
266fd5134fd1b895a5b06936d51aaa17,2018-03-19,46.03,1,CE,1,computers_accessories,0
53e1b8f33e706e740dc7fb9005d242a0,2018-06-10,45.34,1,RO,4,computers_accessories,0
af3aee1b753d8f4570c9179f56824a1c,2018-01-18,220.74,2,SP,1,computers_accessories,1
f509a7040093f6d9092290c14fb8cdb2,2017-12-10,181.92,1,SP,1,computers_accessories,0
b78ba6ceb060e6cc64b1f92a95c42505,2018-02-12,114.41999999999999,1,PR,1,computers_accessories,0
4fc7baf99c39f26dc14168981f918554,2017-07-15,47.69,1,BA,1,computers_accessories,0
bf6fa06aa0249987dc5bf7c457f1d556,2017-08-21,31.589999999999996,1,SP,1,computers_accessories,0
292d96807fa8b6df10efed3dde855721,2017-10-26,81.21,1,SP,1,computers_accessories,0
f54625bd1c01cb2de21cb256de818cf2,2018-05-22,95.34,1,MG,6,computers_accessories,0
a88edef387e2a7e457695664bf0ddfc0,2017-03-22,52.519999999999996,1,SC,1,computers_accessories,0
8a3a8f42d50b55a791a051a19d856c6c,2017-09-06,118.93,1,SP,6,computers_accessories,0
d0cae991bbc57c3c2205b0076b2d1489,2018-05-27,16.89,1,SP,1,electronics,0
68045e87308a14e1d77f14ff287a2b3b,2018-03-26,30.189999999999998,1,SP,1,electronics,0
d79458e753af6edec4b2c73e07ddf01b,2018-02-20,25.5,1,SP,1,electronics,0
05ebeda0c1aefd787e0ddc914af75039,2018-08-14,407.67999999999995,2,SP,5,computers_accessories,1
d1749cbe74d71c33859e8acbdcbc2aeb,2017-07-11,25.380000000000003,1,SP,1,electronics,0
269fb3a37e10ad284ed9ca4a34c32d09,2017-09-25,22.1,1,RJ,2,electronics,0
02ebcb8b63b7e61be9514866e432d1d8,2018-01-25,173.27,1,SP,4,computers_accessories,0
5667af66694cc07bce46f7af2ed32ed6,2017-03-04,69.75,1,MG,1,electronics,0
0a0f50037a1e1b7c239ac621dbd8a03e,2017-09-25,38.379999999999995,1,PR,1,electronics,0
9941c14602ccbe66611b6a4b8fe01d99,2018-05-03,172.72,2,MG,1,computers_accessories,0
78f6201cc730d148939d4e7e0f456917,2018-02-08,183.72000000000003,2,MG,1,computers_accessories,0
96b40b4538d0adf167b0e331257f7930,2018-06-14,87.81,1,SP,8,computers_accessories,0
6e496cc6275d951e01ba4a1e527d6d69,2018-05-21,169.3,1,RS,1,computers_accessories,0
ee5b1786726a245ec5cf9f49d16fabb9,2018-01-11,54.0,1,RJ,1,computers_accessories,0
5e9b8f318db11da788bebae8b16069f0,2017-09-12,43.0,1,SP,1,electronics,0
c7550d69fe9004d827208e1e40a32bb0,2018-04-27,41.95,1,RJ,1,electronics,0
986033635480f0a529bc90e2dfa1c168,2018-01-21,189.37,1,RJ,2,computers_accessories,1
62db7b956ff0a1fd095d1d2bce81b8f8,2018-02-13,129.09,1,DF,1,computers_accessories,0
a7b5335df0e4011b78171b889fc52a2f,2017-06-29,144.2,1,PE,2,computers_accessories,0
3ed559dec69ab96d9074fedaf18650eb,2018-06-15,97.49,1,ES,1,computers_accessories,0
dfd1a72f02919b59c032a116063ca31e,2018-01-17,295.52,1,BA,1,computers_accessories,1
31a6cf15863af3a28c926044c0b50311,2018-01-08,55.01,1,MS,1,computers_accessories,0
7eaee8b80a41b5daabc50e02d1e45120,2017-05-27,44.379999999999995,1,MG,1,computers_accessories,0
474830369187d08dab0036115c9545bb,2017-08-11,158.99,1,RJ,1,computers_accessories,0
8a8d2bb96afe472415715631b0751551,2018-03-03,284.63,1,PR,1,computers_accessories,1
87b8791f9f3b6cbe168d5109a98766e6,2018-05-23,213.25,1,RJ,1,computers_accessories,1
98200dd99e0bfe78c2d1378ad05fe51c,2018-02-01,115.84,1,RJ,2,electronics,0
8fda82d5d041f776798e037d6628bd89,2018-01-22,105.17999999999999,1,MG,1,computers_accessories,0
deaa5978bbef127b0a9c68e6a7f4c1e3,2017-11-24,47.69,1,BA,4,computers_accessories,0
ad752dccdfda84b21aeceed3c6477654,2018-08-16,108.21000000000001,1,PE,1,computers_accessories,0
de09e6c4676182436c36ae4f25bd78bc,2017-11-03,53.620000000000005,1,PE,1,computers_accessories,0
a1894265708f519fcdfa6476095d46ae,2017-08-02,114.44,1,PR,1,tablets_printing_image,0
ba23f06cfbbc52bebe1d16e97abe1da4,2017-12-11,36.69,1,MG,1,electronics,0
9879f1f661af3ff5f2e4e9e65ee661fa,2018-04-29,159.75,1,SP,1,computers_accessories,0
387c2cbba26c5cfe21c60a8f2208a78d,2017-05-04,106.23,1,SP,3,computers_accessories,0
3d65824e9d761678f1695afde11107ab,2018-03-12,199.14,1,MG,2,computers_accessories,1
5a8e89eb21d974830f21524aa57d031c,2018-03-16,46.37,1,SP,1,electronics,0
0ba1fcf42e40850f464b8ca9b0b5e9fb,2017-06-19,98.81,1,SP,1,electronics,0
bb45e059db1abcd5cedfdacadc9abd5e,2018-03-20,41.870000000000005,1,SP,1,computers_accessories,0
bcae7c1732e28817b7957e6689ffe813,2017-10-21,183.31,1,PR,2,computers_accessories,0
f71db65486473af693cb9575b5b77acb,2018-08-23,20.38,1,SP,1,computers_accessories,0
4c792ea6a2a9a0d044176c1c42d49b22,2018-08-02,114.49,1,SP,1,computers_accessories,0
f632c00313bdbd50450cb21052cbe825,2018-04-09,130.38,3,MG,1,computers_accessories,0
7b67cd7f92c4838c293a4c498f7fe7cc,2017-04-21,443.57,1,RJ,1,computers_accessories,1
e5fc7f4bcc4ae399fce686f65db2584d,2018-01-17,166.71,1,PB,2,computers_accessories,0
111094eb682a21da30ce35ad760ff478,2017-11-27,54.17,1,SP,1,computers_accessories,0
f2076489cb09f9d0f11c6a524022fad8,2018-01-11,27.75,1,MG,1,electronics,0
99ef42315d9b16bae5d87c2564e01d67,2017-05-12,153.13,1,BA,5,electronics,0
95781e5f0d6c976b1d32e609be9c4acb,2018-07-16,235.26,3,MG,1,electronics,1
a506759d63f2c17a9d2120c780f7e8f5,2018-04-24,27.48,1,RJ,1,electronics,0
2bdfeff498c8742708633364e3eeee08,2017-12-10,79.17,1,SP,8,tablets_printing_image,0
eb5172e93de57cf8ef81ec265d86bcb9,2017-08-14,49.589999999999996,1,SP,1,computers_accessories,0
204b7236f949dcd799519c1e74136821,2017-10-30,316.76,1,RJ,1,electronics,1
b4767da9668302c3be3309b51f5600db,2018-07-02,354.45,1,SP,5,computers_accessories,1
08c8efb673039f24977bee37cb4ce21f,2017-05-10,57.589999999999996,1,SP,3,computers_accessories,0
e52fad87a8264c18cf50fd3cfd6dc3fb,2018-06-10,19.39,1,SP,1,electronics,0
34eeeb0f3dd806169c5b90f466d37cda,2018-06-29,92.32000000000001,1,RJ,1,computers_accessories,0
837043431f60a0e5259ffe3cec107e87,2017-11-14,265.49,1,GO,5,computers_accessories,1
2ec63bd84c4e873ee8bf8786f4942673,2017-07-20,189.9,1,SP,8,computers_accessories,1
883a45f636d1eb15ebedd842b99fa364,2017-04-26,160.17000000000002,1,SP,1,computers_accessories,0
7906b62a235fb41f51deb33cda8c4d06,2018-05-15,195.89000000000001,1,DF,5,computers_accessories,1
f67f9e00c6535a03d484ba5bcd5227c9,2018-03-19,103.36,1,RS,1,computers_accessories,0
1fa78500e37879853df6bf65220a3994,2018-02-21,55.85,1,SP,1,computers_accessories,0
6a9cfa8ed7b1cbe09dfe3dbba0f4d8f0,2017-07-18,533.82,2,MG,1,computers_accessories,1
10b64ed7e88bc66762c2637eb63e05b5,2017-12-03,65.0,1,SP,4,computers_accessories,0
92448c700c5faeacccaf77cd0f5ebc68,2018-03-23,57.38,1,SP,1,computers_accessories,0
866314550f6d7a55c82917d9b4463e1f,2017-11-16,401.26,2,SP,1,computers_accessories,1
a74773544b428f3d89597084120ec144,2018-05-16,117.38,1,RS,1,computers_accessories,0
da0f627d7b76d59598f9b85b3745d2f3,2017-10-06,35.0,1,SC,1,electronics,0
be6ead609261c3b92ba37751219cdb45,2017-03-19,137.16,1,MG,1,electronics,0
bcaa2ea71bcbe06f4cab5fe30f997f93,2018-07-27,21.4,1,DF,1,electronics,0
c1d50cc9e54ae4ea935717337e55d269,2018-04-06,106.47,1,PR,1,computers_accessories,0
985a676d446985001ace3f3768cfbf38,2017-08-28,44.69,1,PR,1,computers_accessories,0
7730eaa5fa3eb4915f5cee586504ced9,2018-03-17,28.880000000000003,1,RJ,1,electronics,0
615774e695ab140dcb5e1c0aeb15b9cc,2018-02-26,92.19,1,RS,1,computers_accessories,0
cd992cc5337c4438ddb8858f4cb7dc50,2017-06-16,31.0,1,SP,3,computers_accessories,0
f16ffb0adaf293c11fafb51770e1202f,2017-07-08,256.24,1,RJ,8,computers_accessories,1
bd841dd9066badb2ee3dcf7dd6516523,2018-07-27,216.62,1,SP,3,computers_accessories,1
3c5c6fad12cccea3829606ddd4c3b7a0,2018-05-20,98.14,1,RJ,1,computers_accessories,0
c58376e6393aab97f2ce125e6628b6de,2018-04-23,91.41999999999999,1,SP,2,computers_accessories,0
b212ae280f3fe00945dce73c3e0bc817,2018-02-22,45.53,1,MT,1,electronics,0
82ebb82b2077623b139a35ccf82b3daf,2018-01-11,171.77,1,SP,1,computers_accessories,0
c3cc4bb65cb5500dceaf8b5f9938c90a,2018-04-15,37.129999999999995,1,RS,1,electronics,0
26e0070f204a2cc8cae3504b038a0dfe,2018-07-07,39.41,1,BA,1,computers_accessories,0
129c58b77c85a73933e98de57c705559,2017-11-08,131.04,1,SP,1,electronics,0
a3a21bf31419dac8b9a6c1aca8964816,2017-06-11,40.379999999999995,1,MG,4,computers_accessories,0
cf6264c37c96bc0cf63ebd0f9fba45da,2017-02-12,108.84,2,SC,2,electronics,0
291581a794f0e6ee707314d0a2cbc1c7,2018-08-10,32.72,1,MG,1,electronics,0
85d142633f7411ccb6c6af60c196b8c5,2018-07-03,34.129999999999995,1,MG,1,electronics,0
ffd6f08f294bfa573e0eeb88d6afb17b,2017-11-21,366.8,1,SP,1,computers_accessories,1
493c6e38e4bd3f2c115a1523a455c47b,2017-11-24,85.14,1,MG,5,tablets_printing_image,0
05e2ab8de37670d9d0524473585092ec,2017-11-25,173.84,1,MG,1,computers_accessories,0
7da1331ba1360722203a1815d5e80844,2018-05-24,59.22,1,MG,1,electronics,0
48a40810ca9950462e73f0796c863b88,2018-02-10,189.37,1,SP,1,computers_accessories,1
33d949de3be3df6e3cf017b6ec4aae4c,2018-03-07,180.95,1,BA,10,computers_accessories,0
2741e16d029bedd26c95382328762047,2017-12-13,115.84,1,RS,1,electronics,0
73bc7197ab48ef03213b1a5e92c6437d,2018-02-27,32.379999999999995,1,PR,1,electronics,0
736a0ae761142f7a26c946edd552125d,2018-08-17,73.38,1,RJ,1,computers_accessories,0
acfd4e73993d49708599a826d48978dd,2018-06-26,35.23,1,RJ,1,computers_accessories,0
7ac8109e735f29d8982f4503586fe59f,2018-07-03,73.18,1,SP,1,computers_accessories,0
63f533d511034d27ad176443dc9cfb37,2018-01-20,32.379999999999995,1,SP,1,electronics,0
94a4dc2611178b53fb85f8528a3c4e9b,2018-01-26,73.38,2,RJ,1,electronics,0
632984d58b2a50f588c4a3c559c1f8f3,2017-06-28,64.1,1,SC,1,electronics,0
ad1b24e31eda83c8bf2123f3961f588a,2018-03-01,45.31,1,RS,1,computers_accessories,0
37a5490daa64aa8fd7c9de7dbc36677e,2018-02-18,38.71,1,SP,1,computers_accessories,0
2c8f8b620f20e83829e70d2e0f32e49a,2017-12-17,296.19,1,DF,1,computers_accessories,1
518ca81bf7a1b719e32d6847b6afff85,2017-11-27,102.03999999999999,2,SP,7,computers_accessories,0
40d9b709b3b6a77fcd309165705f58d7,2018-07-29,142.27,1,RJ,1,computers_accessories,0
ae507059decacd2e46f7cc2966f3d14a,2017-05-09,103.37,1,SP,8,computers_accessories,0
18ecf61fc81ab5704adb2a4b1ffdd392,2018-04-17,87.32000000000001,1,SP,1,computers_accessories,0
e88c197e0c1617f8ea8f354d95258d79,2017-08-10,97.78999999999999,1,SP,4,electronics,0
3b20452d7bba8f668a7d4a3d67cd7493,2018-01-07,127.9,1,MG,4,electronics,0
a5f93aa1c000c4e41196ec88fb378954,2017-12-30,29.0,1,ES,1,electronics,0
4e78772384a49c0cb9ec6c49530a98de,2018-06-08,76.86999999999999,1,SP,1,computers_accessories,0
e2d43cdbee2a18383c6d8ce8c63d3f1c,2017-09-02,42.0,1,RJ,1,computers_accessories,0
6d5d41f8365df2db64ec35a07addcf3c,2018-05-09,55.94,1,ES,1,electronics,0
d03de684abb42c2f0d2bf3dc9245d2f8,2018-05-04,150.52,1,PA,2,computers_accessories,0
f2cb1c7b8d41c99db093c14f35eb5f93,2018-05-04,21.4,1,GO,1,electronics,0
28c80a03a80d512daa77b7b944cf069c,2017-03-28,193.39000000000001,1,RJ,1,computers_accessories,1
d4ab53c2b21a94c8b21d3008b2506ba2,2017-07-25,1021.48,4,RJ,1,computers_accessories,1
660c976728efa9f8a9994a7521abf686,2018-01-24,33.0,1,GO,1,electronics,0
623313b4bf72bef717b81fcfdbbda2e0,2017-02-23,348.46,1,GO,1,computers_accessories,1
dc46b2c02b0d925fc46ed4c7c5c81a08,2018-02-23,147.97,1,SP,2,computers_accessories,0
8dd7a0e54d3e1de854946bed6b8bb4ce,2018-02-06,211.92000000000002,2,RJ,1,computers_accessories,1
a39b459bad02888e07ddf9d3321673c7,2018-07-09,184.58,2,SP,8,computers_accessories,0
24663bb9d145c6d58d207d297edafa3f,2017-08-14,143.55,1,MG,2,computers_accessories,0
bbf6061c4bcfffe5fa5c22006d9a231c,2017-10-07,200.71,1,SP,1,computers_accessories,1
6007efb03b652fb947155d0dd1001098,2018-03-07,633.6999999999999,2,SP,1,computers_accessories,1
c5de257a3b1e0eccc238b501b939b9dd,2018-02-19,673.5,1,MA,3,computers_accessories,1
35fad2f607311765a2f38956b26133f8,2018-01-13,92.8,1,RS,3,computers_accessories,0
60f444f47da9e98ceae8864e4a67fb0b,2018-04-12,34.29,1,SP,1,computers_accessories,0
7a6cee8d80a2a71e4c1dd74b0dfadb3c,2018-07-23,76.74,1,SP,1,computers_accessories,0
858d458b39082890e96fbb1fed8c2a52,2017-09-06,1338.41,1,SP,3,computers,1
28fb1108b547c1720dbd25614e1343c4,2017-11-27,74.36,1,MG,1,computers_accessories,0
5c756faf3b818e64d75e0696758f7755,2018-04-28,35.339999999999996,1,RJ,1,electronics,0
a0ed7e292495e32e3a7e3ae479219c4d,2017-09-12,501.96,3,RJ,1,computers_accessories,1
1407ed7d738d943469994266e9706b46,2017-08-30,1260.76,1,RS,8,computers,1
cdac2dd3643b01d8c79cb8bb30998c6a,2017-03-20,54.739999999999995,1,RO,5,electronics,0
55362a7119e83423711de1279ef2f60b,2018-01-19,177.49,1,MG,1,computers_accessories,0
2878b4e373a9556df9aa1708a4e5c3c8,2018-08-07,42.5,1,SP,1,computers_accessories,0
81285232bfb6ea93fd49ce339b4de97f,2017-11-18,61.1,1,RS,1,computers_accessories,0
e8f9288c671277ab525571871aef27cd,2017-12-12,36.0,1,RJ,3,electronics,0
5a2de8e8fb6ea695b64d70e0adf68c45,2017-10-08,170.35999999999999,4,SP,1,computers_accessories,0
6854558dc4979ad704ccd9ff6a90e628,2017-03-25,113.86,1,RJ,3,tablets_printing_image,0
b9fc3fbace8f69b00c2f461cd3422459,2017-05-10,111.43,1,SP,5,computers_accessories,0
60aff0ecd77407f311c868a82b58ac70,2017-09-29,32.379999999999995,1,SP,1,electronics,0
54b44811ad13a8dd03f0792d0f620b75,2017-04-23,41.14,1,SP,1,computers_accessories,0
1ecec0de52507f72af7280ffcd0a8fb8,2018-05-18,82.57,1,SP,1,computers_accessories,0
40edd29fcc7f120710d42d0400bc8e29,2018-05-01,329.09,1,BA,2,computers_accessories,1
91c72081ae9c08e96d0bc952f73e6188,2017-06-20,336.28000000000003,2,SP,2,computers_accessories,1
e030f5da42afc3b5b81b24d7c4d1bcb0,2017-12-03,72.53999999999999,1,PR,1,computers_accessories,0
e590915e0817faa870d3eceadaa9399c,2018-08-20,53.48,1,SP,1,computers_accessories,0
ef6f87b9bee14a58053b754eb1be1fef,2018-02-17,37.0,1,PR,1,electronics,0
f7f27a0b991c58f8f3287801b9b26802,2017-06-28,63.5,1,RJ,6,computers_accessories,0
5ae3075070db2a1aff1e28c35a8e5628,2018-06-09,938.78,1,SP,10,computers_accessories,1
0fd5b0b57e1006706acc1bc1ccc2f66f,2018-01-17,59.36,2,SP,1,electronics,0
acd5c180c2d3c364bd63013b33063120,2018-02-10,85.92,1,RJ,1,electronics,0
29941903985f944b0ffc49c479c1547d,2017-05-29,320.79,2,SP,4,computers_accessories,1
7eb3e26f4add684a86cb34bf2a0fac59,2017-09-11,50.0,1,MG,1,computers_accessories,0
4bc27c3d551e28ec80a384663cbae90e,2017-08-15,27.380000000000003,1,SP,1,electronics,0
78eff39e81cd88a03dc278396f3cee15,2017-02-04,37.86,1,MG,3,computers_accessories,0
6f6c5cbdcafc5ad54df95e75d0ce07fc,2018-08-13,164.63,1,RJ,3,computers_accessories,0
cc8778d76e567b45082b7f52bce23095,2018-04-21,165.59,2,MG,3,computers_accessories,0
ec9dc57817baa3a581380d5940fda322,2018-03-28,1158.54,2,MG,1,computers_accessories,1
99a01ac9c1c718ea6eac9fac178552cc,2018-05-27,21.04,1,SP,1,electronics,0
95b5dec92eff326736e1060b339f0013,2018-04-18,189.56,1,SP,2,computers_accessories,1
8b9b26610d247c36c7706cd0538c47d8,2018-03-12,62.230000000000004,1,RS,1,computers_accessories,0
43bc3119f6a029c0b7293bf06ac67f38,2018-01-02,42.69,1,RJ,1,electronics,0
3843fc679a3c5dbb30b836e40b3ff182,2018-03-20,48.72,1,RS,3,computers_accessories,0
bc8206fa80d1bcd38257bd4550932b78,2018-02-28,177.42000000000002,1,MS,1,computers_accessories,0
07d5adada619115cf4c03f49fc8c5e74,2018-04-30,420.76,1,GO,10,computers_accessories,1
ef9acc58a8568fd70de79c65656eaa13,2018-02-18,100.93,1,RJ,1,computers_accessories,0
77543b2e8e994aa61c15ac854bc7a7d8,2018-04-01,162.06,1,PR,2,computers_accessories,0
40c0445d738d244eae8975a8bbd2aefc,2018-04-10,171.0,1,MG,1,computers_accessories,0
a1154a5da8429ac3461d448de5bc11c9,2017-05-18,55.0,1,RJ,5,computers_accessories,0
97e39cfbbb930126e3f1c1a2048d649a,2018-03-16,109.22,1,ES,1,computers_accessories,0
bd18cc55469db99cfb36886d68bb3791,2018-06-03,24.38,1,SP,1,electronics,0
4aa0af6a36b380f42a173210f1d15a1e,2017-10-19,230.65,1,SP,3,computers_accessories,1
7b93e2f7db1b7cf907cffcfc02ce5455,2018-03-27,114.89,1,RS,1,electronics,0
c2cd5bc346758b7a8259cc0d1f974824,2018-05-11,237.60999999999999,1,SP,3,computers_accessories,1
d429103c6be912be69781fae58d4a76c,2018-04-23,26.77,1,PR,1,electronics,0
5a082b558a3798d3e36d93bfa8ca1eae,2018-05-21,24.23,1,RS,1,electronics,0
a43ab3ca4b7adf45f88bfd99b56816c5,2017-08-20,65.0,1,RJ,2,computers_accessories,0
915a913fc05ab382dafb7776ea8c9580,2017-11-26,72.67,1,SP,1,computers_accessories,0
4ca7011605c977cd69c1e1706625e98b,2018-03-26,91.41999999999999,1,SP,1,computers_accessories,0
8077df6c3b618208b9f4e0a8b3aaa2ac,2017-12-13,53.1,1,MG,1,computers_accessories,0
540f4eaaafc047a407e4b4522bd0fd66,2018-03-12,28.93,1,SC,2,electronics,0
8381601f3a2e22bb8e1f4ef102ce88cc,2018-03-21,162.82999999999998,1,MG,3,computers_accessories,0
0c921abc41428f29f1b5d4c52714fe44,2018-03-06,43.129999999999995,1,RS,4,computers_accessories,0
61f989e43fcc207e2e77b9378c3f0f2a,2018-03-06,196.98,2,MG,1,computers_accessories,1
668691a590a0b7cd73f3b6587fb783da,2018-02-28,57.82,1,PR,1,computers_accessories,0
817856093e04996ba35912467fcb6706,2017-12-06,53.05,1,GO,1,electronics,0
25be8e0ff01817a8a96f61605da2e447,2018-08-17,50.239999999999995,1,RJ,1,computers_accessories,0
12b69999b64f73f3cdfa23512584c8d5,2017-07-22,59.28,1,RO,1,electronics,0
083dcf8ec0ff8aedc0d7ad8063baad80,2018-04-19,136.6,1,RJ,2,computers_accessories,0
a8cdce3722a15379cf3a4eaadb906c1b,2018-01-10,225.33,1,ES,10,computers_accessories,1
cc38f8f9071f47f557c40005c7884168,2018-06-24,616.5,1,SP,4,electronics,1
acae143a186daba1a799e24d98f187d4,2018-03-18,189.56,1,SP,1,computers_accessories,1
c893d855b41d9ebc443d3addef1755b0,2018-03-02,93.22,1,MG,1,computers_accessories,0
78388558707957af9310d88b1a22893a,2018-02-26,57.0,1,SC,4,computers_accessories,0
5dc70acab84ac4fd4ffb73d38c63cc94,2018-03-04,66.05,1,PA,1,computers_accessories,0
3dafc0bec8f7cc53ecc6671ca9c646d7,2018-07-06,29.909999999999997,1,SP,1,computers_accessories,0
ab6d00347b9055691972ac20f00df77b,2018-07-04,142.56,1,SP,2,computers_accessories,0
09410001d65f75b36821f9556694a895,2018-05-21,35.22,1,DF,1,computers_accessories,0
ac0371e472353a206eebab840f5e2ad4,2018-04-03,94.21000000000001,1,RJ,2,computers_accessories,0
faff16fc16c4344af7f60cedbbf6cb2c,2017-07-21,74.16,1,PR,1,computers_accessories,0
473028ba6e7cb38dbc82e11d85a3f743,2018-04-19,124.82,1,SP,1,computers_accessories,0
057e8245e6408a7f5db33b517c481617,2018-03-04,41.839999999999996,1,SP,1,computers_accessories,0
048f62c5f28797fb7a060c3f3c3e3e2c,2018-05-03,82.35,1,RJ,1,computers_accessories,0
368b6ae3d06e7116cfbfaf1b888becb6,2018-02-24,93.39999999999999,1,SP,1,computers_accessories,0
edcd987f773b6e55104729648e8cf34d,2018-05-25,54.69,1,SP,1,computers_accessories,0
3b7132abf3ba167e73c6390f51de0256,2018-01-22,313.28000000000003,2,RS,2,computers_accessories,1
06ff6cb289c9f1d1ccacc6764874e3c2,2017-08-15,57.89,1,SP,1,computers_accessories,0
edc0fe108d350a1a98a62888287bc6f2,2018-02-12,80.51,1,SP,1,computers_accessories,0
503835e65064755671a55973619b9eb7,2017-11-01,173.84,1,MG,2,computers_accessories,0
a0d1ccb35ed3e8d90bb7eecccb02ea1f,2018-01-26,38.71,1,SP,3,computers_accessories,0
d74eba56c909102c8b0a05f7d7148ccc,2017-06-06,91.18,1,SP,1,computers_accessories,0
16da87fa74546020a5f0a6827959e160,2018-05-16,292.97999999999996,3,SP,1,computers_accessories,1
f01824599adb64474a6ce441c7b4b0a7,2018-03-23,85.62,1,SP,2,computers_accessories,0
a498326cbf752acac00b7d65561dcd98,2017-12-16,1378.79,1,SP,5,computers,1
b95d5ef6f9819b245a7354862ed0ec51,2018-05-13,40.75,1,RJ,1,computers_accessories,0
f18772452666c0d7da7702af2c20e765,2018-07-13,203.3,1,SP,2,computers_accessories,1
b38ee0ac5659615e52925c28caea5aec,2017-06-06,48.69,1,BA,1,computers_accessories,0
384f8660f6bc7396d5a875b60285c2dd,2018-08-17,114.49,1,SP,1,computers_accessories,0
21d2e2d8b3a14a3cfc55a3274fe26344,2018-02-18,28.75,1,GO,1,electronics,0
6fbc5b66b494906692191a0673edc28c,2018-04-02,152.51,1,SP,1,computers_accessories,0
e78ce48c9cd4e84041cfe6bed8be2000,2018-04-02,36.849999999999994,1,RS,1,electronics,0
37b5f8fa6640877a2177f9958e451479,2018-05-22,195.89000000000001,1,SP,1,computers_accessories,1
02218eb2a33847087a46d34397835b2a,2017-06-17,48.69,1,BA,1,computers_accessories,0
709b96657091eec897b90173afb0b84d,2018-06-20,89.89,1,CE,1,computers_accessories,0
38900cae2f3cfbbe4ceec4840cc1ab89,2018-08-17,137.93,1,SP,1,computers_accessories,0
cd4828e8be3a0d85aa38a986e0f4db6c,2017-11-23,36.69,1,MG,1,electronics,0
733e4fd44a3ef48272fa3650f48b8734,2018-03-28,34.96,1,BA,1,electronics,0
b9a332beea1ccdc10289232c319ec338,2018-08-17,196.92000000000002,1,RJ,10,computers_accessories,1
a72a09d3c6862bd7535300edd0e6a932,2017-02-21,45.25,1,RO,1,computers_accessories,0
464a25f924f1b09db65da7840fa2eb2e,2018-05-13,47.61,1,MG,1,computers_accessories,0
1a1ca27f20c0784d452027dae3f0b5c8,2018-04-28,163.01999999999998,2,SP,2,computers_accessories,0
cd1a20782013109d1ec8320dff14d666,2017-11-24,163.79,1,SC,1,computers_accessories,0
2a15d40da6accb25c550b694fdf84478,2018-04-19,38.28,1,SP,1,computers_accessories,0
a187e99908d89f2f863baf8785025570,2017-05-29,47.68,1,SP,1,computers_accessories,0
bac1a29d140daf4cf00aceeedf2dddc7,2018-08-04,48.33,1,BA,1,computers_accessories,0
045d2b8e16b8512db26e4d3d1a3e5198,2018-05-15,47.78,1,SP,1,computers_accessories,0
fa1504a98e3482c59bb07d3024a15b14,2018-08-14,26.28,1,SP,2,computers_accessories,0
c1a7323307f4a60b4146d4d40012350d,2018-02-18,181.21,1,MG,2,computers_accessories,0
5b113b47da093bc2cbbc7797aeee7994,2018-07-20,43.4,1,MG,1,computers_accessories,0
806115145431c4557c46d037c0b3fd74,2017-11-08,162.44,2,SP,2,computers_accessories,0
bbc3a95177ff0c8a012e117f4dcb06c8,2018-01-22,179.84,1,SP,1,computers_accessories,0
c9ab674bebfbe567487d3d728886e836,2018-02-01,88.16000000000001,1,RS,2,computers_accessories,0
aef73437a579952b833ab7d9cbf58bb0,2018-08-05,187.86,1,MG,2,computers_accessories,0
0df4c9dcdccadad84c201890d0a96e84,2018-03-21,200.35,1,ES,15,computers_accessories,1
5261e92a08c8aeec62ad328bb2acda2a,2018-06-12,31.43,1,SP,1,electronics,0
d16b5c3eb594cc8bb7198cbdc75c9e7c,2018-05-12,144.48,1,MG,1,computers_accessories,0
7c3e71109e904d8e0c8d034456f87eca,2017-11-22,404.88,2,SP,1,computers_accessories,1
82684397b8f36fa2cb233b1c0bbf2298,2017-11-27,155.73,1,SC,1,computers_accessories,0
6d6552e71bec5188cfa548c7f7094dad,2018-05-04,56.39,1,SP,1,electronics,0
5ce67f8655ea16aca378fdb87e3a8665,2018-03-02,93.1,1,SP,1,computers_accessories,0
55acfaef63e1cd8c8f71ab8e79b84ee0,2017-12-20,190.37,1,RJ,4,computers_accessories,1
4d900e76023789e5f55022dc71ff16a1,2018-04-23,62.25,3,SP,1,computers_accessories,0
ad4c4ee12613fc3dc5d506e4e6455498,2017-02-14,45.739999999999995,1,RO,1,computers_accessories,0
11e77f7b110e8b496d03132d9f94129f,2017-09-04,104.19,1,PI,10,computers_accessories,0
34dc2f9bce0427122de8cd6afdb03c2c,2018-02-26,91.86000000000001,1,MG,1,computers_accessories,0
bc5fcaf4a4f6d91e1b1037bb261e1ee5,2017-11-24,215.14000000000001,1,RJ,8,electronics,1
8563f78b69f236731470e13b90fde454,2017-09-05,255.97,1,MG,10,electronics,1
2cfc5ee5cb1e43d70d3dd6f28b2b50d9,2017-09-25,624.56,2,SP,1,computers_accessories,1
77f786b616f184da30df78a7eb228d92,2018-08-18,27.299999999999997,1,SP,1,computers_accessories,0
e87af6f598445282ba3662fc3cc5c3dc,2017-11-22,130.57,1,SP,4,computers_accessories,0
86278332ca8c82016ab4aa45191c71f4,2017-11-13,108.4,1,RJ,2,computers_accessories,0
8b39b1a490a2cc8906ec4b08ef88a40c,2018-01-20,166.68,1,SP,10,computers_accessories,0
58fda12832cc512415ef25b96f1638b4,2018-07-23,125.26,1,SP,1,electronics,0
331179a115e1b772b2f4ff3f99f0c713,2018-07-29,75.51,1,ES,1,electronics,0
e213b5e8d4900ec6176f5489d057e5a7,2017-09-18,816.01,1,RJ,10,computers_accessories,1
20080c49efc6113a519f37b79c88c375,2018-05-04,21.04,1,SP,1,electronics,0
44cfc5b2ba4522fbfff8c05a8649e538,2018-04-18,87.32000000000001,1,SP,1,computers_accessories,0
d6b11927bdeea5f5786a486aa301d183,2018-03-04,88.94,1,MG,1,computers_accessories,0
51e36ac90c090cef9d73b8acb1da94a2,2017-05-16,109.31,1,SP,2,computers_accessories,0
3409538db935345d2d9bf4e77cd2a5d3,2018-07-27,124.13,1,PB,1,computers_accessories,0
3cf422cc081dcaf5ba0068fa5ef709bf,2017-03-19,193.39000000000001,1,RJ,2,computers_accessories,1
5f4488ffadc1defe6b015c8c6e128c46,2018-06-29,28.130000000000003,1,SC,1,computers_accessories,0
fe07292e1a88c0c8b22fc45b58da8110,2017-11-13,189.25,1,SP,2,computers_accessories,0
b4a08789594a9cdd990a4540d4e7efe8,2018-05-09,116.95,1,SC,11,electronics,0
08a893d69f0279b78939b77cffeaebaa,2018-01-06,87.75999999999999,1,RS,1,computers_accessories,0
6d3a35145c6143c2315b64321be56041,2017-07-27,42.78,1,SP,1,electronics,0
b3a88e8c72e5e7747aae1dfac838de6d,2018-02-07,42.69,1,RJ,1,electronics,0
66f2c4c74ef2402a34e32b0156a627bf,2018-07-23,76.5,1,SC,1,computers_accessories,0
28553df1da816f76ae87bb32739cd4b5,2018-01-31,200.48000000000002,2,SC,1,computers_accessories,1
3570e34137f62140285ee90fed63ec69,2018-03-09,53.14,1,RS,1,computers_accessories,0
1e990969647161e2907245c2f1460b42,2017-06-19,120.09,1,RJ,1,computers_accessories,0
084ba79e5ae4e7d7ff0221c538c38832,2018-04-26,41.95,1,RJ,1,electronics,0
21a131826faf57cef66a3b3dbd51da36,2017-06-08,45.0,1,SP,4,electronics,0
8c482c28bfcadc891bc37e13dc7ace34,2017-01-17,50.06,1,SP,1,electronics,0
aefdeb364dad62902b4e3a0b07b8a8fa,2017-11-27,43.58,1,SP,1,computers_accessories,0
993700cc0c9685feb14c9aa73eafe294,2017-12-04,453.76,4,RJ,6,computers_accessories,1
9e389bac73e66c3aee51848446646402,2018-04-18,87.32000000000001,1,SP,1,computers_accessories,0
5f77756df7ee84e204c730c024312542,2017-08-21,420.58000000000004,2,SP,2,computers_accessories,1
5b9a1d812c91401093d659b221e17971,2018-04-17,99.46000000000001,1,SP,2,computers_accessories,0
345c94f585ef07e8ec4fa00f0daa06d7,2018-02-02,99.74,1,SP,1,computers_accessories,0
8388d391539ea5ba452606fbae76e68e,2017-06-15,65.0,1,MG,1,computers_accessories,0
bbb1e23de4c2eba23ab1ad0da89f47b7,2018-04-02,30.779999999999998,1,SP,1,electronics,0
fa390c33c5c4b2d0f270fb0050e8fb40,2017-07-16,48.62,1,PI,4,computers_accessories,0
d30daca327cb882c3ccccced457f69f8,2018-08-05,75.17,1,SP,1,computers_accessories,0
431dd865c6ed0d491389a51b12842df5,2018-01-17,32.42,1,SP,1,electronics,0
c0aad5efb9be7c339afb7dedd1acae49,2018-02-26,167.66,1,PR,8,computers_accessories,0
fd966686fa519b004275d0f422800a60,2018-03-15,158.66,2,SP,1,computers_accessories,0
fdb8b7471e58dbe1a73f0218723b58e9,2018-08-02,34.58,1,DF,3,electronics,0
344fa1eebc59a2edab43baf1e0a171fc,2017-10-11,179.6,1,RJ,2,computers_accessories,0
5ca18035ac56a17dd903b0e8410aae06,2018-01-11,710.22,1,RS,1,computers,1
e0e878e7eefd915b86e8b5714374642f,2018-01-13,106.97,1,RJ,8,computers_accessories,0
941638a41a3674d12166261747988666,2018-07-05,358.65,1,MG,2,electronics,1
f803d953d504e923f69704f85b325828,2018-02-25,25.5,1,SP,1,electronics,0
f2b5da311599254a9d04390c96244c22,2018-01-15,208.0,1,SP,1,computers_accessories,1
4529e58edfd8d45fdef9eaa1d6efdc64,2018-05-07,32.37,1,SP,3,computers_accessories,0
a3a15a66006f9f79c98af9fce34528c8,2017-08-04,288.21,1,SP,1,computers_accessories,1
16486a722e7ef2992f499bb582a9f6a6,2017-05-30,74.84,4,SP,1,computers_accessories,0
e41e5861711a10524b80a63d022ae776,2018-06-07,1180.51,1,MS,10,computers_accessories,1
4f164373da991b6595b609372262a23f,2018-08-25,33.71,1,SP,1,computers_accessories,0
3223c7798d7a714bf9d03c6e231869e6,2018-01-24,82.23,1,GO,1,computers_accessories,0
3d3977c331c2a5e7da23ea7057a4c317,2017-02-21,35.55,1,PR,1,computers_accessories,0
27117619ffada8253dc8cf4d4719ba6c,2018-02-12,95.21000000000001,1,SP,1,computers_accessories,0
7fc1ceacc9c0bddef529dcb6bf398d30,2018-04-10,35.71,1,BA,1,electronics,0
5f584984f781a737f7a40522e1e8db52,2018-08-07,113.87,2,SP,1,computers_accessories,0
398c8e07a36c8e10448623bb36a16bec,2017-07-30,55.0,1,RJ,2,computers_accessories,0
21c4830753ec0aef4a21072587e6711b,2018-01-22,33.68,1,SP,1,electronics,0
1c11b1c44ff1f6059f4fdf48bacf3e82,2018-04-15,20.29,1,SP,1,electronics,0
d8eaec04332d52c4a8376881e5af91c8,2018-06-21,177.31,1,SP,1,computers_accessories,0
5a50ee4e7bf3b3bf306a1c3f19a1a885,2017-08-30,1250.81,1,PA,6,computers,1
e1976adafc8511c7b5736536b09605c1,2018-02-27,55.85,1,SP,1,computers_accessories,0
cdb67b9f52b1b7cd79169a5aae48d7c2,2018-03-07,98.71000000000001,1,SP,2,computers_accessories,0
3636e49ba7039156231c33afc15f1dc7,2017-12-06,141.64,1,RJ,2,computers_accessories,0
6bdf0266efb0d65c6c32bc9e3d762e92,2017-11-01,68.73,1,RJ,1,computers_accessories,0
ccac1a9dee556f517bdb745dd29bcb68,2017-09-05,1243.66,1,RS,8,computers,1
ca51acb0ea778cd548d56dadc66f014f,2017-07-12,369.98,1,PE,2,computers_accessories,1
270e9c5bf02290f6b29494d0f3e075be,2018-03-12,143.68,1,PR,1,computers_accessories,0
0a7888b4a8bdf63a03f4e7db63a6fc59,2017-07-06,85.6,1,PI,2,computers_accessories,0
35a86fbb7ece0e99565ee0213d06c860,2018-01-09,263.87,1,PR,1,computers_accessories,1
25c22896dca583d857448141d99ef3ff,2018-04-26,82.50999999999999,1,SP,1,computers_accessories,0
6b325b9f635e80a6be4eaa131ae6141a,2017-05-22,214.8,2,RJ,3,computers_accessories,1
0f9c4649f5424745dd8ecf5147c6e00c,2018-04-07,52.37,1,MG,5,computers_accessories,0
2bdb4d9144e83d80bd260aedc3932c2b,2017-12-16,18.62,1,SP,1,computers_accessories,0
2a8d909d2c102155c7ce2c9a24769447,2018-01-08,404.03999999999996,2,MG,4,computers_accessories,1
9dc19c953a97c92383ff95f54cabe58a,2017-04-16,45.68,1,SE,3,computers_accessories,0
f5017de8931860a4492e26d3f22405b6,2018-01-16,25.15,1,SP,1,electronics,0
999eabcd67df73216056d2d1c4fc4d71,2017-10-10,92.02,2,RJ,1,computers_accessories,0
10428e01b7a60dc58baff4e4cf11a64c,2017-05-09,174.95999999999998,1,BA,1,computers_accessories,0
5090039870883f054d9f2b55b23dc32e,2017-12-13,292.94,1,RJ,2,electronics,1
341448499e2f0a320da3acdac898c218,2017-05-17,388.76,2,SP,1,computers_accessories,1
614a942e991f27cc67f45c0b0ca5470d,2018-03-13,101.63,1,RJ,6,computers_accessories,0
328d5a04b6412a52e3fb8f5da4997e38,2018-05-14,19.39,1,SP,1,electronics,0
4c43459211e81f383114dbcc328b7ac4,2018-06-21,139.11,1,SP,1,computers_accessories,0
ceed0f54453282dec0cc7c591237d5b6,2017-09-17,1401.85,1,SC,5,computers,1
aa03de19670a15a6b34b00bf2ee4b2b1,2017-04-10,128.62,1,BA,1,computers_accessories,0
11c97c1505db128db3b46471c5bdc0df,2018-02-12,114.41999999999999,1,SP,1,computers_accessories,0
d0a40dd7cfaabfc2d7f0c6de2ab71b34,2017-12-03,37.72,1,SP,1,electronics,0
ccfda78a88fec8b3debede2f6d6b284d,2018-02-18,172.84,1,MG,1,computers_accessories,0
a6aac0b036a3464aaa1abc83cbc97604,2018-02-09,122.06,1,BA,1,computers_accessories,0
180935cf02d9456075076eeaa57cdb70,2018-01-25,851.73,1,MA,4,computers_accessories,1
6ab7e108268118baaf663ad2b3af166a,2018-01-28,104.86999999999999,1,PR,1,computers_accessories,0
14d9794bbb53614d12cc2df6a045f82b,2018-01-14,116.7,1,RJ,1,computers_accessories,0
f0acad80eb7ba5bc5df9257759e12330,2018-05-16,81.05000000000001,1,SP,1,electronics,0
0a4105b08aba021f690e79d8b9810885,2018-06-19,138.06,1,SP,2,computers_accessories,0
f5bdbbff47c740c2cca90305841220a8,2018-02-14,189.37,1,RJ,1,computers_accessories,1
e07b8a570c76f85723c8ef8613036464,2018-01-23,26.77,1,SP,2,computers_accessories,0
17ba08ab21ccbb0c886139aa8557ca7a,2018-03-26,229.78,2,RS,1,electronics,1
a6476259927be2539b760baec362ce92,2017-12-14,79.17,1,SP,7,tablets_printing_image,0
cb2ba82044a8194f5a978abd2e3c5fbf,2018-03-12,189.56,1,SP,1,computers_accessories,1
00a57dfbb049fbaae10763e2cf15f797,2018-07-20,337.38000000000005,3,MS,1,computers_accessories,1
6c2df3329834884b60365f14e084c043,2018-01-18,25.5,1,SP,1,electronics,0
b7c4c48cbc6af3c8db4a65fe2347faae,2018-03-06,60.94,1,PE,1,computers_accessories,0
48f680279ad00e30a9d82f4faa85b992,2018-02-28,65.36,1,SP,6,tablets_printing_image,0
326498d34ca452ef02d49a1cc8069b1e,2018-03-02,26.7,1,SC,1,electronics,0
4f37cbf1e88e6a573c864f42e1072dd0,2017-05-28,93.3,1,DF,1,computers_accessories,0
4fc50cd371b22d084ba692f7bfc7ca6d,2018-02-17,628.18,1,AM,1,computers_accessories,1
f0a5b7c94819c69d12a1c0458ec74756,2018-08-26,82.68,1,SP,1,computers_accessories,0
79c886043a847d8d2e58c43a1ec1ebd2,2018-07-01,126.36,1,MG,1,computers_accessories,0
471a6da1b73e8e40114d97f64ad384b7,2018-04-27,20.29,1,SP,1,electronics,0
592673ab37fe8fa9e3a4844d067682dd,2018-03-15,113.14,1,SP,1,computers_accessories,0
4de19bb1b286e84a06c1d2eb2954b222,2018-03-07,43.129999999999995,1,RJ,1,computers_accessories,0
f5e9edb4041a4f6ddaac3851ae7992ee,2018-03-09,33.37,1,SP,1,electronics,0
fd26a8e314b26ecd3011f9d6ec17e7c2,2018-08-06,32.37,1,PR,1,electronics,0
2c1a279890c82005e7d51b4717cc0080,2018-05-15,78.86999999999999,1,SP,1,electronics,0
2c38215dc04c7026685736a63c152bae,2018-03-20,188.42000000000002,2,RJ,1,computers_accessories,0
89dfba99bc6a9836761392161809f4c7,2018-05-15,170.62,1,MG,1,computers_accessories,0
91acb43b0fa6d82446d98eab297c7cd4,2018-03-26,142.89,1,RJ,5,computers_accessories,0
e495feae6785e3de6da18e3b567982bc,2018-01-29,36.0,1,PR,1,electronics,0
5c79b8c0c788c246d099ed0ac689359e,2017-07-17,149.6,1,PA,4,computers_accessories,0
942f5d4acc0e606d70eecd14fb69bb2a,2017-07-18,746.96,4,SP,1,computers_accessories,1
632b475328739ec1fe116b5043c908f3,2018-07-18,122.43,1,RJ,1,electronics,0
0a03b50bb658dc86547261ba8cd5676e,2017-10-18,197.72,1,MT,2,computers_accessories,1
12cfdcaedc49d1cfce950e3c9846dacf,2018-04-12,93.30000000000001,1,MG,6,computers_accessories,0
41b6c4ea42d874899cb2547558f9e577,2018-01-31,28.75,1,SC,1,electronics,0
87ccc531f16677e594f700b09caddc61,2018-06-11,175.08,1,SP,2,computers_accessories,0
897702f9f3fe72f18863ffc09e7ddef3,2017-01-20,263.04,1,SP,3,electronics,1
72356c7f42069d35de8cdab7e6ec6b6f,2018-02-21,36.15,1,PI,1,electronics,0
2a61996db3b1837c8e035e373eeced0e,2018-02-05,64.1,1,SC,1,electronics,0
6fae9a0c40ff98d96a5ce24aed7ad0c7,2017-11-29,75.08,1,MG,7,computers_accessories,0
a17fd6df400fd04864fc2697bc98cc2d,2017-12-29,203.06,1,SP,2,computers_accessories,1
0db6ccc5c835057ef7f585066ec9f7ca,2018-04-24,167.68,2,MS,1,computers_accessories,0
8a1e1fb0ef7e9f8fd6a0378ece8a4472,2017-08-02,25.380000000000003,1,SP,1,electronics,0
28f0c702fd6f14b65a0ad5bd708a5b4c,2017-11-24,52.09,1,RS,1,computers_accessories,0
cf5c8d9f52807cb2d2f0a0ff54c478da,2018-08-24,217.18,6,MT,2,electronics,1
7f2e7db0db716e57b5f65080fb85f397,2018-02-17,34.8,1,SE,1,electronics,0
789af0bf213f13c06dcaf72a56d3931e,2018-01-31,103.85,1,MG,1,computers_accessories,0
23bd3ea8478099ea89638b5514a1198b,2018-03-03,42.06,1,SP,1,computers_accessories,0
a7052bcfd0db0734e92716ce1a188143,2017-09-05,61.629999999999995,1,PA,1,computers_accessories,0
fb1b43869922a4c4faadf387772149ed,2018-07-06,138.11,1,SP,2,computers_accessories,0
8563ba5846a265d99db932d71e8f5b8c,2017-12-05,186.85,1,SC,1,computers_accessories,0
e0657085c2b6297a32f39efa200cdf72,2018-08-04,26.37,1,SP,1,electronics,0
5629b04c3d6b271767e2b1a38d878171,2017-08-04,295.7,1,SC,10,computers_accessories,1
de3bee1ce2ff36750efc09a389ea029e,2018-04-17,136.6,1,RJ,10,computers_accessories,0
cdd732749e9346c0ad3217aaf6ebd2e3,2018-05-09,114.15,1,RJ,1,electronics,0
75de3533485debf7b6eb8014b9c9ab76,2018-02-26,46.0,1,SP,1,computers_accessories,0
75a4ec6f4a98993df22205b1ad4da5c5,2018-02-27,36.68,1,SP,2,electronics,0
74cb79919088f7872ff765118bf25de4,2018-04-08,143.93,1,SP,1,computers_accessories,0
f0da489592c62097d0034f139386cb32,2017-04-05,3009.53,1,BA,10,computers_accessories,1
ee343d7247239b219a20b4cb63cee65d,2018-07-21,55.26,1,PR,1,computers_accessories,0
87e0d0f94adbd22ba23b476c9b071bd0,2018-05-08,251.39,1,PB,1,computers_accessories,1
d2421ba8e68d2ecb6f32d08202ba292e,2018-05-28,722.95,1,SP,1,computers_accessories,1
b2377b1954ac905f64a3797f58fc36d9,2018-06-05,175.08,1,SP,1,computers_accessories,0
0ca9a58f008bf2603e4b02b0813996e3,2018-04-04,92.35,1,SP,1,computers_accessories,0
b3f8f9990d57ac78665ba9cdd480a633,2018-04-04,38.09,1,SP,1,computers_accessories,0
94d865ff58ce43bdb66ba4bb0fcebf12,2018-02-14,189.37,1,RJ,10,computers_accessories,1
f4d3885e12fd29bbafcfd279895c05c0,2018-04-14,83.1,1,SP,5,computers_accessories,0
773dbd4b995047ec62ab094f9aa257dd,2018-02-14,30.93,1,PA,1,electronics,0
c14d2e12b876b00738f6c4ae6329e1dc,2018-08-27,20.27,1,SP,1,computers_accessories,0
b0a53313f05c1fb7b57eba8c55f35035,2018-05-14,49.22,1,RS,1,computers_accessories,0
61e3bd0de079bba22ce8062d0ef4d393,2018-01-11,97.62,1,SP,1,computers_accessories,0
c72add79a1bef8c55628b377b01eb02d,2017-03-24,58.95,1,SP,1,computers_accessories,0
97c1f9afdaef4cf63539bf4529a21f68,2018-02-03,66.78,1,PR,1,computers_accessories,0
7aee2b4a36b8b9f260376a8319900aa7,2018-03-19,87.81,1,SP,1,computers_accessories,0
9eb20359fd4673317b09e18e7c96476e,2018-02-20,197.48,1,GO,2,computers_accessories,1
266a1f6959fbb6cd5b50201b10a0d46f,2018-04-15,33.37,1,PR,1,electronics,0
fcd173d025d9960fde973eb391a98e0b,2018-02-07,141.75,1,PR,1,computers_accessories,0
f8501e8b6e75ee30e629780e032654d0,2017-11-18,52.169999999999995,1,SP,1,computers_accessories,0
f6de04d6952711ce456cf1a8d553d313,2017-02-23,33.69,1,PR,3,computers_accessories,0
a44088d916b1cb5763921534c14f9a0d,2018-02-15,121.78,1,PR,1,computers_accessories,0
417e44a3df3ce085aeafc1976354af8e,2018-08-04,73.2,1,SE,1,computers_accessories,0
00fbcd8b120e5706c58b9d1a0026a7da,2017-11-14,24.009999999999998,1,SC,1,computers_accessories,0
e434f79ea884de16e5a8bf32afee5333,2018-08-02,295.40000000000003,2,RJ,1,computers_accessories,1
8ac915a1f508baa87e8fc8d596aa6fc1,2017-03-13,41.01,1,RJ,1,computers_accessories,0
46a679ffe9f1dfbb33d7e6795a2ed65e,2018-05-03,66.74,2,SP,1,electronics,0
d06d2fe1972261b71b6523b3e17be1bf,2018-02-08,32.379999999999995,1,SP,1,electronics,0
9ae55c8f50cf083fff3ce944e72f93ac,2018-06-28,128.99,1,SP,1,electronics,0
0f6b653ecd118489b9010c30444efe8b,2017-08-18,71.05,1,PB,1,computers_accessories,0
40fceec24d509aa4b63f4b0ba9f2621b,2018-01-29,38.379999999999995,1,PR,1,electronics,0
2e97685820b5ee3efa8b213f18899387,2018-02-02,61.28,1,AL,1,electronics,0
5000d08e089db4f432f3982d25f483de,2018-07-01,154.05,1,SP,5,computers_accessories,0
84295d74f40adb034c954659df22fded,2018-06-06,78.09,1,PA,1,computers_accessories,0
4ab89d9dbd3924ff720ba734b538956e,2017-11-22,151.65,1,RJ,1,electronics,0
0199edc5b01351df8e73a674aa473ee7,2018-03-26,101.0,1,PR,1,computers_accessories,0
8f6f263a5e96515d5534199b74cb7748,2018-03-05,1603.0800000000002,6,SP,6,computers_accessories,1
c22f4ba5610aa110fb73444de7600a2e,2017-09-28,1635.64,1,DF,15,computers,1
9ad64fee55d24429134f71a2955bc677,2017-11-25,21.43,1,SP,1,electronics,0
a433f43c39b2899cded8d987e2995c3c,2018-03-03,72.05,1,RS,5,computers_accessories,0
1d2518947fc063827004a375094fb10e,2018-01-10,24.75,1,SP,1,computers_accessories,0
88765c7c25c8dd40cefcd887f3c8cd8e,2018-07-10,219.57,1,PB,2,electronics,1
a22bb4b44152c9a83688e2a3652d2154,2017-09-30,35.69,1,MG,1,electronics,0
8006a29212bfc6b554bdb445427822bf,2018-02-11,138.24,1,GO,1,computers_accessories,0
cd4669d3b4eb487d41fc3919a3b1b8b6,2018-08-02,141.57999999999998,1,RJ,1,computers_accessories,0
07a97e5f41dfa29925b661eee8e73c26,2017-08-16,84.69,1,TO,5,computers_accessories,0
2545865a7855db1c3ffd110faf83261a,2018-01-03,252.84,2,RJ,3,computers_accessories,1
50b885373bbe35c76bf53c301a8a845e,2018-01-30,104.85,1,RJ,1,computers_accessories,0
a2e1586a9d74f3d08df52b4eea515b6c,2018-07-28,69.36,1,AM,1,computers_accessories,0
63014d31686df70fb6eae36739a89d52,2017-12-25,69.52,1,MG,1,computers_accessories,0
b4d847b337890c09d43b616bf0ba2ee3,2018-02-07,559.44,1,RS,8,computers_accessories,1
4ea741e30080ceba74e43520b2a0a55a,2018-07-15,35.129999999999995,1,ES,1,electronics,0
6fbb3d20bfc2d3afdc6478057599ea2c,2018-08-24,86.53999999999999,2,PR,1,computers_accessories,0
9e29a160f24d2edbcc64b218108bdc82,2018-01-31,89.85000000000001,1,MG,1,computers_accessories,0
be2ccfa019a7d426556d4bf4691f7c3a,2017-12-21,37.0,1,SC,3,electronics,0
0a187dd7f4efe70e8c3b6e3779b3b133,2017-09-02,1333.55,1,DF,8,computers,1
a64c966ded5ec513f096d9c253e03bea,2018-02-22,77.42,2,SP,1,computers_accessories,0
27a8554e167c321378d1c899a0b8b8f6,2018-01-22,153.13,1,RJ,1,computers_accessories,0
8ce6c3ac0903448859d77c5279ac7876,2017-11-12,20.080000000000002,1,SP,2,electronics,0
782aa8c8856a043fdd997f8b869fe76c,2018-03-08,74.27,1,RJ,1,computers_accessories,0
1cd67597bca5df09bd7a814e8638b023,2018-04-08,149.72,1,SP,1,computers_accessories,0
b3031d607ad736c8f2d37fe9d9892aed,2018-04-09,193.65,1,SP,2,computers_accessories,1
1d1b9a0b61dc765c259e60051ea75421,2018-02-02,20.03,1,SP,1,electronics,0
81d7555ffbde7261c34dca2bc0c03a06,2017-11-20,183.31,1,SP,1,computers_accessories,0
0762fe35b71987563f8771eb6d14938f,2018-01-24,87.03,1,SP,1,computers_accessories,0
979c4326cc15330dd0b1e4547e25e81c,2018-04-23,168.88,1,BA,2,computers_accessories,0
141d3bf5aa7128f40bf2a60cef620b93,2018-05-02,159.03,1,SP,3,computers_accessories,0
aaf7224fd4c85294460d9c42a803a7a5,2017-12-16,85.38,2,RJ,1,electronics,0
3cb7837e1a9c1bffae26ac626bc51b54,2017-07-13,125.12,1,RJ,4,computers_accessories,0
c2ea797d51d65bf537180b09a90a8e6b,2018-03-20,33.230000000000004,1,PR,1,electronics,0
66355bca3dfaa134e807687ade5d3330,2017-08-16,398.37,2,CE,10,computers_accessories,1
905cf34043925642f36abb99eea3f3d6,2018-01-24,190.62,2,DF,1,electronics,1
b9babcd3be5ab7aae890f68c9fb4ccc8,2018-04-25,70.24,1,PR,1,tablets_printing_image,0
4424e229c586b51536fe200e207c8f84,2018-03-14,29.29,1,SP,1,electronics,0
999a1e26ec873f85a13a3a4e3dffb5a2,2018-02-14,552.85,1,MG,1,computers_accessories,1
8a0ff8191c4dd240e18114ec66889ec5,2017-09-26,166.81,1,RJ,1,computers_accessories,0
b9d5fdd84b13a6539a7a5e8851aef828,2017-11-20,196.01,1,SP,1,electronics,1
c37e2c9cccce36f396d3b958b8bc1574,2018-02-10,82.98,1,SP,1,computers_accessories,0
83f307792a5e44febc1eb0309679051e,2018-03-11,521.6400000000001,3,BA,1,computers_accessories,1
fb58bfd81a8521707b1bc039498f79fa,2017-11-13,144.56,1,RJ,2,computers_accessories,0
d80b6cf3c5089af37bc9dae7cbafc3b7,2018-04-01,81.5,1,SP,2,computers_accessories,0
8a8d5579f5323798786ef799344781b0,2017-10-19,88.17999999999999,2,RS,1,computers_accessories,0
90f94ceb94e0651a95abaccfaf7d8fc5,2018-05-13,20.59,1,SP,1,electronics,0
09aea357bd7fde763e2358cc9e413513,2017-04-04,39.239999999999995,1,SP,1,computers_accessories,0
c6d3ed55ee0b6a2bde85adc9a569ae3e,2018-03-22,101.50999999999999,1,SP,1,computers_accessories,0
dcd164b97935d9b049b44ce46d77d06f,2018-02-28,78.55,1,RJ,1,electronics,0
198b900399661ad01ee9e47c4c0cc7d3,2017-04-20,74.54,1,MG,1,electronics,0
a9495ad773a18a329a4f9e514f5c1c9f,2018-06-06,40.959999999999994,1,RJ,1,electronics,0
ba35aab992c4504d63730c89ccc35613,2018-02-18,257.46000000000004,3,RJ,1,computers_accessories,1
4e34f7f360a23cef569caf80c6ff4c7f,2018-04-26,70.84,1,SP,1,computers_accessories,0
ab6a6b7a25c62e6f6c332f359ac4764f,2017-07-07,327.66,2,SP,1,computers_accessories,1
b81af501c9ae710ed9968a6018400a09,2018-01-13,35.0,1,RS,1,electronics,0
cd4e72be4075838e5c15204603edb7ce,2017-12-27,195.12,1,SC,2,computers_accessories,1
3a53c89c1526bec25191f47b5ab57df6,2017-11-24,60.75,1,ES,1,computers_accessories,0
bf205457ee84ab84c423d67b88239982,2017-12-21,2733.6299999999997,1,RJ,1,computers_accessories,1
c82aafbe44928b0afb27adf31ff6e78a,2018-04-24,111.53,1,RS,1,computers_accessories,0
79c243f8bca755a9f830a8ad0dc780ad,2017-04-16,321.54,1,BA,2,computers_accessories,1
e4dd475ba157a8f4d4dd4f0b8e7c92b3,2017-09-11,84.0,1,SP,1,computers_accessories,0
910b8f728465018e9dfd00228151f9ea,2017-12-19,20.73,1,SP,1,electronics,0
a446e19eaf1b7ae1ac483f47c29c2d36,2018-02-15,25.5,1,MG,2,electronics,0
f4b7ccd15f831ff995d4f307b0dc0f0b,2017-08-29,1225.05,1,BA,18,computers,1
420937423f0cb3d3fe689330b5d385a9,2017-10-19,111.64,2,RJ,1,computers_accessories,0
41b5ca83bef6301acf0208d83596fade,2018-04-08,65.39,1,PA,1,computers_accessories,0
f349cdb62f69c3fae5c4d7d3f3a4a185,2018-06-28,78.64,1,SP,1,computers_accessories,0
b8e0c25a0315d0ac5368e9ca610ea2c6,2018-03-29,89.41,1,SP,1,electronics,0
2a41e607e8c88abf9f0b0f8f982dce13,2017-08-10,116.39,2,SP,1,computers_accessories,0
f9e254c56ad8dc27d6fd34b26f94711f,2018-08-28,27.29,1,SP,1,computers_accessories,0
f11cc2cb015566e4f853920015ae8cf0,2018-03-05,162.44,2,SP,2,computers_accessories,0
076f1fe978468db6b826f40f714da65f,2018-06-05,168.88,1,BA,2,computers_accessories,0
66efaa03a4b4236e90751074b59f4b78,2018-03-11,28.880000000000003,1,MG,1,electronics,0
79736d8897b41dc2f3b2096def7a5f7e,2018-01-08,31.28,1,CE,1,electronics,0
c8590303527208d2ea0f2eb752ae074a,2018-04-23,284.84,1,CE,3,electronics,1
a73d909b08c8058d8c1f42cdb2ada6ae,2018-05-26,21.04,1,SP,1,electronics,0
de6ecf700b95b7b8f6d4dbea03fd56dc,2018-07-19,35.14,1,SC,1,electronics,0
44a022bf82d92fce7892801d46040e47,2018-04-08,25.67,1,SP,2,computers_accessories,0
c111660003fe3dd242a376599653b22a,2017-10-14,62.28,1,AL,1,electronics,0
a103e6ad2ad56584ee8e0400083938cb,2018-01-20,30.77,1,SP,1,computers_accessories,0
87e145665c1cdfcec92e9e74e2469cfc,2017-08-28,48.69,1,BA,1,computers_accessories,0
ea66ecfe912404253d8c95f9172706e1,2018-04-07,152.52,1,MS,6,computers_accessories,0
2483fa0e74034abf26bb7843b1848564,2018-05-10,50.72,1,GO,1,computers_accessories,0
9b2ebe500ef39b85f806d10abada8bc3,2017-05-28,27.380000000000003,1,PR,1,electronics,0
de339d3dab036509a47753ddb94f1d55,2017-07-14,307.24,1,PA,1,computers_accessories,1
becf90dbbea6e1a229814dab50912be4,2017-05-08,318.17,3,SP,4,computers_accessories,1
63adcb46ebc32b89a37861d78ca41f93,2017-11-24,85.14,1,RJ,8,tablets_printing_image,0
0f5feae20ee62fe5f7320dea993a841c,2017-03-14,31.86,1,SP,1,computers_accessories,0
065102a3bb506a1010c90b7a4f2700b2,2018-03-02,164.55,1,PR,2,computers_accessories,0
352708b535fc378323000b71fcd4807c,2017-02-23,33.129999999999995,1,PR,3,computers_accessories,0
14db6eba3c303f9a28d0e9330754a842,2017-12-14,69.24,1,SP,1,computers_accessories,0
996959ad36063a7b8df71ab9d8b0ebd7,2018-02-15,62.379999999999995,1,MG,1,computers_accessories,0
64582c699f99b4dd3c326b13c3bdc644,2017-10-09,803.92,1,PA,1,computers,1
b40f817b50535e75d1708b22ef4f6484,2017-07-20,29.38,1,SP,1,electronics,0
6041df98b73499d7ab29fac08814665b,2017-12-31,40.68,1,SP,1,electronics,0
a4ff93cafe11fd211ea627c3cd253480,2017-12-29,196.03,1,SP,2,computers_accessories,1
4e10b30aa3a183071fafee98c886bc7d,2017-09-13,26.68,1,SP,1,computers_accessories,0
3d881e61ee993d5bba4becb0d98b1579,2017-02-17,95.98,1,BA,2,electronics,0
15d8198b8e9c97e5e6a5007b0bb1550f,2017-04-25,46.05,1,RS,1,electronics,0
f992a59bd269c4eb0ae5ca2d403474b6,2017-03-11,34.42,1,SP,1,computers_accessories,0
03d8ac7f462c593ad4ca1fe32c20cd83,2017-04-27,149.07,3,SP,1,computers_accessories,0
8cf06ce068a7f778b59ed42dc00d964c,2017-12-26,29.78,1,BA,1,computers_accessories,0
52191b9f4d5c244d1bfe01a95f346331,2018-04-13,173.88,1,BA,1,computers_accessories,0
255ad076f0ef8eeeaf912d66df4c2a1c,2017-09-19,185.56,1,CE,1,electronics,0
a3e5028ece0876f0a632152e9a66ff0c,2018-05-09,31.29,1,PE,3,electronics,0
d55b88c264e0cacf41c8f8ce846bc1ee,2018-06-11,785.72,1,BA,6,computers,1
169ec5c8e238376cc87f2984cb173f1e,2018-08-03,87.86,2,RS,1,electronics,0
136f44c4aee8436faeb4d831e83344ef,2017-12-31,35.69,1,RJ,1,electronics,0
69f0148dd6fd1fd804e48c202c93ad0b,2018-08-05,31.93,1,SP,1,electronics,0
82788932fd3b02d1fa882ab5230e895c,2017-08-22,144.56,1,GO,3,computers_accessories,0
88105b400acfb446584ad0e0c3a088eb,2018-07-22,145.91,1,PR,1,electronics,0
0a58de38cd66544f6bbe4f5ab326e5f6,2017-08-07,123.28999999999999,1,SP,5,electronics,0
966aa877aacb92e9ba70a4c8243945ea,2018-06-21,248.74,1,CE,1,electronics,1
ade2fdd8487010e45346bf5d70743ada,2018-06-17,46.28,1,DF,1,electronics,0
0084e195fbd72ae51599af47f04afede,2018-03-14,113.03,1,RS,1,computers_accessories,0
e85ffcc0e310087de07b84dbd43fe3c1,2017-05-02,105.32,1,GO,1,computers_accessories,0
f8f209528a1b97cc0fc2479c52af907b,2017-02-24,82.97,1,SP,1,computers_accessories,0
1314f9c897799df1cc402c6a2519d4be,2017-09-17,65.0,1,RJ,1,computers_accessories,0
f48e36e6cb040456fccdc6b055be3ddc,2018-06-07,108.05,1,SP,5,computers_accessories,0
ae95bfeceb712ea0089afa1897119ac5,2017-11-14,131.23,1,BA,3,computers_accessories,0
ba3d14eca4818e2e0c5968ab26883114,2017-07-10,46.01,1,RJ,1,computers_accessories,0
9c0a26a4017f99d2c64f214fc104cc8b,2018-02-02,102.06,1,SP,1,computers_accessories,0
c4a18d95e54468f1e418801052c7684a,2018-04-18,130.26,1,RS,1,computers_accessories,0
7da5789072aa14cff7a42564283c6254,2018-03-08,60.22,1,MG,6,computers_accessories,0
59d51b78853d8f69413cee505d705ba1,2017-04-13,55.96,1,SP,5,computers_accessories,0
5446e615a50f372158d92b957361fecb,2017-05-30,349.7,2,MG,8,computers_accessories,1
71e04ce93a0da9e3e05c2f488c26bd91,2018-01-25,101.93,1,MG,1,computers_accessories,0
762a7b629bb1c6b72ee7f71f72ce3fbd,2017-08-03,42.77,1,SP,1,computers_accessories,0
a4d7caf7570d02134caf5b8425c515d8,2018-08-25,96.77,1,SP,1,computers_accessories,0
3e654c7f3c4a852f6b18cede3015ea0d,2018-03-13,136.93,1,RJ,1,computers_accessories,0
7d3636cf3c3e12cd619c2ba47773c24f,2017-12-17,28.75,1,RJ,1,electronics,0
d2770dbce4d20823d78de14f7f2a6277,2018-01-22,37.6,1,PR,1,electronics,0
f5510156179c05fec1dd3898b39c565a,2018-04-29,126.64,1,MG,2,computers_accessories,0
bd9eab44494104736e6edeb1bbce8e35,2017-05-24,74.27,1,SP,3,electronics,0
d52567da8869433ef71cdc3aa0c6e0eb,2017-05-19,30.0,1,SP,1,electronics,0
04bc36cd51141e11c2cbbd188b6e47ca,2016-10-08,58.41,1,SP,1,computers_accessories,0
d5cae76a3a1157f7947579bf8ae13f18,2017-05-27,28.0,1,SP,1,electronics,0
7d29edfaada15e651ba22a5cab65b61c,2018-01-29,164.79,1,DF,3,computers_accessories,0
2cc3c6f1d89338c78360e079513f99d2,2018-08-04,145.0,1,SP,2,computers_accessories,0
9fab0f942fae1cf572b2ae5d159be064,2017-10-09,44.379999999999995,1,MG,1,computers_accessories,0
2a3e60ce1465b6fd5a3702e28871fd70,2018-02-09,161.46,1,PR,1,computers_accessories,0
5b7584c36737b6035bd68d79b4fbac54,2018-03-05,101.74,1,PR,1,computers_accessories,0
c7bd88346e0420ae1062da6b374e99e8,2018-05-08,33.22,1,RJ,1,computers_accessories,0
528d7f1b0be23f9c70baba6be75d8a26,2017-12-14,296.19,1,SP,1,computers_accessories,1
d742edc736f4fa6a173ee4a049322e45,2017-12-28,173.84,1,MG,1,computers_accessories,0
a8e749cb4760cabeff096908c2c6779c,2017-09-27,83.64,1,PE,1,computers_accessories,0
f0b0ddd1464bee62169490a83b11cc7d,2018-02-12,129.09,1,DF,1,computers_accessories,0
e10eb38645ac0ee01145792cab82f88e,2017-11-11,46.0,1,SP,4,computers_accessories,0
91f9892e7f917fe83c7192e0de883126,2018-01-27,76.95,1,RJ,7,computers_accessories,0
29195b2e04b68eb25fc8a0fa5d2d81c4,2018-01-24,236.09,1,BA,1,computers_accessories,1
2f610bccd0c217425cbb71bc0cdafa32,2018-05-16,87.32000000000001,1,SP,1,computers_accessories,0
e45f581751e44a52f09b4c1746612e54,2018-03-20,62.93000000000001,1,RJ,1,computers_accessories,0
411ef3cc7db00f7dfb66d19310ff3a48,2018-01-03,22.1,1,SC,1,electronics,0
772e4afd32903870cfaa882d5c260ba9,2017-11-09,54.53,1,DF,1,electronics,0
981169eaa134f634b547095d9321e3dc,2017-12-01,16.78,1,SP,1,electronics,0
0d82bda1c67bfa6b3926bcbeb8177932,2018-01-24,41.0,1,RS,1,electronics,0
059cc0a6e41682f072113815225a5ff7,2018-02-18,60.08,1,RS,1,computers_accessories,0
0d6fee6350875c4d645f6490e7f3ee5b,2018-02-20,44.379999999999995,1,MG,1,computers_accessories,0
6d9da1dcc8d05c588e4ea617d0fe9465,2018-08-09,760.09,1,SP,1,computers,1
421458b47a5a081467392d21eb42aeb4,2017-10-03,171.85,1,RJ,1,computers_accessories,0
50b8dbee8859800c77f56a85f7db69cc,2017-12-11,20.68,1,SP,1,electronics,0
82ee69216f11b23e2d21d2796e079366,2018-08-08,692.94,1,BA,4,computers,1
7bdb2d28573c6576a3204c21c98aa93c,2017-04-25,38.64,1,SP,1,computers_accessories,0
0de88914980b96be31b33a407f19ccfb,2017-12-11,35.69,1,RJ,3,electronics,0
50aee6309ac7a0d4fd5c78ac0d4e5404,2018-04-25,277.48,2,GO,1,computers_accessories,1
484d8bdbb5839ffad3b48130d17db006,2018-03-19,103.43,1,SP,1,computers_accessories,0
67f6f18e0c687b98fa78c479f2a351f6,2018-02-16,47.69,1,ES,1,computers_accessories,0
c8b5856601fdab3073669bd36f9b16f2,2018-02-03,87.55000000000001,1,PR,1,computers_accessories,0
1f7f6fc17884f319553d2983347edecf,2018-05-09,176.0,1,SP,2,computers_accessories,0
6586d233be57098d348eb571d87fc6f2,2018-03-09,193.7,1,SP,2,computers_accessories,1
cb9900a635406b269d600f509cff8009,2017-04-04,42.42,1,SP,1,computers_accessories,0
9c23c5e00db2827a08ee53074a3eb60e,2018-02-10,33.0,1,GO,1,electronics,0
de4c308ea3f72fa2d3be68d18a2fedb1,2017-06-18,30.75,1,SP,1,computers_accessories,0
2e34b63e02ca9057558368f63f08b3c6,2018-01-02,35.0,1,SC,1,electronics,0
1bde74ad752bde97abfa57a9a7461ff3,2018-02-16,62.0,1,RJ,1,computers_accessories,0
7a36fa82d4bcff7d936c10be470b9c8e,2016-10-05,42.769999999999996,1,MG,1,computers_accessories,0
ad81d0d06a681bb6285a1aa66634f762,2017-11-28,38.8,1,SC,1,electronics,0
b646230340125ccb34ad274da72e2d55,2017-07-29,215.14,1,RJ,10,computers_accessories,1
972744bcdd80014057492bbab6b4e06f,2018-01-03,146.21,1,SP,1,computers_accessories,0
e77b736410809924bdd6ceea09559cfb,2018-01-26,34.0,1,ES,1,electronics,0
a2b01f72ab3f4fc8831837432d5a0117,2017-12-26,150.26,1,MA,2,computers_accessories,0
e627df2790ff5b0e7b40e85f8b0d9d32,2017-05-17,27.98,1,PR,2,computers_accessories,0
80b8546dc40a96e03d6be3b166ceb025,2018-01-21,378.74,2,SP,9,computers_accessories,1
ae7f8eca3f2f84891e130184c3c3b45b,2017-09-20,159.02999999999997,3,RJ,10,computers_accessories,0
264079098544c963529838aa8bc915d6,2017-08-29,124.51,1,MG,1,tablets_printing_image,0
8fe3b44d3161e377a52ba346b2b0ec08,2018-07-20,53.480000000000004,1,SP,1,computers_accessories,0
2b919216a8b67751994934b49ac9b750,2017-05-07,233.78,1,SP,1,computers_accessories,1
d03428478ca1e760e9c5898acc54665f,2018-08-14,213.66,1,SP,8,electronics,1
6c145f7b5ab27b741ba7b277df44237e,2018-04-06,48.78,1,SP,1,electronics,0
b5695e31c82f1d474be0cdb54d0c3728,2018-05-15,268.79,1,RJ,2,electronics,1
8c950d9b4adf24655fe399e36f89cad8,2018-06-24,36.230000000000004,1,RS,1,computers_accessories,0
b96a6dd4f298f5e0e797e6251f2de6f0,2017-10-31,30.38,1,SP,1,electronics,0
34bfe8d474f4b345e99b22b2ed46472f,2017-10-27,35.69,1,MT,1,electronics,0
e32475f70e357bf610f864d2674aaf46,2017-05-04,130.47,1,RJ,3,computers_accessories,0
b58a6cafa236091ed83bec2b0ff64ec7,2017-05-07,61.84,1,SP,1,electronics,0
0acb52bb1603d9a69f0965fb43c08a99,2017-12-06,24.71,1,SP,1,computers_accessories,0
6c0819b0edde57ca00841c3d2092bb34,2018-07-24,85.58,1,MG,1,computers_accessories,0
8358045db0b940a1fcaa47dadb2b79c9,2018-04-22,92.97,1,MG,1,electronics,0
f1b2f741c002e0bf5f0f63e3b83c1a21,2018-02-27,191.01999999999998,2,PR,4,computers_accessories,1
218285f1805643f2d68bbec7c40c88a0,2017-09-13,214.32,1,SP,1,computers_accessories,1
3e1f6fe2fb84232f49ee85bd4c61758e,2018-05-15,27.78,1,SP,1,computers_accessories,0
fe51eca8b5e241e101a5bc2e9720f877,2017-07-30,39.239999999999995,1,SP,1,electronics,0
83eeee55d222c6e3b10f716700517529,2018-02-01,95.14,1,SP,6,computers_accessories,0
6f0623ab7d14898da15e456013f185e9,2017-11-19,27.0,1,RJ,1,electronics,0
f423569a17449da1163fa5de4414338c,2018-08-16,44.41,1,PR,1,computers_accessories,0
ff354f13d748eb3a9af6e99698f60fc2,2017-05-08,94.3,1,PR,3,electronics,0
fe225fc0702b1d46a931e88d60c7be25,2018-08-22,66.14,1,SP,1,computers_accessories,0
825983820e200102c888befb401e0803,2018-04-10,254.82,1,PE,5,computers_accessories,1
5186d475bd6d5839473d5a6b8669638b,2018-01-17,380.4,1,SP,5,computers_accessories,1
e494d3df2a8bbfc8541d90f1b7623217,2018-03-02,190.01,1,SP,2,computers_accessories,1
08a0229449937f03d05a335929cc455f,2017-09-19,267.17,1,BA,5,computers_accessories,1
28a591d0271b8c507e0380cd95521572,2018-04-10,26.29,1,SP,1,electronics,0
ba018a9729b7d844420ab92e6e38d508,2018-08-13,180.64,2,MG,10,computers_accessories,0
67f52d466554ffe40e2b3f2611c2a5a7,2018-05-18,143.46,1,MG,1,computers_accessories,0
a333f2fe51944b92ce68ef890185dc1b,2018-05-07,36.95,1,SP,1,electronics,0
2b8964f15c12ac5df6946804df101d82,2018-07-07,28.79,1,SP,1,computers_accessories,0
a4b9b64c874a692b4b2cebf1fc417789,2017-11-25,29.439999999999998,1,BA,1,electronics,0
93240f6a90ae9889c692787235e66a0c,2018-01-11,830.64,4,RJ,1,computers_accessories,1
c3a4760791fe90fe58b360dbfc812805,2018-03-21,37.129999999999995,1,RS,1,electronics,0
3ee9cf1702011ef8cb10312b07124ec7,2018-07-07,229.54,1,BA,1,electronics,1
0d6bfb2c384abf1053a600d79eb2dcfd,2017-03-23,157.72,1,SP,10,computers_accessories,0
c25e9bf813225380ada966afae6d6b95,2017-09-10,258.99,1,SP,4,computers_accessories,1
5afaa7b618c8776fad63ca23a14a8035,2018-05-10,1288.74,2,SP,8,computers,1
3e3378aad68b2f3e53dba3a4da142bf3,2018-03-04,36.69,1,RJ,1,electronics,0
d28b5d86a3eed220a736db5a42815270,2018-01-17,45.54,2,SP,1,computers_accessories,0
0b9e555377748cc93362b079f2653a42,2017-12-10,34.0,1,RS,1,electronics,0
b57f8a0a6355eed6fb23aa237836403d,2018-02-07,31.0,1,RJ,3,computers_accessories,0
f842cb7e4c6dee42ebdaf6c2a81904b6,2018-03-07,30.880000000000003,1,MG,1,electronics,0
fc6bb905fab635b31a166e561395bb01,2018-01-07,46.78,1,SP,1,computers_accessories,0
a129b99db0bdcd92c62d71279de0670c,2017-07-20,859.36,4,RJ,1,computers_accessories,1
61e7a0e72661ce2a29fef077d8007f27,2018-01-09,27.799999999999997,1,GO,1,electronics,0
7c28cd51bc7b7b5b8e81ae0bb7f17340,2017-01-25,27.86,1,MG,2,computers_accessories,0
423a74bc335eb62b36ac17941c6eb309,2017-10-25,50.01,1,RJ,5,electronics,0
0f9807b737e645eaa107418a88f30fd6,2018-08-07,190.28,1,MG,1,computers_accessories,1
21b1c98d8e52fa31d859540e69e84c29,2017-04-11,52.739999999999995,1,PA,5,computers_accessories,0
20b4e5f6a0d8d1244c3c387e0f645ca3,2017-09-10,77.11,1,MG,6,computers_accessories,0
5d2c4c38fbd5a94f21fc1f9c2bad2696,2018-03-26,109.21000000000001,1,SP,1,electronics,0
6e70c44e566a92cd1ef6b7bc8631fece,2018-07-31,205.51,1,SP,2,computers_accessories,1
03672cdb5f2c133e401946a14a7dff3b,2018-04-04,92.83,1,SP,2,computers_accessories,0
c88cb7c54b20df1c37d529408b255d41,2018-01-20,209.95000000000002,1,SP,1,electronics,1
ad1a49519124023cdc78cbbc0461de96,2017-03-22,45.68,1,BA,2,computers_accessories,0
995daf9c525344acfdbc27f4da55f205,2017-12-15,60.05,1,BA,1,electronics,0
ce702ac732df2f01cb1dd548866ae56e,2018-03-11,175.08,1,SP,2,computers_accessories,0
14819d9c6768f38817898f5c7ad3a8c1,2017-11-16,72.02,2,RS,1,computers_accessories,0
8a8d6849ca8e15a0ef3c1daad1e76056,2017-08-20,48.01,1,MG,1,computers_accessories,0
2c6cd2338f9bbc7b19f8177e89e633fa,2018-02-22,21.43,1,SP,1,electronics,0
010efe60bdadc9261d1902f3c1dda5f3,2018-06-07,128.65,1,MG,1,computers_accessories,0
2b5781efb507c8378a255ae14c8661fd,2018-03-26,36.95,1,SP,1,electronics,0
37c4b7482cfdefce314280ba93d718db,2017-10-14,104.48,1,SP,2,computers_accessories,0
1a2056a1d6e8db71b7d777ec36f9b1b5,2018-06-26,51.06,1,AL,5,electronics,0
562baadf62ec31ef06e54f4a324aeb26,2018-03-25,39.22,1,RS,2,computers_accessories,0
c1e4bdeeda1ce8c91f4c71b977fca35f,2018-04-11,92.83,1,SP,1,computers_accessories,0
f5cd3f99caf11d1cd93c5b92e3e49d08,2017-06-05,151.61,1,PI,3,electronics,0
1e8485e2c6ab027bc875dc4715c72c10,2018-03-25,271.61,1,SP,3,computers_accessories,1
070f721954fa2416856b2b30e3c3c341,2018-04-02,219.03,2,SC,1,computers_accessories,1
299b68ba840c1126001409fd0c4011f2,2018-07-14,152.88,1,RJ,1,computers_accessories,0
d73caf75e86f5410db52767cb6784b5a,2018-02-16,36.0,1,RJ,1,electronics,0
4247a3af0d215e63b216c45c7bafa881,2017-11-01,397.02,3,SP,1,electronics,1
5419ec6ed07e2abf375fd4dc0121db0f,2018-01-09,31.38,1,SP,1,electronics,0
e4eefb7df8e2eb496136dd767d0bf1f0,2018-03-22,108.31,1,MG,4,computers_accessories,0
b6514c762752f05a469fdd8ccac51455,2018-03-06,85.62,1,SP,1,computers_accessories,0
153f7f62711ddf3b559ce826060ffeb3,2018-03-02,32.42,1,SP,1,electronics,0
9341b903f73c4e68b67416d70236ca6e,2018-07-25,113.41999999999999,1,PR,5,computers_accessories,0
766bcee6e8be3f493822ddaeaa9165b0,2018-02-17,96.72,1,SP,9,computers_accessories,0
70f0b4dfaf32a6a528f14215e154792b,2018-05-20,87.32000000000001,1,SP,1,computers_accessories,0
e9b62e170c02345bb0f5e96bdc417a4a,2018-02-06,31.38,1,PR,1,electronics,0
53c33e360f83136bc4328eda17c360fd,2017-06-16,206.98,1,SC,1,computers_accessories,1
48139821eca38783cb43c48d98c0246d,2017-05-02,107.05,1,SC,5,computers_accessories,0
56c3277583e16009c925fdf116df420f,2017-11-29,31.38,1,PR,1,electronics,0
6abc9d4c7489e1be689ad1f068af8c31,2017-03-21,32.62,1,MG,1,computers_accessories,0
fe6e968e3b98fa04e72cc16d58b9c498,2018-08-08,219.43,1,MG,1,computers_accessories,1
83e24dbe6e1a79765dd6f8b91066ed00,2018-04-13,39.28,2,SP,1,electronics,0
e313e28672ccec17e6e1612899299623,2018-05-25,116.95,1,MG,1,electronics,0
ff14a3e36b78f407a4e8402572e4edfe,2018-01-18,419.84000000000003,4,RJ,6,computers_accessories,1
e5abf89c50ab4087ce3b700ae5dac49a,2017-08-11,127.11000000000001,1,RJ,1,computers_accessories,0
a89197bd4c78a468357435c73ea03bdd,2018-01-06,24.75,1,MG,1,electronics,0
9eb14d81ec261aeae5d99c5460425b59,2017-11-06,85.69,1,ES,1,computers_accessories,0
1617de4324c46b195f0be6e6b6fcb3fb,2018-06-22,21.79,1,SP,1,electronics,0
49d3db2a02106c24d6ef800bd8ad5546,2018-02-20,90.17,1,RS,1,computers_accessories,0
8013932c4c00036478bea6424e783117,2018-02-21,60.0,1,RS,1,computers_accessories,0
b4ee8b4e6cdba36455ad826db9938e35,2018-01-18,124.33000000000001,1,RN,1,computers_accessories,0
c34f00bf4a9abf925efebbc3b2484c24,2018-02-26,102.0,3,MG,1,computers_accessories,0
1d8b5843082c2b3535929596a312f966,2017-11-13,31.38,1,SP,1,electronics,0
ab71e5dff0ed652f1559e1860391bd22,2018-02-22,149.7,1,SP,1,computers_accessories,0
709b861e47ea50e8ac08c7717c84b02b,2017-05-24,360.09,1,SP,5,computers_accessories,1
ae5006e8bc74e1aba0f5f41bd117cdaa,2017-11-09,107.30000000000001,1,SP,1,computers_accessories,0
d0eafd08fd0d772310b8f660e5684aec,2017-12-05,270.98,2,SP,2,computers_accessories,1
e4716dbd1591288ba2bb3def7ff36503,2018-02-27,177.49,1,RJ,2,computers_accessories,0
8860c46d734c9f3a3172bc4a71ec5490,2018-01-29,106.37,1,RJ,1,computers_accessories,0
d30cce68111e4c4fc146bab365116a17,2018-02-20,62.28,1,RO,1,electronics,0
2599eb52c538919cec765e835585bfe9,2017-11-24,74.17,1,SP,1,computers_accessories,0
90531360ecb1eec2a1fbb265a0db0508,2017-06-29,40.68,1,SP,1,computers_accessories,0
61564b144139cf4cef395d1b85f72f63,2017-11-09,108.10000000000001,1,RJ,1,computers_accessories,0
ce76b310dfe772acd994570f7fca9a2d,2017-04-19,371.9,1,RJ,1,computers_accessories,1
befb5a47055c761fb52d876ae90724b6,2018-02-06,170.7,1,DF,2,computers_accessories,0
2e5a718ad46c5b831c15ef289d4dbfcb,2017-10-13,33.839999999999996,1,MS,1,computers_accessories,0
3b81b7af81e2eeda1442ed880cd1d860,2018-02-16,170.43,1,SP,1,computers_accessories,0
be16ab3862dd2927ab1e3cb7434007f6,2018-08-17,88.49000000000001,1,RS,1,computers_accessories,0
b4b739c397c50fc7144469c4f7a8d29f,2018-01-29,58.09,1,SP,1,computers_accessories,0
bb49659cbfeb7902da012d808cd4ce4f,2018-05-04,53.28,1,SP,1,computers_accessories,0
6deb31531870ed931a10e04108e13c52,2017-08-25,29.839999999999996,1,SP,1,computers_accessories,0
4f6d9a586fd193f129a604d6fd011177,2018-06-24,108.73,1,SP,6,computers_accessories,0
9c9519dbd0554cfc5c787fdc7fa8ff42,2018-07-30,257.34,2,RJ,4,computers_accessories,1
32974bc1499a6c903d54eec9eeae8fff,2018-02-18,99.34,1,SC,2,computers_accessories,0
49e9a33958600b70cd7167fa011317ef,2018-02-04,108.83000000000001,1,SP,1,electronics,0
9e2430e1381d80fc3665bf37356d87a9,2017-11-24,199.49,1,SP,2,computers_accessories,1
3c116d50bb76160ee1d7a2e8f5791427,2017-01-12,54.42,1,SP,1,computers_accessories,0
39f59663a51684e7a63cb122f615af62,2018-07-18,218.07,1,CE,1,computers_accessories,1
e650080e8d5ef14f87c849fa64fdbc85,2018-02-05,16.78,1,SP,1,electronics,0
427ab04bb9a88ee00929a510651d77c2,2018-04-12,287.40999999999997,3,SP,1,computers_accessories,1
1f1966428c44328b7f97baa1569ea5b8,2018-06-10,37.879999999999995,1,RJ,1,electronics,0
e20feda4e7ceb4729018d7105314d5b3,2018-02-20,56.69,1,RJ,1,computers_accessories,0
caea6e101e14d01d432ac29659dc6db1,2017-08-30,49.53,1,RS,1,computers_accessories,0
2bacd0ec76fd0e9fe78bc4395ba0d63b,2017-06-07,40.08,1,SP,1,computers_accessories,0
8f28a6c11335444d424803bc0a64f4b9,2018-05-14,159.63,1,DF,1,electronics,0
8197c9f9b80d1f97dc41fc6b793e15c0,2018-03-03,53.75,1,SP,1,computers_accessories,0
c1b370b659841b645967ebbac6a5adae,2018-04-25,225.16,1,MT,3,computers_accessories,1
aee8cb55ea10efc990216987d7222994,2017-04-05,58.71,1,SP,1,electronics,0
a50c918755157a02054eb1e51cdc9aff,2017-12-17,641.65,1,SP,1,computers_accessories,1
10c84b04dccc6d66380a1e734f6a654e,2018-02-26,40.089999999999996,1,ES,1,computers_accessories,0
34b16c8bd1f6af05432cd98e66341f4b,2018-03-20,193.72,1,RJ,10,computers_accessories,1
5cba8bf344b3cd25e28cc401cd3a89e7,2017-06-02,164.65,1,MG,3,computers_accessories,0
3b7a87febfa65d4cf29ad7ab9cab8c0d,2017-11-03,105.28,1,MG,1,tablets_printing_image,0
5f1c6f4cf77108f298378c829da557c2,2018-04-18,189.56,1,SP,1,computers_accessories,1
87a19a09b512b6691a4a97ea5748c501,2018-08-16,157.75,1,BA,2,computers_accessories,0
46ba2cde3624acc8577b0e45af4c67b9,2018-06-21,181.13,2,RJ,5,electronics,0
1c7337cab00bdcc8c9aaa8b1c2671a85,2018-05-15,185.8,2,SP,1,computers_accessories,0
3aa0358c1a9b8019bd14ab006b6e8284,2018-07-30,72.48,1,MG,1,computers_accessories,0
706d45cf14a58b8b81d07564adc5a12e,2017-12-12,75.16,1,CE,1,computers_accessories,0
0b9ac892eece5e74725c3699a0eec646,2018-01-25,114.84,1,RJ,1,electronics,0
16211bb7c07fe77216ea0a0074954ead,2018-03-20,86.03999999999999,1,CE,1,computers_accessories,0
feac0c0f921f282542a5dec332d6506e,2018-04-10,67.7,1,MG,1,computers_accessories,0
c533856d03996a6114c8fa9a876181d4,2018-07-21,170.68,1,RJ,1,electronics,0
d43f72571877365b197ee657196d8d30,2017-08-08,97.76,1,SC,1,computers_accessories,0
fb775efc60477f1cd523b2542d3a8b6a,2018-03-19,97.43,1,RJ,3,computers_accessories,0
9a568c8731ba1d76b2b0dafbbd29e475,2017-11-26,25.5,1,SP,1,electronics,0
0fbefb255e8b51bd1a45f97a0700532b,2018-02-05,100.03999999999999,1,SC,1,computers_accessories,0
75434d9f9fce6b4c6cd9f4736db6fa16,2017-08-04,289.42,1,PA,10,computers_accessories,1
30bdf3d824d824610a49887486debcaf,2018-03-27,785.24,10,SP,10,computers_accessories,1
6036d4eca40644c890443b856040cb18,2018-05-03,64.5,1,MA,1,electronics,0
e8745aa1fc53254235ceef55710dc6ab,2018-08-01,319.14,1,RS,1,computers_accessories,1
09836dd0df8891bd6cc20b9e651a6f23,2018-06-04,32.37,1,PR,1,electronics,0
766604e12d26178b47d6f8cb51784f54,2017-08-21,163.20999999999998,1,DF,10,computers_accessories,0
177e389651ef6cd6620a3355c1000999,2018-02-28,173.27,1,SP,1,computers_accessories,0
3b7373170271acc24a203e59f70e5a54,2017-11-25,47.0,1,SP,1,computers_accessories,0
9d2d64762e74b71c53ba0822341832a0,2018-05-10,223.31,1,SP,2,computers_accessories,1
fbfb14bfcbaabcc1473524656c76a4cb,2018-08-09,75.51,1,RJ,1,computers_accessories,0
082e1d9362de402518ac4c47b4d82dd0,2017-07-28,58.17,1,SP,1,computers_accessories,0
fd220bb11ef8a046fef08e7c51f11651,2018-02-04,97.8,1,RJ,1,computers_accessories,0
3c3578cbe37cf7af07897091fa676eb4,2017-10-15,2009.62,1,MG,10,computers_accessories,1
8c224eb700e9dd039606fbfd1ca725f5,2018-05-08,53.22,1,MG,1,computers_accessories,0
8f627f546b2cb0ddbb0d8627461b846f,2018-03-15,136.56,1,SP,1,computers_accessories,0
3f3af836b5f857d4276ee94f3ca90694,2018-01-22,30.619999999999997,1,SP,1,electronics,0
8c87396ac0bed9eb7bd138eeef8945c5,2017-05-28,60.0,1,RS,2,computers_accessories,0
aafc22fae6cdfbcaba01670f0e4cb3d6,2018-04-04,33.37,1,PR,1,electronics,0
ba5d446046c4678d335a1e3933460193,2017-11-15,47.69,1,MS,1,computers_accessories,0
87bad43228f375c518a80fd2cdec8e17,2018-08-05,83.67999999999999,1,SP,1,computers_accessories,0
1800e46c3912d9882187335b9768b6a9,2018-08-01,216.6,1,SP,1,electronics,1
bef9cff3ec08d6794e5ce64e6ca81c96,2018-04-24,38.29,1,SP,1,electronics,0
6ad06dae8c55ae30d1fcfa46008fba6e,2017-08-31,57.28,1,RO,1,computers_accessories,0
eeb88a7ba20489b8f9ccb934f50d13d2,2018-05-06,173.88,1,ES,2,computers_accessories,0
8092da256aefda13b330290d2ca86521,2018-08-26,115.65,1,SP,1,electronics,0
b4860a5b1e68976794cbe548c4ecf0a7,2017-07-13,165.48,1,SP,1,computers_accessories,0
d49ec3a899ae434874c54169dccd34a1,2018-01-24,32.089999999999996,1,PR,1,electronics,0
afe00f151e2a9c5924b2edb95736c11c,2018-05-09,1023.72,6,MG,1,computers_accessories,1
02c84deb7aa1f2e74090d56a0ec84120,2018-03-01,34.0,1,RJ,3,electronics,0
7f85fa1f7de6eeb7a5cce13ea6863126,2017-07-09,59.29,1,BA,5,electronics,0
e1db59871010ccacfb63f6cc3f0db76f,2018-05-13,242.82999999999998,1,RJ,3,computers_accessories,1
89ebd79ad71b2c262053c712c9b32312,2017-11-27,50.09,1,RJ,1,electronics,0
d19772e154f0929b89a1dab65648767b,2017-10-05,1643.64,1,MA,8,computers,1
41bd4c6355574f1c6c7f8f7e20dfda9b,2018-03-20,149.78,1,PR,7,computers_accessories,0
f2c12c46401363b2f37ce6200b520ebf,2017-11-07,101.71000000000001,1,DF,1,computers_accessories,0
49c2a0e5dbc011d92ab9d19035684fb5,2018-03-06,101.74,1,SP,6,computers_accessories,0
aa30ff809084eca858cb3f57857c1ba9,2017-04-28,1541.7,2,PR,1,electronics,1
6c425fa161548ce6dcea1ea86b1a65d8,2018-07-02,29.29,1,SP,2,electronics,0
335ae7f3583e6d3fd006643ffe9d41de,2018-02-04,22.38,1,SP,1,electronics,0
e56cf4189e005351c2158740a5861875,2018-01-22,107.03,1,PI,1,computers_accessories,0
2b7dbe9be72b8f9733844c31055c0825,2017-11-28,448.44,2,RS,24,computers_accessories,1
1c6165cd5363fa320f7e1a1245d2f36a,2018-05-03,209.32,1,RS,1,electronics,1
8a80054573ee01a321c77752da93566b,2017-11-24,152.09,1,SP,1,computers_accessories,0
aad4ab96e4f509beffd04078d6455f31,2017-08-19,83.23,1,RJ,1,computers_accessories,0
fb2e80e3aa34b3c57e91a7236fbe4326,2018-04-19,136.6,1,RJ,1,computers_accessories,0
6f44e08b458a69c51d6c0c460358baf6,2018-02-09,119.88000000000001,1,MG,1,computers_accessories,0
bf61fe4ac0f160dc7067f5d0eb8e3bdb,2017-08-28,57.42,2,SP,1,computers_accessories,0
ddefab02557da340a3bc73518bf2ecf4,2018-08-02,216.4,1,SP,10,computers_accessories,1
b1ec6c247af2e78825a5cee5cacc925e,2018-07-26,235.7,1,MG,3,computers_accessories,1
7776efd9111e9fc4702936560e4b0a10,2017-05-03,131.84,4,SP,3,computers_accessories,0
9841f5f29be60e9a4686d0bd4593ed6f,2018-03-15,34.03,1,PE,1,electronics,0
2a4a61e33c241879042d95af560f9bd0,2017-09-05,45.01,1,SP,1,computers_accessories,0
55af3f02d418fbfae46c0e04bffe4676,2017-10-04,111.19,1,SP,1,tablets_printing_image,0
e9e702d3e92379f53b4805d98c094bd7,2018-07-15,171.94,2,RS,2,computers_accessories,0
bbe9cd550cedc72e9c9ea15fe13bb91b,2018-03-19,31.99,1,SP,1,electronics,0
4380c4ed9da2c69163359909e4e1510e,2018-01-19,173.27,1,SP,2,computers_accessories,0
a54a12a470f9a5a89f1a1f19607959ca,2018-06-21,64.00999999999999,1,GO,1,computers_accessories,0
5e3729322319aad9409e9ca36aac26da,2017-12-04,58.58,1,ES,1,computers_accessories,0
1269b55cefdede474b06de78ff45d1f5,2018-03-06,165.94,1,RS,1,computers_accessories,0
ef457666296fe87ba3d972f610f11394,2018-02-20,161.68,1,PE,2,computers_accessories,0
29dab96b98e4f84bb3f92415806202b2,2017-12-04,57.0,1,MG,5,computers_accessories,0
53a55fb5597f90b6727f82626d65f179,2018-02-16,64.1,1,RS,1,electronics,0
69f5eed47613a9d3cd0ae94d398cdd4e,2017-07-14,55.050000000000004,1,MG,1,computers_accessories,0
7267a487cb9868419cf7109852e4ec34,2018-06-10,171.0,1,RJ,6,computers_accessories,0
7e52365eb2fa03f8f4ed8a69da1e7fc4,2017-03-30,462.26,2,SP,3,computers_accessories,1
4b7597bd96f89b605623a55db1471b1d,2018-03-16,167.92000000000002,1,ES,1,computers_accessories,0
40033b000f77ddbb1a393253f60a955d,2018-03-18,32.37,1,SP,1,electronics,0
b43a195dd28616394e0209e0499adcb9,2018-07-14,27.73,1,RJ,1,electronics,0
2bafb039d56c1fc02e0aba4ef03e0008,2018-06-12,53.44,1,SP,1,computers_accessories,0
354b150e66abb1ccda029116d0550484,2017-06-01,1317.9,1,SP,1,computers_accessories,1
3503496573efea1975b7890f10679f9a,2018-06-14,166.97,1,RJ,1,computers_accessories,0
315b1cdcef0a2c289b9ff0afe751c75b,2018-07-13,197.35,1,CE,1,computers_accessories,1
10f70d48b35870bdaaafca92fe51a573,2018-01-04,93.01,1,SP,1,electronics,0
7f9089a3fbe75385f39d5924c2928352,2017-11-26,130.57,1,SP,13,computers_accessories,0
8a56969338e5970acc6a4e8d0e0c92a3,2018-08-02,44.51,1,MG,1,computers_accessories,0
5c0f36da2753c3794d51c7be947e5843,2018-01-16,110.37,1,SP,1,computers_accessories,0
0081ab2c99dc85945c28926b77dc6960,2018-02-14,279.7,1,SP,4,computers_accessories,1
2f2a857f1d838454c26f5fb0fc4356ba,2018-05-21,184.82,1,PR,2,computers_accessories,0
058c8f9e226f52cd43f44b0aaa72a395,2018-01-18,21.99,1,BA,1,computers_accessories,0
f1207703399dcd13cbc13b7011137053,2018-02-16,146.64,1,SP,1,electronics,0
58b2b537d85cec193ae2780cccb526a4,2018-03-17,85.62,1,PR,2,computers_accessories,0
e1f91cf220920b4e904a151bf35c10a4,2017-11-11,66.69,1,MG,1,computers_accessories,0
bca58807bbe0c11fa3099e2328f62647,2017-02-10,45.25,1,AC,1,computers_accessories,0
c312c453f248b2bd69d3e18e2112214e,2018-02-19,96.72,1,SP,2,computers_accessories,0
a4009dfb92fd1a68c1c19af9f93b4561,2018-03-26,92.83,1,SP,1,computers_accessories,0
be5b64307f608c4be032a92527e44f66,2018-03-15,1002.71,1,PR,10,computers_accessories,1
7aace035422e5537450664dd790e72f4,2017-09-30,31.38,1,PR,3,electronics,0
31a1db6df7cda3d38d977182b46e8b88,2018-02-15,193.44,2,PR,10,computers_accessories,1
70a4b21bf18001a99d94bf894697b8c1,2018-08-03,229.78,2,RO,1,computers_accessories,1
02b39a781ee24f6997ad691ea7a01491,2017-12-10,126.57,1,SP,10,computers_accessories,0
2b16c7fbd95d6e9c114f73e4d8bdf536,2017-07-31,54.0,1,SP,2,computers_accessories,0
88503051b9833f27c9492939bcfe2a6a,2018-07-16,201.29000000000002,1,SP,2,electronics,1
0c35d1433b7a71747b7bcddd12c40ff5,2017-10-09,102.96,1,SP,1,computers_accessories,0
0173e291db71c3e688829f7f03e2d34a,2017-07-07,48.69,1,SC,1,computers_accessories,0
c02a0e10038f56fba11ac63a654333a6,2018-04-02,107.78,1,SP,1,computers_accessories,0
b62cfc7b4c9b7c7b0e97bb106679e51f,2018-02-11,84.13000000000001,1,SP,1,computers_accessories,0
33a2d5e5c1eda20e8a1ce9445bec4086,2017-10-20,107.06,1,SC,1,computers_accessories,0
a567a1f09fbde841de5a5c80bc5c4b34,2018-02-21,46.0,1,SP,1,computers_accessories,0
8c81e36bea73764b1c079c3920f6879f,2018-02-05,62.28,1,PI,1,electronics,0
fb20235870d6172778522e8fb798f27c,2017-12-05,405.72,2,SP,2,computers_accessories,1
c5bdd8ef3c0ec420232e668302179113,2018-04-27,54.2,2,SP,1,computers_accessories,0
24e0c8a6c71a0f631d7bae7a647aa5cf,2018-07-23,299.18,1,SP,4,computers_accessories,1
5ce6c2a88e2b68d791065155debf44f8,2018-03-31,168.83,1,SP,2,computers_accessories,0
a14990206b64de40d5aa9e4a235bcc64,2017-11-24,305.69,1,SC,4,computers_accessories,1
38ead2ac61ab32ce96209301f9d365f6,2018-05-10,41.2,1,SP,1,electronics,0
98b7e48a869cc004297cb968e5d81401,2017-11-12,32.379999999999995,1,PR,1,electronics,0
045b9114be21f880246ba6d749f577af,2018-08-11,61.29,1,RJ,6,electronics,0
e935ce70219fca7400f41fa9b59aad56,2018-01-31,111.61000000000001,1,SP,1,electronics,0
5a29fd07d4a1b1523a932159e4648b28,2017-11-25,426.08,2,SP,1,computers_accessories,1
ec0a836329e091712f3a4979b6dcfb41,2017-03-02,71.72,2,SP,3,electronics,0
02beac5428ccbd30f4b3fbded058289f,2017-10-29,126.53,2,SP,1,computers_accessories,0
f321507959f5d110b06985b282a5ea6e,2017-06-01,608.88,1,SC,10,computers_accessories,1
8fc1d441a00d0ba601d5609fd95f4174,2018-05-07,23.29,1,SP,1,electronics,0
dc82ca767bb8a029bf346c1cb24bbdda,2017-04-19,48.7,1,MT,4,computers_accessories,0
c8b09d2fb2d0f23332a7e6a4e5e43d66,2018-02-18,912.0,2,SP,10,computers_accessories,1
99384088fb9152a53cddf69d0510dd86,2018-02-28,55.1,1,PR,1,computers_accessories,0
c153dd095e8ccdaa7331d24b23bd62a9,2017-10-25,36.69,1,MG,1,electronics,0
00c2335723b9b74668062e946dc66621,2017-12-31,31.38,1,SP,1,electronics,0
d28e453f6e9b4d972a755ee769b9835b,2017-12-01,250.48000000000002,1,SP,1,computers_accessories,1
03a4aaab0b783a1be23b30e360c067d4,2017-11-08,101.71000000000001,1,DF,1,computers_accessories,0
d598cf8c9a25d482dcf98cadd21713e3,2018-06-29,33.22,1,RJ,1,electronics,0
40c557817a4ef8b8ca3481447849539d,2018-08-05,71.75,1,SP,1,computers_accessories,0
abb3b065b8888558edf20e815f816662,2017-12-15,1775.26,1,SP,10,computers_accessories,1
c19888f4be068d830e6b0abd63941019,2018-04-07,34.04,1,CE,1,electronics,0
6d5774791f826a27e8e5521a9b816ba2,2017-11-12,953.53,4,DF,10,computers_accessories,1
f39bc55dec24e38807885e2edef78fb5,2018-01-09,408.1,2,MG,5,computers_accessories,1
49b9d8e434684c2ee92f901ead7f74a6,2018-03-26,77.1,1,BA,1,electronics,0
91e37208355ef2b54b5d8217ed81f365,2018-03-27,32.63,1,RS,1,electronics,0
afc68d1f35e9dfe8220c9b9e27647065,2018-07-16,67.44,1,MG,1,computers_accessories,0
26c9592d7817db41a41b0fd3e65219f3,2018-03-01,98.13,1,RS,9,computers_accessories,0
dc5e1551b7d2ac86019146035302062e,2018-04-25,23.28,1,SP,1,computers_accessories,0
c31af7b37cf89bd6d945fcc664937338,2017-05-18,111.43,1,RJ,3,computers_accessories,0
0af93579d0c0b252568071928b2ad465,2017-11-24,57.5,1,SP,1,computers_accessories,0
63d38b040204b98309d72e69123de250,2018-03-16,27.880000000000003,1,RS,1,electronics,0
0478ce23b7b39ac01b3bbd39109b083a,2018-08-10,151.05,1,SP,1,computers_accessories,0
54c2d9b070b38364a06b2b3066032112,2017-03-21,130.91,1,MG,1,computers_accessories,0
59e88b7d3675e89aceaf86f372d3bc9a,2018-01-03,92.02,2,MG,1,computers_accessories,0
9aa3595de5e0569f4e0762bf2d005d19,2018-08-19,92.34,1,RJ,9,computers_accessories,0
7d48e6b043ed5dac29ca0e41d3e3b584,2018-06-12,174.13,1,BA,4,computers_accessories,0
3b7620f0a3652abfdf6bc1b145b9117c,2017-08-10,148.2,2,MA,10,computers_accessories,0
1e04d9dd9c6055fe23c3973bcd01760d,2017-12-19,105.27,3,MG,1,computers_accessories,0
cba5e2a02a8613805d4478be468a9a7a,2018-01-19,249.67000000000002,1,SE,1,electronics,1
b0b55c59d28b64d3b611cb034eb9f1e6,2017-09-07,150.09,1,RS,2,computers_accessories,0
0b382db57a557ff7703eaba5e991e7fb,2017-11-02,1479.51,1,MG,5,computers,1
758fb6b15afa409ae42ff3103bfe080a,2017-04-28,44.7,1,RS,1,computers_accessories,0
68265b6cfdb0170c7068b6738b6272dc,2018-04-04,112.25,1,SP,1,computers_accessories,0
c3c0e95fc6035316212f1b4e2c7bce3d,2018-06-27,139.11,1,PR,2,computers_accessories,0
25fe494885908cc898eceec3e6594d2f,2017-07-07,49.1,1,RJ,1,electronics,0
8192ab7fdf1ebdc4ed10c42d0e211ba6,2018-02-13,17.28,1,SP,1,electronics,0
5f74f266ac9d15d865ced07f7486c597,2017-10-06,37.989999999999995,1,MG,1,computers_accessories,0
26ee9b0996cc3a28168e26900655f284,2017-04-11,68.9,1,SP,1,computers_accessories,0
c77338848d4979e1c775831208262849,2018-01-22,194.12,1,BA,10,computers_accessories,1
ade2cfaa99535244a44133b4116c7f05,2018-01-22,213.74,2,MS,1,computers_accessories,1
352ad67deb8528562cff60c00dc6e99a,2018-07-08,107.85,1,SP,1,computers_accessories,0
db7059aeda4a4b33b40700c87731ae15,2018-06-06,32.05,1,BA,3,computers_accessories,0
66d77662d1b603b2a132dc906f5ed8c0,2018-01-11,102.66000000000001,1,SP,1,computers_accessories,0
3a49b6bd30aef5e2c1097738adee416f,2018-06-03,66.39,1,SP,1,electronics,0
bced9d44b71edeb7df9229c6b86fd784,2017-09-12,47.62,1,SP,2,computers_accessories,0
21953f0f5d8d20ed590fcb9683be8b6d,2018-03-21,417.84,1,BA,5,electronics,1
fa55043a687b814114cc0aec038ff1b7,2018-02-11,119.92999999999999,1,MG,1,computers_accessories,0
453e76957c508954ea1916f4ea18739e,2017-08-11,42.0,1,SP,1,computers_accessories,0
9d5ff0405549c979e36682bc5d8b9306,2017-08-24,27.380000000000003,1,SP,1,electronics,0
2fe18a7bcb2efa7693ad98a8f33c1bd9,2018-01-29,215.06,1,RO,1,computers_accessories,1
1a3b6feac1253a77e02f09ec28406057,2018-08-11,95.64999999999999,1,ES,2,computers_accessories,0
3efb7ab9a8ab0d5928af81d8f43b2e62,2018-01-13,64.1,1,RJ,1,electronics,0
9312a513c9aa606d098a856e87a68d33,2018-04-15,103.43,1,SP,1,computers_accessories,0
57ecffc3a29fb1db005184b46b5f655d,2018-06-27,79.13,1,ES,1,electronics,0
d95dc7171d00d08c5e2c57e693161db7,2018-03-03,165.70000000000002,1,RS,1,computers_accessories,0
2b1b2b60f0b9cee51feb5b9a9ee60779,2017-11-23,28.75,1,RS,1,electronics,0
46c99067d2014deb825b963f5acc76da,2018-04-11,213.79,1,RS,1,computers_accessories,1
00e0bac9f6306d8269770acf4ee4b027,2018-03-04,94.3,1,RS,1,computers_accessories,0
b0b0d3285e59abf2f6c9d7e1bf761323,2017-03-08,3044.12,1,MS,10,computers_accessories,1
3d6902773dc70468fbaacb8e4ef01dc1,2017-06-10,56.69,1,MT,1,computers_accessories,0
1206cfbf9d0e7ea298926c2603a06821,2018-08-17,31.11,1,RJ,1,computers_accessories,0
a8f2b9f64cddf499563efdb804537781,2018-02-23,163.08,1,SP,2,computers_accessories,0
99486f7a6b9b7e8b96cfbb4e3427bd28,2017-05-30,34.0,1,RJ,1,computers_accessories,0
cf49cb20f726614d8f2bbd281489b0b3,2018-07-23,83.14,1,SP,1,computers_accessories,0
c5aaa563ef4b0fd289de861d637f5a37,2018-02-01,84.65,1,SC,1,computers_accessories,0
6fcd48d9bce8191ebd8355decc3e54b8,2018-02-27,169.49,1,RJ,3,computers_accessories,0
88116b0150974240461df371862faa33,2018-05-16,542.84,4,MG,1,electronics,1
2f8f7c6485b2474109aedb21aa766600,2018-02-20,337.04,2,BA,1,computers_accessories,1
b899a41fdae17968d357d705b073a5ce,2018-07-27,247.7,2,RJ,3,computers_accessories,1
4898745786b963775c485005381a1f7b,2018-01-12,92.89,1,SP,1,computers_accessories,0
2bad3a7085e17ad44f9117d127de525f,2018-01-12,61.83,1,ES,1,computers_accessories,0
ecddcda2888ce6554c6202c651d73838,2017-09-28,54.11,1,RJ,3,electronics,0
91003e3a687f6d045844de7b5f772608,2017-04-15,93.31,1,SP,1,computers_accessories,0
3af9281b481b20ca510841d14e7e3138,2018-01-11,419.0,2,PR,1,computers_accessories,1
dc72c2d1985b4f1380c3289d3b49be6f,2017-12-20,537.37,1,RJ,1,electronics,1
502070fa8a16306454d031307381a7de,2018-02-04,32.42,1,SP,1,electronics,0
8d0d4524b29f3e77ea08bff90227f410,2018-03-27,47.230000000000004,1,SC,1,computers_accessories,0
03e533f76e0f8827796f3d0a45c61dc0,2018-04-01,32.37,1,SP,1,electronics,0
08bf2c1104a4d1382d651ad4e921b4a6,2017-08-30,84.23,1,SP,1,computers_accessories,0
ef53b712516162ba8b15881e62f9b67e,2018-05-02,203.08,1,GO,2,computers_accessories,1
504a177139942c6e3aee4be10accaac6,2018-07-24,50.44,1,MG,5,electronics,0
79656dfc69daa9e78835e99ea7d54c83,2017-03-26,131.44,1,SP,1,computers_accessories,0
1a11f2a810e4980ba7cfd5566db2133a,2018-05-05,29.33,1,SP,1,electronics,0
74b1932a11b0d28d122ee5572b5ea7d1,2018-03-14,83.61,1,SP,2,computers_accessories,0
38f4de107b2ebaed574ce9233ad3f261,2018-01-19,163.78,1,RJ,2,computers_accessories,0
e3457b638ebc9288bdb7aeaf57d6847a,2018-01-22,36.14,1,AP,1,computers_accessories,0
d178d91e51bdffa31e6832529317771e,2018-04-04,162.82999999999998,1,MG,1,computers_accessories,0
039f61edec89c6f0edf8dd1a0bdea1fe,2017-11-24,316.22,1,CE,10,computers_accessories,1
62527ffb0a777fcc82e4796cb9cc3583,2018-06-25,22.39,1,SP,1,electronics,0
25b9de6dcc528d881b77b8e6093a2a7c,2017-11-23,42.69,1,MG,1,electronics,0
2e5737bd3452cc165fb76f3a57447398,2018-08-27,32.43,1,SP,1,computers_accessories,0
f8d1bd3e890e8a6792efb7acfc9a4853,2018-07-02,147.69,1,RJ,1,computers_accessories,0
e19dd6039c472289bc42c1f39c693dd4,2017-02-16,193.45,1,MG,2,computers_accessories,1
0f5a53ae56987191b3c638ed0f784a8d,2017-05-15,55.69,1,SP,1,computers_accessories,0
aa24794b9a7d2c0193cc98b0b2c2f33b,2018-03-18,603.3,1,SP,2,computers_accessories,1
9beba6ff447f3d28862f7c0079eb0586,2018-01-08,105.73,1,SP,1,computers_accessories,0
f24afd66659f204e2fe3866ae39f4e20,2018-07-21,85.58,1,MG,1,computers_accessories,0
cb667db7bf699e2940c1ccdc16ef7ec7,2017-11-25,48.69,1,SC,1,computers_accessories,0
85b7fb0f1d1623de1a0d5dc4c4ca6879,2017-07-17,25.380000000000003,1,SP,2,electronics,0
99690636b272c74b153a637f6f56dbab,2018-04-06,29.29,1,SP,1,electronics,0
32480f4d114e9973ef4fbd57631274f9,2018-02-06,54.05,1,GO,1,electronics,0
08fd8d3e4e30f796d703584db2e27e1a,2018-03-05,86.93,1,RJ,1,computers_accessories,0
9d8b5a8e3231c5bed9d2c45e1fbb116d,2017-08-23,133.49,1,PI,1,tablets_printing_image,0
7e9a03de3bfde66892a9d6ee70716afb,2018-03-09,63.83,1,SP,1,computers_accessories,0
ec5b066bf2e617a5ab61082e77b3101d,2018-03-12,128.76,2,AL,6,electronics,0
e4a53fe147c7b6b2fbd68ebf30c48226,2017-07-21,73.38,2,RJ,1,computers_accessories,0
11120c214b9f50a8c39dbeec8685db6b,2017-06-25,220.85000000000002,1,PA,1,computers_accessories,1
26b6a281b9bf31419ec8afa0e1deabca,2018-03-16,32.78,1,SP,1,computers_accessories,0
e87543e4e7ef577c892735018fb134a8,2017-07-30,62.47,1,SP,4,computers_accessories,0
6df6e5a717575661689cad7b3828358a,2018-06-20,219.15,1,RJ,1,computers_accessories,1
ed92e8596b1e39671065510a4f5b0920,2018-02-20,76.17,1,SP,3,computers_accessories,0
f081055ae08592af281a00c00547b689,2017-06-25,109.08,1,RJ,4,computers_accessories,0
63523ca4619b9bf3e69631ca6a273e4f,2018-06-03,28.130000000000003,1,RS,1,electronics,0
639136e1c9d70479de8dfa922ad2cf85,2018-01-13,44.53,1,DF,1,electronics,0
d9051ab12fdf0e2a51a56872d74e91d2,2017-04-25,111.85,1,SP,1,computers_accessories,0
2890d3fdedd4ebbfddbff344d0c11ac6,2018-02-05,24.1,1,SP,1,electronics,0
2bf01051ff9e5195111fd7ffaf865240,2018-07-23,85.49000000000001,1,SP,1,computers_accessories,0
cd239f71675e9f51850ea7da61cc3e6d,2018-06-16,40.959999999999994,1,MS,1,electronics,0
a48d1847b9de39cb523844ada267fc24,2018-05-15,163.24,1,SP,2,computers_accessories,0
0d8c1bd2c188fdd39a427dbdfab75396,2017-05-30,46.0,1,RJ,1,computers_accessories,0
55d56409f0dbe0e3681f5a486ae0cce1,2018-04-16,189.0,1,MG,2,computers_accessories,0
4493e45e7ca1084efcd38ddebf174dda,2017-07-11,254.75,1,MA,1,computers_accessories,1
9b6087eeb4053c31b372777c39078167,2017-07-14,24.380000000000003,1,SP,1,electronics,0
5a0e97d0e542a67558fb34daa8038b33,2017-06-13,171.85,1,MG,7,computers_accessories,0
16691e34c4f0624880bacf33ccd1b9f9,2017-12-20,45.01,1,RJ,1,computers_accessories,0
ed6bd5133891ca77ad3ade9726a6af7b,2017-08-21,166.69,1,RJ,1,computers_accessories,0
cf91dadab9111371ef3973e8febe8d3e,2018-07-13,92.34,1,RJ,6,computers_accessories,0
15fe6ce03db9c275b01461f4f9f18ba8,2018-07-26,40.25,1,SC,1,electronics,0
01da413c142606bf28e461e3a732f653,2017-08-24,211.28,2,SP,2,computers_accessories,1
c4a32beb8b98613d7bb9766c41475901,2018-04-16,30.48,1,MS,1,electronics,0
2a68046f85de5baaad9fec0db10875d5,2018-02-10,34.69,1,RJ,1,electronics,0
58ce0052aa4738f6f2b744f50cf6e546,2018-03-09,169.85,1,SC,1,computers_accessories,0
599b4f476f3590d89be00a727812d390,2017-11-28,137.6,1,MG,2,computers_accessories,0
656e9f797d20f04e930e72b845c05437,2018-08-13,54.269999999999996,1,SC,1,computers_accessories,0
f7fa76354d13355e87085b513838c3ca,2017-06-14,105.28,1,PR,3,computers_accessories,0
84436e09e2da8d549e06fa56fa0b74e0,2017-12-12,78.7,1,RJ,1,electronics,0
c901aee1a796480fc91d75a1214eb170,2018-04-01,329.34000000000003,2,RJ,10,electronics,1
188d4eda8fa5f046fce1c7c8a309f61f,2018-07-02,78.64,1,SP,2,computers_accessories,0
7d52b962726f481292e1faae3fcb31d6,2017-12-14,30.439999999999998,1,BA,1,electronics,0
69796e4e03edbf9c0f49c76d4ebadb77,2018-03-02,93.22,1,MG,1,computers_accessories,0
53f13e7ba27c6c272bf5d2e047af8de9,2017-06-17,200.44,1,SP,10,computers_accessories,1
e481de0886580ccf9ce6552dbdd61a88,2017-05-15,52.379999999999995,1,MG,5,computers_accessories,0
aff7b4ae67c914f9555ed558c34e9a81,2017-09-16,259.14,1,SP,1,computers_accessories,1
dde5f036dff77c8687173aee04967268,2017-03-04,35.42,1,SP,1,computers_accessories,0
b5839f6ef0df11dd4912bc5bfa299e3f,2017-12-01,25.0,1,PR,1,electronics,0
bb82edb761539d57907c3268bb2835db,2018-02-27,177.49,1,MG,2,computers_accessories,0
d3a011a36521385bf54a729fce3b6bde,2018-04-05,193.65,1,SC,1,computers_accessories,1
1bfc6a0fec1d7e511b040f474ced0c0c,2018-06-04,118.17,1,RS,1,computers_accessories,0
b016b176ba1599cc8e192f447c432bab,2018-06-12,73.66,1,RJ,1,electronics,0
3c964e5625c2d5b6ace8c0b038a03460,2017-11-29,28.75,1,MG,1,electronics,0
2eabf18a592d25bccb2e8778a7ea08e4,2017-12-20,610.8,4,PE,3,computers_accessories,1
b21727c169d91071518836ff346b0c39,2018-07-22,148.71,1,RS,1,computers_accessories,0
f154c7c62bc53e3c7ed82713abb2c96c,2018-05-12,87.64,1,SP,1,computers_accessories,0
458c6e383ce04c24b3033392e56c9283,2018-06-27,223.24,2,PR,1,computers_accessories,1
e239d280236cdd3c40cb2c033f681d1c,2018-03-01,102.03,1,RJ,3,computers_accessories,0
64b68fbc3e28283e10fc7a8cdb828f2a,2018-01-28,131.57,1,MA,3,computers_accessories,0
216b8ce59251043404cc3b15cff651fc,2018-07-29,44.78,2,SP,1,computers_accessories,0
26b5b516adaae71986064b4cd22076b3,2018-07-24,85.58,1,RJ,1,computers_accessories,0
3faee37f445b155df1e106ec29732510,2017-03-10,35.01,1,SP,1,computers_accessories,0
616105c9352a9668c38303ad44e056cd,2018-06-11,75.78,2,MG,1,electronics,0
ab0ccee430e5206071c69ff52e7634c3,2018-04-02,174.16,2,SP,1,computers_accessories,0
e42e8108ccb75f8beac4116b386e7023,2018-05-02,93.58000000000001,1,SP,1,computers_accessories,0
2e2a0af256d902ab2e816447f6f531be,2018-03-27,193.65,1,SP,1,computers_accessories,1
1f206aee577f50401576d48a17d2249e,2017-11-16,48.69,1,BA,1,computers_accessories,0
2ea830e178fb91c939722e9cb085383b,2018-02-22,152.28,1,RJ,2,computers_accessories,0
52fe09ed9b59f3ee4be7b74b990d13bd,2018-08-05,39.41,1,BA,2,computers_accessories,0
e556806e85b03aa8192bc54ebdb15009,2017-05-24,313.11,3,RJ,1,computers_accessories,1
e2b405ccb5839931cae6f89767eada9b,2017-09-15,63.49,1,BA,6,computers_accessories,0
0d5fb8614978748bcfbef448c8a74a17,2018-08-06,201.96,1,RS,4,computers_accessories,1
56e74cf3d3be617b843ad339dd83706a,2018-05-03,24.549999999999997,1,SP,1,electronics,0
6b36a70905c0109222b7b3185a1aaa4e,2017-03-27,79.61,1,SP,1,computers_accessories,0
1354de899c7420bbaa9d9484c79c862c,2018-01-09,220.58,1,RJ,3,computers_accessories,1
db9a0f1b8fd85bdad5394dbdf0179aa2,2018-04-14,32.37,1,SP,1,electronics,0
eec1e7170bc88c845bee8ab6ef36721c,2018-01-31,106.37,1,MG,1,computers_accessories,0
6c1e09e4c733fbc610ee1737436f8a5b,2018-01-29,256.43,1,RS,3,computers_accessories,1
984ccd2f61565cb8294d4ee05bdebb0c,2017-09-06,44.0,1,SP,2,computers_accessories,0
55b6cf8649aab7d7ac9452d6b3318c18,2018-01-21,30.1,1,RJ,1,electronics,0
d4b13d051f5f54336f65b26b2c8255d0,2017-08-07,42.77,1,SP,4,computers_accessories,0
9767627258a1be01a6ce44c9ab46f2bc,2018-06-11,109.22,1,DF,1,electronics,0
7ac0ea1aae0c98fd853d0baf7108099c,2018-07-01,150.84,2,SP,1,electronics,0
2f745f754793012b39e7806795178857,2018-08-03,57.39,1,RJ,1,computers_accessories,0
837227f97fa1b842e41273e07cf3e350,2018-02-03,27.75,1,MG,1,electronics,0
49aaf52025f80a8470247c3d1b9e3f1f,2018-01-11,62.910000000000004,1,BA,1,computers_accessories,0
a75a3c5e24236d6fced5e82fd3526b43,2018-05-14,32.379999999999995,1,SP,1,computers_accessories,0
b218e6afdf3f52598df377661fbd530e,2017-11-12,74.17,1,RS,1,computers_accessories,0
7d7905bf75bc3a7657f3e145f0214528,2018-02-12,84.13000000000001,1,RS,1,computers_accessories,0
ea70810a7aa753a29c08ba0bff6edde5,2018-05-16,40.230000000000004,1,MG,1,computers_accessories,0
081e5884f403fbe66f3bce77c72c9230,2017-10-31,43.58,1,SP,1,computers_accessories,0
b326b28576ef485c456bb7d2775eeea8,2017-05-13,122.17,1,BA,2,electronics,0
c39da54f19d2aa7b89667e4817f05629,2017-09-09,40.629999999999995,1,PA,4,computers_accessories,0
065f2124da64e6bddb1120142f2ad73a,2018-04-05,625.86,1,PI,9,computers_accessories,1
855205a0e3f856f2a88173b8693baec6,2017-05-25,185.06,1,SP,1,computers_accessories,0
d9e110790efe2b61a32e2b343905ae90,2018-07-28,114.78999999999999,1,MS,1,computers_accessories,0
cceef4fb6d7807d091651d4f6bd0502e,2018-02-17,96.72,1,SP,1,computers_accessories,0
8a08c6b7d01513f42c76604beded88c8,2017-09-27,161.01,1,MG,2,computers_accessories,0
c9d7ad27ee89c6573c6b71db9bac0118,2018-01-12,72.15,1,AL,1,computers_accessories,0
684f1a4b6559236d68102d69a63c5d45,2018-06-09,653.21,2,MG,6,computers_accessories,1
7b3d275dd6d279eae2674243731e78b5,2017-06-02,42.589999999999996,1,MG,1,computers_accessories,0
5b2b93888b6631e300170b0104f2608d,2018-01-03,213.9,1,SP,1,computers_accessories,1
bf488c4d02bcdb68c278b42d9417f05d,2017-05-04,457.22,1,RJ,2,electronics,1
5290b4626ec3d5cc857f2b812141e1bd,2018-01-13,16.78,1,SP,1,electronics,0
69ae3d0df9c067fcf917c6c1c1e24d5d,2017-06-16,108.10000000000001,1,MT,2,electronics,0
25ce3a22fa2537206c22c8bef4f9b593,2018-03-19,101.74,1,SP,2,computers_accessories,0
7c739ac8f7823321ba2afe6f94dde28c,2018-02-11,40.089999999999996,1,MG,4,computers_accessories,0
29145ea9a79826e9eb23fd0684f6777e,2018-03-25,215.3,1,TO,1,computers_accessories,1
730f62be41828135d99ff15b84ea4e86,2018-05-12,52.78,1,SP,1,computers_accessories,0
4d15fa859019443a04411eea14fe841d,2018-02-18,66.05,1,MA,1,computers_accessories,0
a2cdb45b86dd3f134e347de049aa78d7,2018-02-06,94.7,1,SP,1,computers_accessories,0
b6fe77dcc878c94cdb102e6de718a8b2,2018-03-06,17.4,1,SP,1,electronics,0
ba77dbce1d3b09b90844c3587248717f,2018-02-12,161.54,1,SP,3,computers_accessories,0
4cc9bc748dac6becee93a5f6a4b3a447,2018-02-11,378.74,2,SP,5,computers_accessories,1
1830ac545c2b9909d6c6e107924faa80,2018-02-04,104.52000000000001,1,SC,1,computers_accessories,0
e0fcccf3321e9e3cf530ac4944551958,2017-07-16,28.689999999999998,1,MG,1,electronics,0
0176d7e16d1bd14cde42d9d3a24e525b,2017-08-15,102.22,2,SP,4,computers_accessories,0
daa7bd63b41e09a4d28579829649e6a2,2017-08-14,54.0,1,SP,1,computers_accessories,0
073632ef894dcb45601e326b8d97cd11,2018-06-16,157.88,1,RJ,1,computers_accessories,0
61b1dbc033920b4d291fe4a768eed1d0,2018-06-09,32.72,1,PR,3,electronics,0
3fff175860497ca456d60c90b1f2b797,2018-05-09,168.57,1,PE,2,computers_accessories,0
c6bed32ec59710413b8be74ee0ebbe15,2018-02-01,79.75,1,GO,6,computers_accessories,0
7a892f60ab55f0706eb2386da59a4849,2018-08-21,93.19,1,SP,1,computers_accessories,0
7096c65d6b73e123fdf3a4e611a46389,2018-04-25,305.28999999999996,1,SP,6,electronics,1
26e2e254813a436cdd1ff0c0b0e01132,2018-01-24,97.86,1,SP,1,computers_accessories,0
a42283397a151200700834c740a51a37,2018-07-30,41.64,1,SP,1,computers_accessories,0
07c81434b5f46c9c3eacd48e60d50747,2018-05-09,32.37,1,SP,1,electronics,0
316206d46dccc0cc43780adbcaa5de1e,2018-03-17,55.959999999999994,1,PR,1,computers_accessories,0
d55a3d635aefc15c1bf94b37a867c1c9,2018-02-08,51.32,1,BA,5,electronics,0
b8376096f4d2956da3ab2e311c30c504,2017-07-19,53.0,1,SP,1,computers_accessories,0
8f8e380dbdb2877ac4a3f814a564b4a2,2018-02-01,28.7,1,RJ,1,electronics,0
6171832455ac3fe3e62f97359da15c2b,2017-10-10,47.0,1,SP,1,computers_accessories,0
570065bfd340aecea7e2c960ec530b6f,2017-12-01,60.75,1,RS,1,computers_accessories,0
142eeba51d5c51103a3b3ce464e022ed,2018-01-24,196.01,1,MG,1,computers_accessories,1
72e93009f1735bbd1de92c45ec1fe3c5,2017-09-20,68.73,1,SC,1,computers_accessories,0
f86c5ed7048ac10eb88ec21c00f71892,2018-02-07,153.13,1,RJ,1,computers_accessories,0
c79c732612d7d2041da78796e91baeac,2018-04-16,308.9,1,PR,4,computers_accessories,1
a0e0ab62ae4f2dad1ca6f19103dba9a6,2018-07-21,114.77,1,MG,1,electronics,0
22d42b325ae456cfe6082ba585a187eb,2017-04-18,42.42,1,SP,1,computers_accessories,0
babe8fe3c1cdafc205f2ca187951076c,2018-01-21,194.12,1,ES,2,computers_accessories,1
c470c4940c653080f16ba7e4cf1eb08c,2017-11-24,35.69,1,RJ,1,electronics,0
a85866709015a003ea47e59f00c2354f,2017-08-04,63.17,1,SP,3,computers_accessories,0
9212fb06fa8197c71c382ce06e5889ae,2018-05-23,163.24,1,DF,2,computers_accessories,0
7441d0f70c52613e4e761304a7d2be9a,2018-01-19,604.44,1,CE,4,computers_accessories,1
4149a422217937fae14ff5017fffeacc,2018-03-21,22.38,1,SP,2,computers_accessories,0
177a359958777d9b5cebb4257016c35c,2018-05-30,175.08,1,SP,1,computers_accessories,0
89b343512f0ecef64745c4e3bf856efc,2018-01-21,20.03,1,SP,1,electronics,0
5fa37b0775f5467f987580b059bce54a,2017-08-30,1227.89,1,AL,8,computers,1
91221cc19d300027fb983ac56b96e133,2017-05-28,373.12,2,SP,3,computers_accessories,1
1be26189c5971cf28b268e3ab43b3a6f,2017-07-14,85.22999999999999,1,RJ,2,computers_accessories,0
69294a1f2dbe29a54c3a9c2421831d14,2018-08-03,76.01,1,SP,1,computers_accessories,0
dbd30a7576c4b37b30dec899b4f0b174,2018-03-14,28.880000000000003,1,ES,1,electronics,0
4e6f08ecede05da4c4e9c73557db14db,2018-01-09,143.65,1,PR,2,computers_accessories,0
deb5a6674aeb101ea49db315cead70d8,2018-03-05,154.55,1,MG,2,computers_accessories,0
3722900224c18ef2bfb634a635cdbc72,2018-02-25,192.76,1,SP,2,computers_accessories,1
5db4ab74641ba05232ad09d752688f02,2018-02-08,39.239999999999995,1,SP,1,computers_accessories,0
ac3c62295b2d88214642ed7f7114d468,2018-02-14,179.34,2,SP,2,computers_accessories,0
526727d3eceb0478770ba8f8497f2037,2018-02-20,34.0,1,MG,1,electronics,0
ca56cc083a7aeed15fdfd437874cd0e3,2018-08-13,110.47,1,PR,1,computers_accessories,0
598b41f7e6530d25a72da2cc18223cf7,2018-04-06,40.85,1,AM,1,electronics,0
ad2bc4bc90fede8f8810766afd32db7a,2017-05-02,123.89,1,MG,10,computers_accessories,0
e97c5b2fbc059aff15280edf4ff75dab,2017-08-15,58.01,1,GO,1,computers_accessories,0
6be7ed9af3a3acaea3b1385c7bb83221,2018-03-05,185.56,1,PB,10,electronics,0
ec6d1b017b14b90d5c60fcfdc2b7216e,2018-07-27,35.23,1,MG,3,computers_accessories,0
22186f12324a0f795921a6bbc8e7ad01,2018-05-10,170.62,1,MG,2,computers_accessories,0
4f1c6e9035b4c97d6b553c6a26f1b20d,2018-04-27,126.69,1,SP,1,computers_accessories,0
70c13d94aa6f2f57d27a7babb9f0d215,2018-08-26,35.36,1,SP,1,computers_accessories,0
f8fee5c95b443de37ac3a41371fb1e0b,2018-02-21,166.62,1,PE,1,computers_accessories,0
150da40a26382d8954208e5bd858c285,2018-05-22,92.9,1,SP,1,computers_accessories,0
9847fce753aec51f55dc5f6a5bc3e732,2018-06-29,92.79,1,SP,1,computers_accessories,0
0476f6eca64ad7ce1bef51f7308871bd,2017-03-27,116.43,1,PR,8,computers_accessories,0
4d6e0de22cf1c48f915941d25e043a1a,2017-03-09,149.92,2,PR,1,computers_accessories,0
fd243eb2d293eb3b7223dbc2d1789521,2018-08-17,24.39,1,SP,1,electronics,0
15ae5aa73080f369ab385e40f2fd7957,2018-02-08,87.7,2,SP,1,electronics,0
47106d9b98c54756baa304fa0f9c36f0,2018-03-24,161.53,1,SP,1,computers_accessories,0
b32226e3b83849c23551e39452d562cd,2018-07-25,106.55,1,SP,1,computers_accessories,0
fbb1fd2f76863e5576087bc1e34b91ea,2018-04-11,161.53,1,SP,2,computers_accessories,0
78ac0881f0e98a1afd25f066d5451d70,2018-01-25,101.93,1,RJ,2,computers_accessories,0
53f47eb788d813aec3149697d6501eb5,2018-02-25,144.65,1,MG,2,computers_accessories,0
d9237a626ce181c849177a05d3e863f2,2018-02-13,35.0,1,SC,1,electronics,0
89a6292b97c0dd8f29261b64ad8aabf7,2018-07-07,112.24000000000001,1,CE,1,computers_accessories,0
ad387b2b2e337348802ec4cd93bbadb0,2018-01-02,21.48,1,SP,1,electronics,0
2ffadff8f7a40dbdfca0c73854250003,2018-02-15,96.72,1,SP,1,computers_accessories,0
12fb8b575f3f6d58ccbafba1294177e5,2018-08-25,20.38,1,SP,1,computers_accessories,0
00ec95a58b63378d4cc06d196cdefdf6,2017-12-24,187.96,1,SP,1,computers_accessories,0
e4e28f77bd50442ca9e5d0b0fd55c7bc,2018-08-19,125.77000000000001,1,SP,6,computers_accessories,0
6aaac69ff588fc4e1f1ffddbc682e406,2017-12-21,27.75,1,MG,1,electronics,0
854ebcd4c13f49162d6b07c1813f71d2,2017-04-15,70.6,2,RS,7,electronics,0
152caeaa0e795b4b0def4ce51a118dda,2017-10-21,186.85,1,MG,3,computers_accessories,0
e36c97cb9a540d3d118ab4bf988868c6,2017-03-15,35.01,1,SP,1,computers_accessories,0
342b32ffd8aaa93d30dcf0497eeefbcc,2017-10-27,176.71,1,SP,1,computers_accessories,0
fcd0f8a6842216f0d6d5a217883eb711,2017-06-14,74.2,2,PR,1,computers_accessories,0
0b48910785067fb42fce896aaaf7ce81,2018-02-28,110.2,2,SP,2,computers_accessories,0
54521e6dd0340104a0e8f835da53d9fe,2018-06-22,31.53,1,PR,1,electronics,0
707908eb6e2d0201edccd469198238b0,2018-01-06,113.22,1,MS,1,computers_accessories,0
7a8cc403293bdadea04f2c93aeb91a4c,2017-08-13,2269.98,2,AL,1,computers_accessories,1
c98702de62a296ed395ffb076e6548d3,2018-04-10,87.54,1,SP,1,computers_accessories,0
769ee88b70cbfc6217691388204f9911,2018-02-04,33.1,1,RJ,1,electronics,0
ac7d1a865466115f5fb92c5437caf6a7,2018-04-18,113.05,1,SP,1,computers_accessories,0
aca3b492e82b71863328c4c288861ca2,2018-02-27,157.55,1,SP,2,computers_accessories,0
bfd57b73f299e0d78761611486a49de9,2018-07-25,138.39000000000001,1,RS,1,electronics,0
22108d1ba60ff0d3a72641cc5514ab9c,2017-12-26,49.629999999999995,1,MT,1,computers_accessories,0
1fda8d2bffbac0b2c801d71efbd710bf,2018-03-29,172.66,1,MG,2,computers_accessories,0
41189ec3ec41a82996b68cb4a6a661fa,2018-04-28,22.79,1,SP,1,electronics,0
c8020c10d5a223f0ec75df2818b966de,2018-07-26,60.5,1,PA,1,computers_accessories,0
6fbee8112bd7aa6e40520d182952bee3,2017-11-11,76.88,1,CE,3,computers_accessories,0
da0065814b12fa0cc689f8f522629d6a,2017-11-16,101.75,1,SP,2,computers_accessories,0
af32671d0b8ce510a94d9111d97371d3,2018-03-13,162.48,1,SP,1,computers_accessories,0
be672f99f61bb90b0430f407ba4378cb,2018-08-21,107.85,1,SP,1,computers_accessories,0
78dd5af5b7e40608ff69ca03bb016ed7,2017-11-03,333.36,2,RJ,1,computers_accessories,1
45e199ea5adfa906eccd69a47b50e870,2018-01-31,31.38,1,SP,1,electronics,0
c36fb2b831814f120ed8be36563d8aa0,2018-03-06,38.129999999999995,1,RS,1,electronics,0
abbf8270415671551b11b0e45c72eeb8,2018-02-22,74.61,1,TO,1,computers_accessories,0
f6abdf036dbfaa78fa40d68f83a20968,2018-08-13,122.56,1,RJ,1,electronics,0
13834646826ae873256bfc9e6d22a019,2018-03-21,121.7,1,GO,1,computers_accessories,0
f11877a328215697cb35c93e04e7780a,2017-12-23,157.42000000000002,1,BA,1,computers_accessories,0
89db4ab2c03e2a83b490e5dc7302c5a7,2018-05-23,51.79,1,SP,1,computers_accessories,0
8de8b85f1fd0b1e43dfe0745026e93f4,2018-02-23,67.09,1,DF,1,computers_accessories,0
da9713f62e0d54668895dd0ca6ddbb64,2018-05-28,83.35,1,SC,1,computers_accessories,0
6cbc65eb4b9f5320a527cafaf73b7ea1,2018-08-23,34.58,1,DF,1,electronics,0
f1b3dc829876d87a130808b76d5bacf7,2017-02-15,193.39000000000001,1,SP,2,computers_accessories,1
718c9dc6e24a5dbdfe4021ffb9f5f63b,2018-01-29,32.379999999999995,1,PR,1,electronics,0
d08bc243bdf75320f869b3b5bdfdb9ef,2017-10-27,190.37,1,RJ,1,computers_accessories,1
0af07373c6e0f41a0660087bf63d7c64,2018-08-02,44.17,1,TO,2,electronics,0
045acee11e62afca7764429c5710dac9,2018-03-17,27.189999999999998,1,SP,1,electronics,0
d2f5633625bc4755a073b638481e8dcf,2018-02-08,29.1,1,RJ,1,electronics,0
1f38d4b0b64e26e3aa96c3e8a4afe95e,2018-02-13,163.02,2,SP,3,computers_accessories,0
10475e2c60a553298676870162a6bed5,2018-08-10,39.15,1,RJ,1,computers_accessories,0
783c795ca45c01ac1ebe459d8c26751d,2017-08-10,143.76,3,SP,4,computers_accessories,0
1232f59222cf1a9733833b710ad10be4,2017-11-26,277.64000000000004,1,SP,4,computers_accessories,1
ebb5b8275a6a365d1243d225386bf299,2018-08-09,61.879999999999995,1,CE,1,electronics,0
364d745d7d2b5bc2dd6348b8e71b5d03,2017-07-06,622.42,2,MG,10,computers_accessories,1
e7a1c10937aa6080039693c6dd27387d,2017-10-11,304.38,2,SP,1,computers_accessories,1
2263541189c89c889a7532e7f5766b77,2017-11-22,130.22,2,RJ,1,computers_accessories,0
bacf6c8419dbd941c987372fb1db2cd1,2018-03-23,88.08,2,SP,1,computers_accessories,0
af008f580a2035b0bf1d82f4546a9d1d,2018-01-29,149.7,1,SP,2,computers_accessories,0
e15a6ce2cdb4246161836a1dde5e57d4,2018-02-08,81.11000000000001,1,PB,1,computers_accessories,0
2c4e110ad02f4c35c966c165a7b9c248,2018-02-25,86.15,1,MG,1,computers_accessories,0
61ece6128fbdf0024d0bc2e6a816b1ff,2017-05-11,108.0,2,RJ,3,computers_accessories,0
8b06c6beb946868da80b3d6c18d20917,2018-05-13,219.77,1,SC,2,computers_accessories,1
17a26e220cbf382a115a06e6ca2d227d,2018-02-03,72.56,1,PA,6,tablets_printing_image,0
386a7bf9de133efa1516c4145330f3a6,2018-07-30,90.61999999999999,1,RS,1,computers_accessories,0
3c40398038e198e9e1636c1116378da8,2018-03-14,178.56,2,RS,1,computers_accessories,0
4d3bfdf4c7d6578ea445d588371ae10e,2018-03-25,77.28999999999999,1,RJ,1,computers_accessories,0
abda5a07e6be93929ff11832648683fd,2017-08-09,55.69,1,PR,1,computers_accessories,0
61966b6a3c4c582bbc36995227175fc6,2017-05-13,105.06,1,BA,1,computers_accessories,0
6e810ea04c2e8b0bd5983f29be221d11,2018-05-17,247.75,1,MG,10,electronics,1
21cdcda0dab99c19306dca0f9ea2f7d4,2017-05-13,143.06,1,SC,2,computers_accessories,0
ea6de7eb6a7e8b6c49c41fe6bbd4e6e8,2018-01-09,31.839999999999996,1,SP,1,electronics,0
8e87d18bbab2a0394d37332363c1f804,2018-01-31,56.82,1,BA,1,computers_accessories,0
976843b1cee7809a5c79f63a3c9b3222,2018-05-29,883.29,1,SP,1,computers_accessories,1
74d9e9683c40581c6efb5d3ef994c902,2018-08-10,38.36,1,SP,1,computers_accessories,0
e39f9d87fd277163f36c3d929e0a8cc8,2018-06-23,32.22,1,MG,1,electronics,0
777f0ad29bd0edbbc5d6310b898685d7,2018-06-18,264.38,1,SP,1,computers_accessories,1
32c49c2531dd2c94af0c74906c13abcd,2018-03-12,117.38,1,MG,1,computers_accessories,0
366ad1dd93fb7f77b686017bc779447b,2017-08-30,45.0,1,SP,1,computers_accessories,0
ffd543c2b60842e148a86870dc60e212,2018-01-04,373.11,2,SP,1,computers_accessories,1
d014768ef3626e852218e98382169840,2018-05-11,62.85,1,SP,1,computers_accessories,0
daf73a7e8196228eedcdef72c89aaa34,2018-03-02,35.69,1,MG,1,electronics,0
7caf84295d8749bcee4f14503b883c1e,2017-09-05,127.08,1,SP,3,computers_accessories,0
b5ab65ab0519833c110de7fb37bd1c00,2017-12-09,79.17,1,SP,4,tablets_printing_image,0
3faaf3fd5977e5b69227092accef04bd,2018-02-27,161.85999999999999,1,RJ,10,computers_accessories,0
2dde024859f51fefb1cf3975ae42c563,2018-01-30,104.86999999999999,1,RJ,3,computers_accessories,0
c16b33b318036905a37290c0c735c522,2017-12-11,37.8,1,RS,1,electronics,0
c3541701eba57c21eb83f35f6eb1094b,2018-07-17,306.12,1,RS,4,computers_accessories,1
1799b503cd7c2cbd801e75dd72fe3069,2017-05-19,425.46,2,SP,5,computers_accessories,1
1c36473b9a0db63449081c0408a96dc8,2018-03-17,32.07,1,SC,3,electronics,0
2b2c36c568fe24e69258fa168462fa00,2017-05-29,27.0,1,SP,1,electronics,0
3202d54e102ee571b92aaba84b2a7696,2018-07-31,107.85,1,SP,1,computers_accessories,0
36fe204caef0ee36f62366de0896a87f,2018-01-19,91.86000000000001,1,RJ,1,computers_accessories,0
77ff5083402e50189ad3477e7dfcbaad,2017-10-18,44.379999999999995,1,MG,1,computers_accessories,0
1c5be2940a0e9dae8e4ec24c9c630d21,2017-07-25,18.59,1,PE,1,computers_accessories,0
618b8ec3c995dcd438feea3300bba0cf,2018-07-25,88.29,1,MG,1,computers_accessories,0
34dd52587fd9744fa3850f58049bb93f,2017-07-14,98.19,2,SP,1,computers_accessories,0
5ab1b7017955abafee1aaf11eb8a8105,2017-08-20,40.85,1,SP,1,computers_accessories,0
4e724c7d98c212ac0bbca82b6d274f76,2018-02-13,87.55000000000001,1,SP,2,computers_accessories,0
088cbb32185a7be453138d87370d1fea,2018-05-08,155.78,1,SP,1,computers_accessories,0
d2edbdf7b05aec925d270f089e79443e,2017-10-11,373.11,2,SP,2,computers_accessories,1
1ca9b19a39f0b18a4a1470eba6eb5cda,2017-05-20,111.0,1,RJ,4,computers_accessories,0
140e0c65673552d3d1832a4d8e16d6e9,2018-07-10,78.64,1,SP,1,computers_accessories,0
b70f6b5a22ff6a89a473176bce5c5f88,2018-08-07,57.980000000000004,1,SP,1,computers_accessories,0
456115679f3b40b36e79c9d0713bcc9e,2018-03-23,102.47999999999999,1,ES,1,computers_accessories,0
e53182bbd948b07916ff86a2b55978d7,2018-02-02,28.75,1,MG,1,electronics,0
5672fc8f50b8761ce7d2a3ec4ffc2b52,2018-03-05,210.12,2,RJ,1,computers_accessories,1
1bebe97e9df4ee15bde39be078e3158c,2018-03-14,53.22,1,MG,1,computers_accessories,0
9e536c5c989c3bc5667dde34c3490e0f,2018-02-16,19.330000000000002,1,SP,1,electronics,0
0830f0655920234ddca71663beb629cb,2018-05-23,147.32,1,RJ,10,computers_accessories,0
d39ad9ed7c8e172c6d6652a7480c7dac,2018-05-22,62.85,1,SP,1,computers_accessories,0
1335770a97f98c72818680ee3ff1d00a,2017-08-21,42.77,1,SP,4,computers_accessories,0
7060af1357b2b39a2545d6f54b30c774,2017-10-03,31.38,1,SP,1,electronics,0
f8268f009c38528d7c7840a5d46ef8ca,2017-09-04,166.81,1,GO,2,computers_accessories,0
32a9c2b7a764ba82d9f45c94152f4679,2017-12-26,37.0,1,RS,1,electronics,0
d36c9e6c91bc20393532ed865c34911d,2018-01-30,93.1,1,SP,1,computers_accessories,0
3384b2cb08c73583bc2aaa2aa30fa754,2018-08-19,67.67,1,SP,1,computers_accessories,0
3e08073801107359115073f8d03b595b,2018-08-12,134.32,1,BA,1,electronics,0
2bcf1f79964f8b4f4f62f19441601b1a,2017-09-03,1251.7,1,AC,8,computers,1
6414e4e32a19c462fab11da3e3a03ac4,2017-08-25,35.69,1,MG,3,electronics,0
bc16cd35390e6d0638d87ef92f626899,2017-09-17,90.73,1,CE,1,computers_accessories,0
2d77b47ff17df295a7840798969a2e30,2018-02-05,29.85,1,SP,1,electronics,0
f44845a8eeec9bf829093ad92c846c09,2018-07-11,61.660000000000004,1,BA,6,computers_accessories,0
62ec63f37c8ed14ce3dba43a02721f5e,2018-03-19,92.83,1,SP,2,computers_accessories,0
5d08d050576ab268270b7c0956c6f162,2017-12-18,97.13999999999999,3,SP,1,electronics,0
06f40352396b73ac65b6a2059d70441c,2018-02-12,107.95,1,SP,1,computers_accessories,0
fab6c6f55e43abd9875d6f31517d9166,2017-11-12,104.83,1,PE,1,computers_accessories,0
0122e81ff800460e44bb9c983ff2a2fd,2018-03-16,74.28,1,PR,1,electronics,0
de2076727d0a51dfe4889b9cf85198e6,2017-07-16,27.380000000000003,1,SP,1,electronics,0
a625881421471d07433770992a93acab,2018-05-02,104.43,1,SP,3,electronics,0
4a091a1ad464c668b5e9570bab388148,2017-06-13,46.0,1,RJ,1,computers_accessories,0
28ba5952fc9baba1dc6797734ca82680,2018-05-27,37.129999999999995,1,RS,1,electronics,0
60622e02fde39a42fe9654c41a6bba8d,2017-10-07,191.28,1,RJ,1,computers_accessories,1
fa8cbd21c8617a2e568d5e448d8216bb,2017-11-05,60.1,1,MG,1,computers_accessories,0
f071b368fba027eb94d3880678104d50,2018-02-28,28.0,1,SC,1,electronics,0
9c8b3e3a0c6ba4c5497158fe7aa2a1d6,2017-11-16,47.69,1,GO,1,computers_accessories,0
811ecf2dd75f2d765763c2c20c539cdf,2017-11-03,213.56,1,AL,1,computers_accessories,1
2a0d4cb4d13b9552d7556878a2b38f97,2018-05-18,35.129999999999995,1,RS,1,electronics,0
4a27c106139f0804241485daa3def0e3,2018-05-06,221.5,1,PB,18,computers_accessories,1
19d8b9d9a60cda90fc402ad5580a0faf,2017-06-09,187.62,1,MG,2,computers_accessories,0
e6572de73e295b8613a4716a3a1f15d6,2018-02-19,65.05,1,ES,1,computers_accessories,0
79c96fac5fd38406b272b04b54d54083,2018-07-14,133.17,1,PR,1,computers_accessories,0
a2d57c3e9335cbd7ba8c89cd98c26676,2018-03-24,120.59,1,SC,1,computers_accessories,0
7d0a55e8ef248b7bec928b22f0223430,2017-05-29,94.3,1,PR,1,electronics,0
012670c73246a753cbde0a215c2b9e8f,2018-03-02,114.84,1,RJ,1,electronics,0
134adb681cd5dbe4cd4de155abf4b9e8,2018-02-28,31.79,1,BA,1,electronics,0
d8a6f310927336f8375b12a6f2391da3,2017-11-18,267.01,1,RS,10,computers_accessories,1
a44d1d870123f5629ab393b99a94882d,2018-08-16,40.959999999999994,1,RJ,1,electronics,0
86cca7c07ff5eb8645628ac2127ca672,2018-04-09,63.61,1,SP,1,electronics,0
6726b6ce39bdad195755f019dd9bd4fb,2018-07-03,52.25,1,SC,5,computers_accessories,0
65c6c6e3397b02121a0a14f07514612c,2018-05-15,57.06,1,ES,5,computers_accessories,0
f47934b85de99a093567443e2eada0ef,2018-05-16,27.53,1,SC,1,electronics,0
8624c1e28cde5fd7175aa2e87e03d494,2018-02-08,81.61,1,SP,1,computers_accessories,0
2f9df1faa244b3c72c69901d8c999539,2017-08-07,138.41,1,BA,2,computers_accessories,0
63fff75d3fa0d58efe7e92adb5de3ba2,2017-11-29,47.81,1,GO,2,computers_accessories,0
c96c22ca4f7729454ad5ccd827b3c40e,2018-03-05,85.62,1,SP,1,computers_accessories,0
96cc19379b58b51d6cae968d286bba81,2018-03-05,187.36,2,SP,1,computers_accessories,0
7cb684204f6e5b3df6e066a7b2249706,2018-02-06,150.7,1,MG,2,computers_accessories,0
cfe75b350e0f6cd144578e60bd77da82,2018-04-15,38.129999999999995,1,SC,1,electronics,0
5c9a0939b9e4b6d310a738b443bd44e2,2018-01-22,34.089999999999996,1,PR,1,computers_accessories,0
82a51904d95b45bfca27f92a9c1ddd9a,2018-04-24,61.22,1,SP,1,computers_accessories,0
08659a24c131a7a894f45544a4ab4751,2018-02-16,372.26,1,MA,4,computers_accessories,1
d10768b753caf92effee124437f14321,2018-07-04,1223.6000000000001,1,SP,5,computers_accessories,1
72270248de25053e9abc4329ce7caac3,2018-03-23,97.28999999999999,1,SP,1,computers_accessories,0
f5281f570b351e2fc6569df06bbc21cd,2017-12-08,1019.97,1,MT,10,computers_accessories,1
53100a6fcd03e8e50f32580474756a14,2018-03-31,24.23,1,RS,1,electronics,0
c771032d318005136655d3e3bf60bf54,2017-11-23,194.91,1,RJ,2,computers_accessories,1
940d6ffb9723c1e13bd69d602c34dce3,2017-11-23,305.69,1,MG,4,computers_accessories,1
cf31da4c70df57f682299bfbc26a685b,2017-09-13,103.02,1,SP,1,computers_accessories,0
01d48ed99667ce49eaeaa7980a31b987,2018-03-08,31.880000000000003,1,RJ,1,electronics,0
22403c79fdfa9d3b95764cef063e0e56,2017-09-07,78.49000000000001,1,SP,1,computers_accessories,0
38ca323a7d4915303945481eb5a7e9e2,2017-11-28,33.75,1,SP,2,electronics,0
090cb921c3319702919eabe80bc9f5ff,2017-04-19,38.22,1,SP,1,electronics,0
8f3eedb2479ad51a98647779fce346a1,2018-08-10,388.68,1,MG,1,computers_accessories,1
68be1c52f0c662cedbe21ca137ca77fe,2018-01-25,62.05,1,MA,1,computers_accessories,0
57a32b48976d15effc1117f106592956,2018-01-02,146.75,1,BA,1,electronics,0
31237045dc3ee5243375baaaa729188e,2018-05-12,101.61000000000001,2,SC,3,computers_accessories,0
64583bb15e275ccf8b87e050391f2c17,2017-03-23,91.23,1,DF,1,computers_accessories,0
cf3ce07f7bf94f6f269b25dbb7658e17,2017-05-15,116.16,1,CE,10,computers_accessories,0
984d7b91d51b86ce72cbfffc2dcdb8d5,2018-08-07,219.1,1,RJ,8,electronics,1
e001ff2589d23a48871d224d2a54e187,2018-04-30,20.69,1,SP,1,electronics,0
c1eea9299853cc151b3398807b9deac3,2018-02-22,35.089999999999996,1,PR,1,computers_accessories,0
a7db257661f3cc8b9b661474199da586,2018-01-23,33.379999999999995,1,RJ,3,electronics,0
b2463b22b6b50ca3444ffce1d8ea1754,2018-07-10,153.31,1,SP,1,computers_accessories,0
8a9ac22fb6bfbcd5b5a0e0f111fc7b04,2018-02-03,91.82,1,SP,2,computers_accessories,0
36b65b129c6d1404bbbb77935829a338,2017-06-06,75.16,2,SC,1,computers_accessories,0
020347f6d056bb4209b3ee4711d25f1a,2018-07-24,128.89,1,BA,1,computers_accessories,0
fc03cdcda715afc2628625ea2cdaffdf,2017-08-30,33.69,1,MT,3,computers_accessories,0
ba50eb882d0ee0f257aeaa649456821f,2017-11-24,404.15999999999997,1,MG,6,computers_accessories,1
af88e18cdef0e6a040d51ed74427f9a3,2018-06-28,37.83,1,ES,1,electronics,0
700e518b5fbd250d76c38bbca154a193,2018-05-03,127.69,1,SP,1,electronics,0
373e8a6f20402ca46cedf50241ed878b,2017-12-13,43.1,1,MG,1,electronics,0
05608987284e4c496bec56c52fdb0a6c,2017-03-15,225.14,1,SC,1,computers_accessories,1
f0aa70aa3ed2fbaace3cca0919bbb11c,2017-06-11,46.64,1,RS,2,computers_accessories,0
734b5a25b4318e6840301f241811ad1b,2018-04-26,195.39000000000001,1,AL,3,computers_accessories,1
dbf5bbf29b4a8f8e7e6f3584c8dba6d8,2018-03-15,38.93,1,RJ,3,electronics,0
8f0c341c40542ef2e5fee0d1ed7ba05b,2017-12-21,73.16,1,RJ,1,computers_accessories,0
9858ff80b8f867c868a4c476eda9122b,2017-08-16,50.09,1,RJ,5,computers_accessories,0
23bd4c7d83fd48f908879d5a1aa32bf8,2018-03-29,186.5,1,RS,1,computers_accessories,0
bff91283b9a8721d0491825a37e59d89,2018-03-06,41.959999999999994,1,RJ,1,electronics,0
827440c00ada8331c87737e4c4fbcd2e,2018-04-23,86.44,2,SP,1,computers_accessories,0
c73a56b991707be0c940896c7b7dd98c,2017-05-04,163.43,1,BA,1,computers_accessories,0
45755149572c323be55506b108bcdbf9,2018-07-31,112.35,1,SP,1,computers_accessories,0
45046e1ecaba60bb78aab9cee0da08f5,2018-02-24,64.99,1,RJ,1,electronics,0
0e7f54fcc4ef51dfa161ca4d81a673ba,2017-11-30,31.589999999999996,1,SP,3,computers_accessories,0
8d6f247153477b8878975aa0fbde4b5a,2018-05-27,44.129999999999995,1,SP,4,computers_accessories,0
e5978d4286e00083d3b022a3a7bdf137,2018-04-09,152.52,1,MG,2,computers_accessories,0
74b4e28e0e0a0715ca63940014536bb7,2018-01-26,160.4,2,BA,10,computers_accessories,0
996205a42aa5c733caed84046b376508,2017-06-14,228.5,1,SP,1,computers_accessories,1
d0d17a407c7f31de95587389db1cad3d,2018-02-09,48.69,1,ES,1,computers_accessories,0
2fe2b3f315aee60c3f8f15af8d3e0ab6,2018-06-04,176.09,1,SP,2,computers_accessories,0
40f6e7101c9bdc9aa16832f25ee7ee2c,2018-05-13,37.78,1,SP,3,computers_accessories,0
165d95b7e2ca35a58dfbaf646cd14d81,2017-12-08,44.1,1,MG,3,electronics,0
f9899b702b4c536b09ae0efdb5023a71,2017-11-21,34.0,1,SC,1,electronics,0
f2d87ed38676765184a73e871a9e3ece,2018-07-25,111.58,1,PE,10,computers_accessories,0
0e4a4de1d15b6df8d4335fb2db61667a,2018-02-22,154.32,4,DF,2,computers_accessories,0
b9763fc50599a4ba2c2405513546d844,2017-02-08,54.42,1,MG,5,electronics,0
8e83e34d39ed0235b3460da4bd082fc8,2018-07-19,44.2,1,SP,1,computers_accessories,0
0566f139f1d1dff8ebfb3b1233ef4dd0,2017-10-16,61.769999999999996,1,MG,1,computers_accessories,0
3e77cc9aa8ac4a0ff4ced987e8044383,2018-01-29,72.15,1,MG,1,computers_accessories,0
efdd6716d5125862a11d4e354bd4ec3c,2017-07-27,84.23,1,RJ,3,computers_accessories,0
97ced3e3cf95caad623ab243c019a554,2018-02-08,33.4,1,MA,2,electronics,0
3f41fd6ddaad5817115c0d99360ad3e6,2017-11-23,193.99,1,SC,1,computers_accessories,1
3892e6d2a2c4ac6ff5b68904a08e2099,2018-03-24,87.06,1,SC,1,computers_accessories,0
b6bf0977a04c2f3b84bf63aa0d308b5e,2018-03-01,36.69,1,RJ,1,electronics,0
ffb18bf111fa70edf316eb0390427986,2017-11-27,617.25,3,GO,24,computers_accessories,1
14b0bbcd9df43c7c4f332b485e84faaa,2017-12-10,31.38,1,SP,1,electronics,0
22e99a329dbbe2d33ea6b6a46aa7e011,2018-04-28,17.39,1,SP,1,electronics,0
abbef8344e1fa422d2c70c1f00ee8317,2018-04-03,203.08,1,SP,2,computers_accessories,1
1aee3456393950993d316010ffc4088b,2018-01-18,169.49,1,RJ,2,computers_accessories,0
4f3fee0fa922d1575e5b0e5f6a160629,2017-07-17,143.92000000000002,1,SP,2,computers_accessories,0
46984ee8227e1926e055327b55ad576c,2017-12-13,254.01,1,MG,1,computers_accessories,1
4fc3e7aadb8db1172a7c3bbb29d6295d,2018-06-03,212.98000000000002,1,PR,1,computers_accessories,1
9e1ec0af4a9a7144a46d158211aaeb12,2018-07-22,85.48,1,MG,1,computers_accessories,0
a2dbd93b24fc7f52962452e1920d2ec4,2018-07-23,77.53,1,RJ,1,electronics,0
a939c9ef7e0c882d536f3f6235b3515b,2018-02-07,54.17,1,SP,1,computers_accessories,0
91dcd3e6ecaee5bd1d977fefc7b26bb5,2017-07-23,61.800000000000004,1,SP,1,computers_accessories,0
125f493c9aa37e5e79a34e7b602da0a4,2018-08-13,218.07,1,BA,1,computers_accessories,1
e651ecccf9a0e719ab06620a6944e421,2018-05-14,40.120000000000005,1,RJ,1,computers_accessories,0
e71f1d602c3b94eb593d48a61a2163fd,2017-09-01,1344.46,1,RS,8,computers,1
a7440cf5201c30463ff889fd4a6088ff,2018-03-29,152.51,1,PR,1,computers_accessories,0
44eacc9d7484241cf20d888aa331b854,2017-06-12,23.380000000000003,1,PR,1,electronics,0
3a0b83e4ea6805a8d9c32b4c13b4112d,2017-09-10,479.8,1,SP,8,computers_accessories,1
95aadbdbe739cc0dc82c8ae4594c0840,2018-06-25,203.12,1,RJ,3,electronics,1
c79b866af7c3d1b58adb819559fc2887,2018-02-21,99.74,1,SP,1,computers_accessories,0
64abe32989d9bd84b32a370ecbe1cea5,2018-03-19,36.849999999999994,1,RS,1,electronics,0
5492e5f6cccb69b3bfb5b0c1242e69b4,2018-06-27,27.23,1,ES,1,electronics,0
86c8154436a001a69512c9275126aea8,2017-08-24,276.57,1,SP,1,computers_accessories,1
19cafdf7469104c432959892a04920a2,2017-10-23,39.62,1,TO,1,computers_accessories,0
c6eb12496a2291952b77b1249eaa9a94,2017-12-02,190.37,1,SP,1,computers_accessories,1
4ac61ca13c944e7c498a7b0a65f8dcc3,2018-02-09,500.13000000000005,3,SE,4,computers_accessories,1
c96bb2323dfac3672b0a52e5add6b1f8,2018-03-15,33.230000000000004,1,MG,1,electronics,0
3b4548a30d5cce3104af1dfd6979970d,2018-03-07,38.129999999999995,1,SC,1,electronics,0
62a6791b270d5f309cfe9671c0eca61a,2017-12-01,36.69,1,MG,1,computers_accessories,0
bc02ddc545587c6eab5bb1a8c6c45f1b,2018-01-22,53.1,1,RJ,1,computers_accessories,0
cc43a0291c8a1508aa42c1f78ddd204a,2017-06-19,54.69,1,PR,2,computers_accessories,0
4f519ece529392f7272828e7c16e1a78,2018-08-25,23.28,1,SP,1,computers_accessories,0
efa7f60c6fa051986a5d8f220106b74f,2018-08-20,740.4,1,SP,4,computers,1
96cc8c42014ddb42a775da9a45ae3f76,2018-07-16,203.3,1,SP,2,computers_accessories,1
1bbf8613dbcd3a94228f1a5aa30cdfe6,2018-03-05,177.8,1,MS,1,computers_accessories,0
f6586a410980be02b8a408eb2d0a5c21,2017-05-16,297.42,1,PE,1,computers_accessories,1
100782076fba4576e769cf3d0a6aafd7,2018-02-20,72.15,1,MG,1,computers_accessories,0
c2646971872aa9667e99e3b4545dc747,2017-10-16,215.11,1,TO,1,computers_accessories,1
4722880b47a0cc081c878a5a1ba8fc21,2017-10-04,26.13,1,TO,1,computers_accessories,0
228aea2abce77cb021f85db4a81df1bd,2018-03-19,38.28,1,SP,1,computers_accessories,0
eaa1ec29e80922b380dab691b8bd458a,2018-04-13,100.44,1,RJ,1,computers_accessories,0
bff7e590732738aa522782dc42dc7705,2017-12-04,654.41,1,RJ,1,computers,1
58cd1eb79e3ed5abe07691143092d982,2018-02-27,25.65,1,RJ,1,electronics,0
7dbfdea1e79e8d8b6d378f9e07416e74,2017-10-28,165.60000000000002,1,RO,2,computers_accessories,0
0af4a846cbf75b456c934b786d683618,2017-08-29,1240.85,1,MA,1,computers,1
cbe61fc846838bb8eae2e56a9b72c2b8,2018-01-05,72.15,1,DF,1,computers_accessories,0
7488261a98cd6d7cf4407a8d6ed81095,2017-11-25,36.0,1,ES,1,electronics,0
581f021ef2330ff3652bfa78e58046ee,2018-04-29,24.38,1,SP,1,electronics,0
84fb4cece2ca6c0f9d40c92a25e95a8a,2017-03-31,40.95,1,SP,1,computers_accessories,0
38559c61343c85697de47177896737e6,2018-03-20,73.06,1,SC,1,computers_accessories,0
5703c825c39cb1235c7e8a3be949054d,2017-11-29,27.75,1,PR,1,electronics,0
1600c77ccd20164d6da4e2285d3ced92,2018-02-02,113.45,1,GO,7,computers_accessories,0
6d49ef945903365b72a86294b54b948d,2018-08-18,269.55,1,RJ,1,computers_accessories,1
8d644a85179a2e3720976b5ce7d8818b,2018-07-18,18.39,1,SP,1,electronics,0
e56d6e36145ccad4895538d379ac3552,2017-08-17,133.11,1,SP,3,computers_accessories,0
3c630824cefd356b7289838656c9cdbc,2018-07-28,20.38,1,SP,1,computers_accessories,0
de45539c23bf4e084f623d8d339c00ea,2018-07-02,19.64,1,SP,1,electronics,0
9e56ad5aa7b82470ecf52af83edbe7cd,2018-06-26,354.45,1,SP,1,computers_accessories,1
69cb53f8c670d38d607fe3083b4fbbcd,2018-08-10,180.32,1,RS,1,computers_accessories,0
82eac7c627107b7699fb95a7c5961127,2017-11-26,32.379999999999995,1,RJ,1,electronics,0
392139c3311c506adf32de8492011f15,2018-04-18,195.89000000000001,1,PR,1,electronics,1
48e57ab120e323dcb9b330fe88adfd87,2018-03-26,56.04,1,CE,1,computers_accessories,0
4d552c5c82094dbeb98a8048f8b31adb,2017-10-07,214.41,1,SP,3,computers_accessories,1
332bd11885d05706808d2941958750a9,2018-08-16,63.14,1,SP,1,electronics,0
5caf5fb0686c880b74eb3b01aa82c50f,2018-03-06,85.35,1,RJ,1,computers_accessories,0
0b886faaea82e30898a5dbf0ffa73e51,2017-10-14,60.75,1,RJ,1,computers_accessories,0
f0d11024591943c8ebd0a97abf1e6b5c,2018-05-10,177.69,1,RJ,1,computers_accessories,0
fdaa819b4c4dba8f7ed72e2d1102971c,2018-06-17,47.2,1,SP,3,computers_accessories,0
15b9bbc3bfc272e14a8da450ed7867c2,2018-05-15,82.5,1,SP,2,computers_accessories,0
6c721c8ce1b433e68655575af4955976,2018-01-11,67.7,1,RJ,1,computers_accessories,0
6f748695717d537b882406da58acefec,2017-01-12,366.26,2,GO,3,computers_accessories,1
85a08640d88815b0ede472adb059d337,2018-06-29,22.39,1,SP,2,electronics,0
0a979eab29ef830d6363887a00907fb3,2018-02-08,93.60000000000001,1,SP,1,computers_accessories,0
233f0d86db908dbeb6c2ae5675b31e71,2017-11-15,60.0,1,SP,1,computers_accessories,0
5996322816675c956bf3f370bf0ff4d1,2017-11-27,287.64,1,PB,1,computers_accessories,1
e630382ebe09e682fd9032c7d269f62b,2018-03-30,166.82,1,RS,1,computers_accessories,0
9b4c1520f96ed1e13a3d6f8c2aba947e,2017-09-27,133.58,1,SP,10,electronics,0
80676617af8e89bce2394d4e7fa87cfe,2018-04-28,32.37,1,SP,1,electronics,0
9c90fbe071e26ccef32878449010af00,2018-02-09,177.8,1,PR,2,computers_accessories,0
248aebbd996d29fa9e2c5fbe3d4bfd38,2018-06-22,87.66,1,SC,1,computers_accessories,0
31e20f393d978aab31a2c05963f156a3,2018-04-18,87.64,1,SP,1,computers_accessories,0
9ff3f5e7cee88825b32940649a3a2162,2018-07-17,57.07,1,RJ,1,computers_accessories,0
713e88330db7e1d5390f3268287272b4,2018-02-25,173.27,1,SP,2,computers_accessories,0
1ea7acde8dacf11a098d0b85b13cdc0e,2017-10-27,1479.51,1,MG,8,computers,1
f565b5276bd106d6f173c196568826d4,2018-07-10,22.24,1,SP,1,computers_accessories,0
b6f5d41c260425b5a3d5919bcb1ad8d8,2018-01-22,87.55000000000001,1,PR,1,computers_accessories,0
5bc4d0aa53124192dd06058bdf74a6a7,2018-03-09,323.8,2,RJ,4,computers_accessories,1
a539f2112c00901f99400581d41ae0eb,2018-06-04,122.21000000000001,1,RJ,1,electronics,0
68d1af4ddb903ed2dc66559f1d6ccb6d,2018-03-18,191.18,2,SP,1,computers_accessories,1
356725db39df6e32c250f1b4f1f78d9e,2018-05-28,40.22,1,ES,1,computers_accessories,0
ca4670b0ef79d3821a94001e51a0becd,2018-03-27,85.62,1,SP,1,computers_accessories,0
9f4dc9b14ebdb349537c57ed4e469c28,2018-08-15,610.92,1,MG,2,computers_accessories,1
cb4e5fca9b25bcc00d9d7d7ba9f4eac3,2017-11-24,34.0,1,SC,1,electronics,0
30433431f5393fe9934458f0f02e04e8,2018-03-21,31.99,1,SP,1,electronics,0
31b2fdf38a3bfdf9a67d997242c65ed8,2018-02-12,72.15,1,PR,1,computers_accessories,0
ca4e4f1d5628ad06990d771aef8b9c44,2018-04-23,30.48,1,RS,1,electronics,0
beff38e75b4e29421672a5a3a531bf28,2018-01-29,163.7,1,PE,2,computers_accessories,0
f1cefe8e64d1771be13b8fd8360385e3,2017-06-01,108.44,1,SP,6,tablets_printing_image,0
e99e0a939c251c9b2a412fd3136ce0ea,2017-11-10,117.16000000000001,1,MG,10,computers_accessories,0
0e8d01612d9142229f68faabe6a0c51c,2018-02-19,53.05,1,CE,5,computers_accessories,0
89df20c6ed881fc9d841a717c76a212b,2017-06-16,40.01,1,MG,4,computers_accessories,0
f68f706f1fd4d58751c3fe2c65a676ca,2017-12-07,50.62,1,SP,1,computers_accessories,0
1cd94ec5da3b3b76e199b3d79666bdfc,2017-05-21,60.0,1,PR,1,computers_accessories,0
0d80d0e27b1dc1e7eab3528b17464069,2018-08-21,246.82,1,SP,1,electronics,1
871f526d138c30fdbcecbcf72a3588b5,2017-07-26,85.92,1,SC,1,computers_accessories,0
6a9dce70e1b41a16991dad71dcd0411c,2017-11-28,61.28,1,PA,6,electronics,0
6ba5ec180235f8b95042925408ed3bd0,2018-01-16,91.86000000000001,1,MG,1,computers_accessories,0
42a2b3e3880278bbfd48a514c5bc77fe,2018-04-02,89.91,1,SP,1,computers_accessories,0
962d7424fa1ac4663ef72969ce322fd8,2018-01-18,346.5,2,SP,1,computers_accessories,1
01dd288e8605af239a3a35e550e89235,2017-07-26,186.62,1,SP,9,computers_accessories,0
11d91b6084c2ad87ceb2d91af4483714,2018-01-30,35.0,1,SP,1,electronics,0
9d08114eba8cc347f5073bc95311a728,2018-02-12,86.83000000000001,1,MG,8,electronics,0
ad1b9aae3e8a03190849a015fd26429a,2018-07-24,44.41,1,BA,4,computers_accessories,0
06cc571b0a86a28fa19139270e4d3aea,2018-04-11,31.880000000000003,1,RS,1,electronics,0
5b57e9de57b0d980b9a9049aeacc5955,2017-10-30,61.75,1,SP,1,computers_accessories,0
eaab44d4e74c7fffbef5ea53e34068a1,2018-05-16,87.64,1,SP,8,computers_accessories,0
b6e1fc67adee494c3288b775cbae5227,2017-07-19,60.0,2,SC,1,electronics,0
a04b6ad9c324577c000835fca4587931,2018-02-08,592.16,2,SP,1,computers_accessories,1
1cf13598b7e6449603960c24184dee24,2017-07-26,42.18,1,CE,2,computers_accessories,0
7d63f6eebe0dba6fbe9a8c9b5d11aa96,2018-02-02,172.84,1,MG,2,computers_accessories,0
34d0587652282a8e4f05da5083e1f276,2017-08-29,908.31,1,RS,6,computers,1
2369c5b46de8023f54b0ffda76b5b033,2018-04-15,50.29,1,SP,1,computers_accessories,0
9b7d6205af920c44be164e65895c4262,2018-02-05,55.79,1,ES,4,computers_accessories,0
ccce59b16257bf1384f3cd838824ac18,2018-03-12,189.56,1,SP,2,computers_accessories,1
081d8e7957ea9756d18875b8505c2886,2017-12-28,56.05,1,PI,1,electronics,0
a69fb30a9523caa379e6031fd0c3a4d2,2018-03-31,109.21000000000001,1,SP,1,electronics,0
69cc55eb653cc27eea935e7a0d26b83a,2018-04-21,112.25,1,SP,4,computers_accessories,0
106ba1f32b6a3c0abf4d2845e03b3ab8,2017-05-31,161.23,1,PE,4,computers_accessories,0
a7b9ca3e1958817f0415ebbf1fef3941,2018-03-03,167.39000000000001,1,RJ,2,computers_accessories,0
5bc2858d960c9a5452d2f76492bfd948,2018-07-16,71.67,1,RS,1,computers_accessories,0
4e61d7c6f86143c04ee80dae4955fd92,2017-12-18,83.22,1,DF,8,computers_accessories,0
ca376f8f4042e61688af8cfd32d4e80e,2018-03-02,234.08,2,MG,3,computers_accessories,1
249e44947c66e3b0e46b3ba2f38d846d,2018-04-30,138.74,1,ES,2,computers_accessories,0
1e65b448bd96abe8434d64bc0ae4d609,2017-08-21,58.53,1,PA,1,computers_accessories,0
19d384f8370ca0d66c6c059da4c127cd,2018-03-24,89.91,1,SP,1,computers_accessories,0
7643fb0ecfc2447d800aa40f62ef7fdf,2018-01-15,44.1,1,SC,1,computers_accessories,0
fffe18544ffabc95dfada21779c9644f,2017-08-14,64.71000000000001,1,SP,3,computers_accessories,0
74d57affde20203d533384dafa37f324,2018-05-26,49.29,1,SP,1,computers_accessories,0
738160e1aad4624cf632d3c29d428bfb,2018-05-22,195.89000000000001,1,SP,4,computers_accessories,1
9c94a9a237ea316d0943b5b635bc2598,2018-04-14,173.59,1,RJ,1,computers_accessories,0
c2e69397a4831c2a5860d032ddbbe8f0,2017-11-08,47.59,1,PR,1,computers_accessories,0
493264ead614f3a1fed5ad555318b37f,2017-09-20,47.69,1,PR,1,computers_accessories,0
2e509a0f39264c5e18d820911b16990e,2018-07-12,28.22,1,ES,1,computers_accessories,0
9d96a9e98c3d858bd5671f4063710829,2017-06-15,202.87,1,SP,2,computers_accessories,1
427bdcc4eb03caf53fde12f57a84d443,2018-06-06,144.63,3,SP,2,computers_accessories,0
02c8875e5351540e76019fb7429e163f,2018-02-15,16.78,1,SP,1,electronics,0
1a54edac5c05d136c2dd2203344e314e,2018-01-19,27.34,1,BA,1,electronics,0
a9029e5bd9332bbe973f3680152fb397,2018-08-14,100.67,1,RS,1,computers_accessories,0
ceecd8159f59fa02f847abb28716bd09,2018-02-07,102.66000000000001,1,SP,5,computers_accessories,0
1fd20dcd28f95b7f60b8b09212db9f30,2018-06-05,166.92000000000002,1,SE,2,computers_accessories,0
4d5779c1406a8459afe82091e0dae935,2018-07-26,208.33999999999997,1,PA,1,computers_accessories,1
68a688be62a4e82e6f8450c215d3fdae,2018-05-08,224.87,2,SP,2,computers_accessories,1
6180176978a92ed9fd65b8a884601955,2017-05-21,116.94,1,PR,3,computers_accessories,0
9f106eaab8eb09ea2d05a1c71f8be831,2018-03-05,38.93,1,RJ,1,electronics,0
de512c8ca504a59f99fc9baadb837507,2018-03-13,112.53999999999999,1,SP,1,computers_accessories,0
5a610ef4a49d9be48df16a1026f225f4,2017-09-02,34.0,1,SP,1,electronics,0
221acf4033f18fbab8e09d105429367f,2018-08-07,153.31,1,SP,2,computers_accessories,0
8c98ef4533089f5c372b7c3ae3b53851,2018-04-12,173.59,1,SP,1,computers_accessories,0
f4501c0e013275ff49c4a0c3d16c50ee,2017-03-23,32.74,1,CE,1,computers_accessories,0
1c1f7eae34c850ca47fe6b8305995c79,2017-10-31,181.92,1,DF,1,computers_accessories,0
c8ccd366bbf35430786a86ef073322f8,2018-05-08,38.120000000000005,1,TO,1,electronics,0
df6a6216c9ad1e49d9d48201dea50a9d,2017-10-17,170.17999999999998,1,PR,1,computers_accessories,0
cd07e3ceeebd529181ed30afdf30d43f,2017-04-21,115.31,2,RS,3,computers_accessories,0
881b1412b8cff1e5c88e905fdedd7605,2018-01-19,91.89,1,SP,1,electronics,0
e07be9c830655179490e2a5315782e71,2017-06-03,128.6,1,SP,2,computers_accessories,0
99500821b9a347353e010d41c2204481,2018-06-11,19.39,1,SP,1,electronics,0
e275f303e1879be6ec887af2fb5d0e3c,2017-05-19,128.6,1,SP,1,computers_accessories,0
b36f3343300f81c5687549dbf17aee3c,2017-07-12,61.05,1,CE,1,computers_accessories,0
67ca959c49356f3b0b6ec2b340cabccf,2018-01-15,74.05,1,PI,1,computers_accessories,0
26ccd00e36dcb6270f76feff4f6dd560,2017-11-27,57.5,1,SP,3,computers_accessories,0
6366ce592c90a36450778259cb163cc5,2018-08-02,208.42000000000002,1,PR,1,computers_accessories,1
a47bf2de96db0109440cc21208edcc4f,2018-03-08,80.32,1,MG,8,computers_accessories,0
4ca93a3dd92c3b6871bd6ebad444a518,2018-07-10,183.58,2,SP,1,computers_accessories,0
52f89521400b32703e434cd646403475,2017-09-05,81.61,1,MG,1,computers_accessories,0
95f5c913e50f7b1edfe05e8a38ba88d4,2018-02-17,96.62,1,SP,1,computers_accessories,0
e86b5488ccde343ba8b2e2c72eaa74df,2018-04-16,152.51,1,PR,10,computers_accessories,0
2608e8f1fa4c7e37526b68e2fd2e6d10,2018-03-22,85.62,1,SP,1,computers_accessories,0
7e0daf18179403f72436b21a1684a047,2018-02-27,87.55000000000001,1,SP,1,computers_accessories,0
e134ae06c15446b35a78fd10c4d26155,2018-08-06,43.17,1,RS,1,electronics,0
cbedf17aceca757bfcb74be595ae40ce,2018-02-07,90.17,1,RS,1,computers_accessories,0
2fec4859f3e4539cc0daa66bbd82f26c,2018-05-12,45.76,1,BA,4,computers_accessories,0
6048533001f5fce8b89fa52898d99047,2018-07-21,100.97,1,AL,1,computers_accessories,0
d5fbbc2e51c9e93de3502e15b4159d46,2018-04-06,49.730000000000004,1,DF,1,computers_accessories,0
e682e9539c5643a19c747047530825e6,2018-05-02,90.44,2,RS,1,computers_accessories,0
5b7078954da6923760467cf39ac91bc0,2017-09-17,46.0,1,DF,1,computers_accessories,0
9a9b66a3afe31a34ceed0cf919660632,2017-05-12,55.69,1,ES,1,computers_accessories,0
a0b862a69020ac0160aabd2acb06f8e7,2018-05-15,234.39,2,RS,3,computers_accessories,1
a1ad76f125118edcc2ba7035e9a59c7c,2018-08-06,310.94,1,MG,1,computers_accessories,1
c431b1ec043729734d48ba14702aa191,2018-02-22,80.51,1,SP,1,computers_accessories,0
d237eb0a6caf6cc0d9cf5ba7a815c077,2018-01-10,654.41,1,RJ,4,computers,1
b9b6258fd7df83978bd49c201c288953,2017-03-01,66.99,1,MG,1,computers_accessories,0
acf4b337d94686e3ff709ce923bc2e47,2017-06-09,52.379999999999995,1,MG,4,computers_accessories,0
7b4cc813e327ec14c78f547a763f46b8,2018-03-08,399.34999999999997,1,MG,3,electronics,1
0e1670a6f68c72266681ed85b4e4f73a,2018-08-22,60.410000000000004,1,DF,1,computers_accessories,0
da8b28740e0c2eab5292d17c3cbb853b,2017-05-03,70.79,1,SE,3,electronics,0
43cf2ad64d9ba181030a47b6a7cad49f,2018-06-12,174.13,1,BA,10,computers_accessories,0
bea5dc01a53188cc309de4fc1f309025,2017-02-13,59.74,1,SP,1,computers_accessories,0
af45c3a8c24539daa13f4ca8d2868464,2018-05-02,71.06,1,BA,1,computers_accessories,0
988c500d743d7a2cf2e9eaa824a66780,2018-07-09,25.04,1,SP,1,electronics,0
7256c798273af7d120d1f9e274e914f7,2018-03-17,237.07999999999998,1,PE,2,computers_accessories,1
26f1a21b851baef4f3bb1ea83c9ba962,2018-04-24,48.129999999999995,1,RS,1,electronics,0
014a0793ab3d930d6f3b206cee474af4,2018-06-24,38.14,1,RJ,1,computers_accessories,0
5525404ad9f5043e1164e6833b2c24ca,2018-02-20,84.13000000000001,1,RS,1,computers_accessories,0
19c37103c79e5f4a03f5fcc5b1fe97e7,2017-07-05,32.6,1,PR,1,computers_accessories,0
002611a77fe03d076285fd4ca95db77c,2018-02-27,156.75,1,DF,1,computers_accessories,0
4f899ca2d40460c7af01f7edb20f9bd7,2018-03-01,95.50999999999999,1,PR,1,computers_accessories,0
07da7d9fe6a7a8388af1f996b3bb0472,2017-12-18,28.4,1,RS,1,electronics,0
c031499c4cbb79432ca006cef2104302,2018-01-27,43.089999999999996,1,MG,2,computers_accessories,0
02c6f38cbd2d15df19cf2621019823fd,2017-07-06,413.96,2,RS,1,computers_accessories,1
abff5d60e5e2c3597532dd698c8b7e1d,2017-07-25,44.1,1,ES,1,electronics,0
5db3a02e1307a5ee2ee228738a72d4d7,2018-02-11,147.97,1,PR,2,computers_accessories,0
3a970d6ac33a077a7c041912c4d8d560,2018-01-24,44.089999999999996,1,RJ,4,computers_accessories,0
6153dde2f6f01bdd93c35be85fed898d,2018-07-22,57.6,1,SP,1,electronics,0
89f8602d413491ac3de45d5b5ea6406d,2018-03-19,516.48,2,MS,5,electronics,1
a00a8c938ecc721a55b033b93e8deeee,2017-02-21,83.12,1,SP,1,computers_accessories,0
dc9a03dbf9afa19253012ac1391cc00f,2017-06-11,54.0,1,SP,1,computers_accessories,0
7d7f3cbab666fd1e2f103d28b2c9bc64,2017-08-23,757.94,1,SP,10,computers_accessories,1
7416d9c6f5591dce41f59d37ad4bb455,2017-07-11,118.41000000000001,1,SP,3,computers_accessories,0
de088e6f998f5de89b21882cd761baea,2017-08-07,50.09,1,RS,1,computers_accessories,0
96637aa17954c0d0eb8fdb2571cf7342,2018-02-18,187.0,1,RJ,2,computers_accessories,0
e4d06000ac16498e7b6b7614cf7a4b09,2017-07-19,83.53999999999999,1,RS,8,electronics,0
5d38e21bcfe6ead5e9e882d4f8c828b1,2018-05-29,20.75,1,SP,2,computers_accessories,0
055ad36ee30e9948bbe9baba852913b2,2018-03-15,289.85,1,MG,10,computers_accessories,1
63bfa2fa974302f74839f89adc439305,2018-02-06,60.09,1,PR,1,computers_accessories,0
8ea33c8a1daf30c76ff35b6574d8fe63,2018-01-09,28.0,1,RJ,1,electronics,0
69e9045bc98231a8e6e85723d88a9833,2018-08-15,410.91,1,AL,6,computers_accessories,1
70e2326f6a9a2355015239e7c9243524,2018-03-08,33.230000000000004,1,PR,1,electronics,0
89d0d767b2ae9218a978c6b9178d6dda,2018-07-20,114.08999999999999,1,SP,1,computers_accessories,0
5f476a80b69ebf2744c36c282812abd5,2018-01-24,196.32000000000002,2,SP,1,computers_accessories,1
f0ea1a5c37278e95cbd4d8684c999341,2018-02-26,45.7,1,SP,1,computers_accessories,0
ba2e16aeb4e0a8e7f3d8eaf0ed7589e2,2018-01-24,34.8,1,AP,1,electronics,0
789f93d4c1a2b2a5b2341d5609532a6d,2018-06-07,234.5,1,RS,5,computers_accessories,1
c52137e846f3510e2bd54dfb76a006aa,2017-08-15,147.28,1,MS,1,computers_accessories,0
ad716a0d2ae795dfccfb3afc5d40a6e9,2018-07-04,94.13,1,SP,1,computers_accessories,0
7cb79f6f40b26d3d858736252d254ca6,2018-01-10,37.0,1,RJ,1,electronics,0
67e3d81838ef7ed9d7251f0514c235bb,2017-12-05,130.04,1,SP,5,electronics,0
ef7193be9327247ca4dfc71593b50196,2018-05-18,36.29,1,SP,2,electronics,0
fa5a7d839b49e173198586f7366939cb,2017-06-03,48.69,1,ES,1,computers_accessories,0
347bc72bacf7a7b2b2293708ed82ff0f,2018-02-21,38.989999999999995,1,MG,1,computers_accessories,0
e4ebdc36e9be01cc621e8e30394d3eb0,2018-01-03,58.989999999999995,2,SP,5,electronics,0
9d4267186d4e276d018cc7c90291768e,2018-08-16,203.53,1,RJ,1,computers_accessories,1
637789b606a0ef62ab4c16dbeac12324,2018-02-27,140.3,1,MG,2,computers_accessories,0
205fc1dde4304cae4a504a6fa594a318,2018-08-09,88.87,1,SP,2,computers_accessories,0
7cf64ae8137941a44a6300e23b7e25f1,2018-04-08,152.52,1,MG,1,computers_accessories,0
22944b4163f09171dfb645a94b87e645,2018-02-03,311.33,1,RJ,2,computers_accessories,1
79b15d097ccbb1f4c75763ad07a8d543,2017-02-14,61.379999999999995,1,RS,6,computers_accessories,0
43ad91c37e773a2fc263fd0f7c48b1c0,2018-07-21,112.91,1,CE,1,computers_accessories,0
3b981944c4d2df767cc524ebcb06d7e9,2018-06-12,138.08999999999997,3,PR,1,computers_accessories,0
001e7ba991be1b19605ca0316e7130f9,2017-03-18,213.21,1,MS,10,computers_accessories,1
1d6efdc47fc22d96340ff4b18566ef54,2018-08-15,98.47,1,RJ,2,computers_accessories,0
19fb3160f1bdded8463061ab9385fbfc,2017-10-27,30.97,1,SE,1,computers_accessories,0
b52f66917d5dcb9b040622761f939b97,2017-05-29,113.34,1,SP,4,computers_accessories,0
315f64b276d746cc513f5579beb023cd,2018-03-02,146.27,1,DF,2,computers_accessories,0
f5068e06e9de577bdbfcb519ff9fb5c5,2018-01-10,192.3,3,PR,1,electronics,1
bcc786c10284d63d8d4c8a0a8c98428e,2018-02-02,99.74,1,SP,1,computers_accessories,0
10c41c0172ecd7694a6aa595629ce73d,2018-02-07,30.1,1,RJ,1,electronics,0
20012c4dba68323c61f4536de28ed1bb,2018-01-25,192.76,1,SP,2,computers_accessories,1
e433edc92cb5e3ae5515301b3309e303,2018-02-25,489.24000000000007,3,SP,1,computers_accessories,1
46f0668d5961419489c708d57e9e99bb,2018-08-01,164.43,1,PB,4,computers_accessories,0
1f146ef2973ac65116ed3fcd8c27d507,2017-08-03,104.37,1,MG,6,computers_accessories,0
2ed2aef2fa258dd0d58efbaf2eba622a,2018-06-21,87.36,1,MG,1,electronics,0
c269cce123fb9db14b5d2cbe52b36ea5,2017-10-30,37.35,1,SP,1,electronics,0
daece90b61801c766fe21e0922574566,2018-04-26,201.46,2,SP,7,computers_accessories,1
f30fa14e2b0495b15843f4fa7e1287b1,2017-03-11,63.72,2,SP,1,computers_accessories,0
d7b0fbace1976ca8aeb0e670bfcaf77b,2017-02-26,120.14,1,BA,10,tablets_printing_image,0
fcf9b8fad0bf8c9ebbe6ac43a434d0d9,2017-08-04,53.05,1,MA,5,computers_accessories,0
c0ce66c3dd07402eb250615c04b32b04,2017-06-06,120.09,1,MS,7,computers_accessories,0
52a3cfb8a44b79a2e8d6e52ea5ff5b13,2017-07-03,29.689999999999998,1,RJ,1,electronics,0
836f05665160acaa74d19db5d614994b,2018-05-09,82.39,1,SP,1,computers_accessories,0
2552e1d6ef4a4a91c1bcc69dbdf4d952,2017-06-07,27.380000000000003,1,PR,1,electronics,0
5c97cc0de518333940b05d3c09558004,2018-01-08,38.71,1,SP,1,computers_accessories,0
09d8a4bcd943fd4bfc7dd6b64b7c328e,2018-05-27,36.230000000000004,1,RJ,1,electronics,0
c11770b0aaeeaf11800205df9b333d78,2018-07-23,31.11,1,MG,1,computers_accessories,0
afd363f0f987b7f9bf8e2e1b3cb543dd,2017-12-12,74.0,2,RJ,2,electronics,0
d94b232e72e4c7c22f765be9ee391b3f,2017-02-02,37.86,1,MG,1,computers_accessories,0
ac08c0b67890296c7c7c10f34b81eea4,2018-02-08,88.94,1,RJ,2,computers_accessories,0
67118db7c6bb624924e2d3f7d1db78d9,2017-12-02,56.75,1,SP,1,computers_accessories,0
289bd070da69f4fc36ce78622dd4b2fb,2018-04-19,98.34,1,MG,2,computers_accessories,0
e3f6de94179bede8675ff97d0f3f3245,2018-03-19,97.77,1,SP,1,computers_accessories,0
a67ab576f5aab60b3a2d39cb3a94c620,2018-02-13,118.39,1,GO,1,computers_accessories,0
d8eeab46fdc56c1066b44166186c2465,2017-05-07,94.3,1,RS,4,electronics,0
a2e41b2178698dc2a57817361a869d1d,2018-03-20,35.75,1,SP,1,electronics,0
701a1cb9e6b39469d8ec105565f33277,2017-09-11,31.38,1,SP,1,electronics,0
79f88e060632989f23cae0e00e7381ef,2018-04-03,37.379999999999995,1,SP,1,computers_accessories,0
54f6bfdef1d09a3f1d99b3914c93aff5,2018-05-07,36.95,1,SP,1,electronics,0
7aaf9721911fe977bb8e6640c442aeb4,2018-04-12,148.59,1,PE,1,computers_accessories,0
c27efcd088787bad815507fa7f5bcea0,2018-02-18,60.0,1,SP,2,computers_accessories,0
f9030dd093087acc37d712775c8797a6,2018-06-09,35.09,1,RJ,1,electronics,0
2dae77f82d0fb01696161694e6db31bb,2017-09-11,33.69,1,BA,1,computers_accessories,0
2a358c47c330a979b1be5fa20e6dc96e,2017-08-10,183.53,1,CE,1,computers_accessories,0
d2b4111f671e5684fce7ed930aca23cb,2018-05-07,32.76,1,MG,2,electronics,0
94edaa9af5c54b9d05b8f3ae40bef478,2017-12-12,241.82,1,MG,3,computers_accessories,1
ff67e2e5931af358c3dde42b54ad658d,2018-08-21,35.14,1,RJ,1,electronics,0
59fa657243310e5db82d2c476568a74e,2017-07-23,26.380000000000003,1,SP,1,electronics,0
617b88590cdd5883e40eedd5ecc48026,2017-07-16,53.09,1,RJ,3,electronics,0
50eff1a80cf88f66d317710f1b036b36,2017-04-06,34.86,1,MG,3,computers_accessories,0
d899038e9957d3d2f73bf50547f78d04,2017-06-27,27.0,1,SP,1,electronics,0
29022c1010dba6fda58abf8d59d4258b,2017-12-01,27.75,1,DF,1,electronics,0
4a359800ff0688de3eabc92972987238,2018-05-07,53.87,1,SP,1,computers_accessories,0
441972a5bbd51a10459a487402076942,2018-08-23,74.51,1,PR,5,computers_accessories,0
028e8f5a96db8d372890e03d22829e9b,2018-04-18,20.75,1,SP,1,computers_accessories,0
6ae81f46190acfedd354db1a69ecfb03,2018-04-24,183.62,1,MA,1,computers_accessories,0
21030293cc104b1a83a93d3fbba3bd6a,2017-07-19,72.57,1,SC,1,computers_accessories,0
1f2638f8b42427da20d04f8fe55f4588,2018-01-20,106.87,1,RJ,1,computers_accessories,0
5c455e9a6d56d30c1652aea99d744e5c,2018-05-13,100.80000000000001,2,GO,10,computers_accessories,0
3aa2ae7ecf5c78c8928b540fed47058f,2018-04-17,144.31,1,RS,2,computers_accessories,0
53354e0184a8a43cd9f722bc2af844cb,2018-02-27,124.52,1,SP,4,computers_accessories,0
790c018ecba60024d3684643535f0e69,2017-05-11,142.31,1,BA,3,computers_accessories,0
88f429aa6b53507756ba75c293cc4040,2018-03-27,40.42,1,MG,1,electronics,0
3c5aa0dc3566dd7512023da4920de6d3,2018-02-01,195.89000000000001,2,SP,2,computers_accessories,1
12bc94612964e0cd17a45a286899a3d1,2018-01-06,23.71,1,SP,1,computers_accessories,0
c90ef87499ee07a754b9ee41fa82463a,2017-07-26,127.6,1,SP,1,computers_accessories,0
282c19328edcd28ae2d11f5aadeacf8b,2017-05-05,223.12,1,SP,1,computers_accessories,1
b30abf162ff1730f50b6400bdc32550f,2018-02-27,91.86000000000001,1,RJ,1,computers_accessories,0
f1a60fde98a0334e64d547ff9976c76f,2018-08-03,36.73,1,SP,1,computers_accessories,0
1266f3e39be1dedd482da8b623328821,2018-04-16,31.73,1,RS,1,electronics,0
60f3f9491829925ea17e99fb1f84f992,2017-10-07,90.28999999999999,1,PR,1,computers_accessories,0
1f7b5e833440aeaa3910ce10e03351f5,2018-02-10,189.37,1,RJ,1,computers_accessories,1
e471b8e7eaa8fd21277e359033828817,2017-12-04,149.73,1,SP,2,computers_accessories,0
5c6d04d4860d065452c6ea2d2c82e114,2018-03-07,47.129999999999995,1,SP,4,computers_accessories,0
ccd1fa6b2fb4f0a8262c3ee88f72f383,2017-12-07,75.44,2,SP,1,electronics,0
66a5c9d33ec9b0db1d894e4812a0f941,2017-03-23,48.3,1,MA,1,computers_accessories,0
83d78ffd61cb34b5f854656ddc143e9b,2018-02-23,60.0,1,PR,3,computers_accessories,0
59bdbeeec9cd5173e5b9e86dcb9bce0c,2018-04-30,32.37,1,SP,1,electronics,0
ab8e5f9b860cd703f5f647200c2c7b58,2016-10-06,35.42,1,SP,1,computers_accessories,0
18a4fa1a7c0e324a18cc81cdf6bc577a,2017-07-27,81.82,1,SP,1,computers_accessories,0
4e74f6c3c70d626486d9b6b36f15c595,2018-06-11,55.480000000000004,1,SP,5,computers_accessories,0
3eb31ef4f66c598bd49c78ce76c17e5a,2018-02-24,97.72,1,SP,2,computers_accessories,0
9221e4a9fb1a45521d3cce76aa1258c9,2017-12-07,29.77,1,SP,2,computers_accessories,0
131497483f8457541cf92c467b847c39,2017-11-05,103.37,1,RJ,3,computers_accessories,0
f79b808e0ded7143da5be51e144f9bb9,2018-01-12,431.92,1,SP,1,electronics,1
a85a0a1d9a45910cbfa184cf26220191,2018-01-11,28.75,1,RJ,1,electronics,0
ba71f098ea405cb0930860794da15e11,2017-11-11,61.1,1,MS,1,computers_accessories,0
e22dd2bae96c7c1909225e77fc1a2a31,2018-08-17,32.43,1,SP,1,computers_accessories,0
5ade2c3932a0c4836b4eb4e16f4373db,2017-02-20,97.52000000000001,1,RJ,1,computers_accessories,0
f89780d4d98317847142affbe5c0c965,2017-02-21,193.39000000000001,1,RJ,3,computers_accessories,1
70ca1c80e14fa0391a567797dc294938,2018-07-01,245.95,1,BA,3,computers_accessories,1
b0a46fa6d7a8afcac44b6e1af2457409,2018-03-10,78.35,1,PA,1,computers_accessories,0
ef442e129f56ec1234a402fc824686df,2018-06-30,579.22,1,SP,3,computers,1
cf49bdb4bd3a57ea5f439199c69d5911,2017-11-27,491.03000000000003,5,PR,2,computers_accessories,1
cb6c4a73c3a96d368b2eb15d29d0a243,2018-05-10,37.04,1,PA,1,electronics,0
54536bfd6c2b325ae1b6c94e14aef912,2018-06-27,91.31,1,MG,1,computers_accessories,0
9de65156d923c62015d982bd3f6ade9b,2018-02-28,225.13,1,MG,1,computers_accessories,1
fedc85bb24209961b595782f2c259c4a,2018-06-19,131.58,1,BA,1,electronics,0
22849055311b7748c424a30367967406,2017-03-21,104.38,1,RJ,1,computers_accessories,0
0d4947e726ae3959a6cc28979ab632a2,2018-01-11,34.8,1,PI,1,electronics,0
55101b36a58251926b6cbfdb540c0461,2018-05-13,116.95,1,RJ,10,electronics,0
c3161a99d341124cd73a499963ac3a53,2017-11-10,42.33,1,SP,1,computers_accessories,0
3742355faff03505219c427b01919e0b,2018-08-09,40.25,1,SC,1,electronics,0
f4644597165c84bebe72a057c53a0698,2017-10-17,226.74,3,MT,1,electronics,1
e05a09fdfa909b44bbe0d68635a0f585,2018-02-03,40.089999999999996,1,MG,1,computers_accessories,0
9f6c2a2b1cf39bcea618bba4db493cb2,2017-11-14,114.34,1,RS,3,computers_accessories,0
0ed7a79d6ed3dcd5dc6430339b52c0f9,2018-06-06,167.01999999999998,1,RJ,2,computers_accessories,0
36f508b04d2ca8729c27e11382939f41,2018-05-07,22.689999999999998,1,SP,1,electronics,0
eed14d209dc537c9d99afb938efb2c0e,2018-03-19,82.50999999999999,1,SP,1,computers_accessories,0
fd4dc70383929cea6b167f3fb617542b,2018-05-18,163.24,1,SP,2,computers_accessories,0
5a0c5e6a4fb3e680d5a9664cea3314c5,2017-11-24,266.0,1,PR,6,computers_accessories,1
17220c71a949903772f1ed32292ee69f,2018-07-17,35.230000000000004,1,ES,1,computers_accessories,0
39b19f40d2c5ecd4faa3f5d15eec8163,2018-05-07,59.22,1,RJ,1,computers_accessories,0
50dfcf67e810d36666fa94f1a77c6d49,2018-03-12,98.71000000000001,1,PR,4,computers_accessories,0
d85964274bc133ecec1d771ed78e0f80,2018-01-14,31.38,1,SP,1,electronics,0
09f929ce6d526af69a12f1a54230e396,2017-05-10,40.85,1,SP,3,electronics,0
2478162af45c03e2a222e61c781e9209,2018-04-05,486.24,1,SP,1,computers_accessories,1
8722ed50581fd85128231850633f5943,2018-01-23,57.620000000000005,1,CE,1,electronics,0
bbd319ae8e4b461016cbc0387ff87649,2017-11-19,42.69,1,RJ,3,electronics,0
9cd721f408e8bf94b981ebe34f7007c4,2018-07-26,93.19,1,SP,9,computers_accessories,0
a2c93edc2fa319d3e6aa9e18dc4b3b19,2018-03-05,100.47,1,RJ,1,computers_accessories,0
02714865c4c2f281df219af0a56ffeaa,2017-11-30,125.42,1,SC,1,computers_accessories,0
0c2c3c3a68e0c7184832879c6fe55a94,2017-07-27,33.69,1,MG,1,electronics,0
65f36d6fd08d0f90ea414c2f8b5097a7,2018-01-19,268.71,1,MG,1,computers_accessories,1
52e6c4a623a7050f454f4e35dd99af9d,2018-06-30,144.94,1,SC,1,computers_accessories,0
0db1181e0778609b581bf9a95b17f313,2018-01-13,112.39,1,SP,1,computers_accessories,0
c4b0818ccad06843a0ea1e2c13ea8584,2018-02-22,372.54,2,SP,10,computers_accessories,1
4d72fbd8a8a12d4012b8578725c97a06,2018-07-01,21.04,1,SP,1,electronics,0
5c9a09fd2021bf429b060aa68282c87a,2017-10-05,197.73,1,PA,1,computers_accessories,1
4c4494279cd0e4c6ebe47ff5191d8fb6,2017-06-16,295.7,1,SC,1,computers_accessories,1
6f8ef1903034bc19ff5a5c51dbcec604,2018-03-22,103.19999999999999,1,PI,1,computers_accessories,0
f84c7f94a29cb1d53dc607284d5bae9a,2018-02-05,36.0,1,RJ,1,electronics,0
b511d65dcc8a6154086efbf3d2c9230d,2017-08-15,51.78,1,BA,4,computers_accessories,0
11156cbbd16c21d0f876588915098a28,2018-04-25,296.1,2,RJ,3,computers_accessories,1
7f212732dd5f6721b25435355c223e51,2018-03-27,61.46,1,MG,1,computers_accessories,0
9f81e8f6c74d99562869844aafbfe0d5,2018-08-02,221.81,1,PE,1,computers_accessories,1
50d00c9680bdca4f471658f02ca144c3,2017-08-06,326.78,2,SP,1,computers_accessories,1
dfaca8a85d5a1ef947b32f44dc3817bd,2017-11-08,74.63,1,PE,1,electronics,0
32f0db75abd9599736ef815f021c684f,2017-11-13,504.51,3,RJ,1,computers_accessories,1
8436df70c30e8e11edf5cf2f880edf6e,2018-01-08,212.01999999999998,1,PA,3,computers_accessories,1
45bc30179c94124da60cb1b1fd5b9754,2017-12-22,274.99,1,BA,1,computers_accessories,1
50e1bd81c48e7fac3ae7246bd07a9129,2018-06-11,147.32,1,RS,6,computers_accessories,0
feb6795b3a5f345c10e8e4a7c6383130,2018-08-10,224.1,1,SP,10,electronics,1
f7499d7ef8d2ef5405b9f45b14223ee0,2018-02-16,37.8,1,RJ,1,electronics,0
dba140d12592fdc150bbeed0f7f1a32e,2018-01-06,65.11,1,RJ,1,computers_accessories,0
da335e512c5172e253ee80cb42acf8aa,2018-05-16,114.15,1,RS,8,electronics,0
446de4fae55c385fb4c5481c783bed29,2018-05-11,55.22,1,RJ,1,computers_accessories,0
629a311d2d78caf11bd453dd536c6da2,2018-02-23,95.10000000000001,1,DF,3,computers_accessories,0
8067c5e4834f3c0a3c8a4e921d65c5b1,2018-01-24,180.62,2,SP,1,computers_accessories,0
c0c735876359d7431dbd45a8fb0e238b,2018-02-23,173.67,3,PB,1,computers_accessories,0
1d35be28af536ed23f7e3ae4daa91aaf,2017-07-26,23.380000000000003,1,PR,1,electronics,0
82e3732828be8d714ff18ca961250f57,2018-02-28,177.49,1,RJ,1,computers_accessories,0
99cba2721b39974a1f5045162748e2fd,2017-11-24,70.74,1,MG,1,computers_accessories,0
94e5d86b81534a5f11b5b57af7852aed,2018-02-14,27.77,1,SP,1,computers_accessories,0
a2537ce2ae2da31262ec49c1b83cfc78,2018-07-24,35.14,1,MG,1,electronics,0
a3c03356178c199a84eae0d6356d815c,2017-03-10,94.88000000000001,1,PE,4,computers_accessories,0
fc956251c8eb3a139e862178fe18b68d,2017-09-04,41.0,1,SP,1,electronics,0
7054ca2781439efaa9544a3a00c2ade7,2018-06-08,33.230000000000004,1,RJ,1,electronics,0
57e1f02c24c1c6c9b445d77373d9f4fa,2017-05-04,53.519999999999996,1,RJ,1,electronics,0
24cdfd401a113857553214161447483a,2017-07-31,65.0,1,PR,6,computers_accessories,0
273fa2f569d3e879930f38dbc3d79eda,2018-05-21,225.45000000000002,1,SP,3,computers_accessories,1
2297bd1a898970d8f9cbefea429b7bad,2018-05-04,87.06,1,MG,2,computers_accessories,0
601e15e212cb33919e0444d6f0d776e0,2017-09-12,45.01,1,RJ,1,electronics,0
c9d89b0c3d42591ac04fa956aef8fd14,2018-05-21,83.41,1,RJ,1,computers_accessories,0
3988b16758968e3d0683b0917f9e76bf,2018-06-06,37.28,1,SP,3,computers_accessories,0
7e441aaf6e4a5f2985bbe36be6e59208,2018-02-08,187.96,2,RJ,5,computers_accessories,0
29664dfe32fa36fe220eb8ba86d93445,2017-04-10,27.64,1,DF,1,electronics,0
5a211401338dee5fa1388f6b4b70b456,2017-09-01,68.42,1,RS,2,computers_accessories,0
e6103b1c3a67152c7b688d5da11460de,2018-08-14,208.42000000000002,1,SP,3,computers_accessories,1
d78f157135db9ba4f043330c2b62dfb4,2017-03-20,359.11,1,MA,1,computers_accessories,1
97f628c23936b663758751ed856904ba,2018-02-12,35.69,1,MG,1,electronics,0
31b60e74c21a868ce2a24131035f8636,2018-07-13,121.62,1,PR,1,computers_accessories,0
a1e4076fddd5b3b4516b727655e5b643,2018-07-16,189.22,1,MG,1,computers_accessories,0
5c6684343f4ff2229622ce4745a49788,2018-08-08,839.5799999999999,2,SP,1,computers_accessories,1
c27e67d45b0f2e372f04e62920642f26,2018-06-19,45.2,1,MA,4,computers_accessories,0
1c4a92d82c1b0dec18bef12da3fa7756,2018-06-20,249.04999999999998,3,MG,1,electronics,1
3994000090be4a77b35eb6ec555a881e,2017-12-08,28.0,1,RS,1,electronics,0
b1548030276cf66c9a378ca64b264873,2017-05-14,28.169999999999998,1,SP,1,computers_accessories,0
90d2bbc31356e711e2fe7b0b78181687,2017-01-18,30.86,1,MG,1,computers_accessories,0
efa2d368f3ec5a4dd12b5b1188242504,2017-06-13,56.53,1,RS,5,computers_accessories,0
31c8528678f80f4491b0e2634ae8940e,2018-04-19,95.34,1,GO,1,computers_accessories,0
cc5e04828d40b15276efba4b0cd1f566,2018-04-18,910.2,1,RJ,1,computers,1
2b6743c7c6f46239fe7f39c6611e4601,2018-02-28,88.09,1,SP,3,computers_accessories,0
a6e6bba879d27420514b5a4d94627077,2018-05-21,88.22,1,SP,1,computers_accessories,0
d13bd0cdf8acb0062b969df660e560e1,2018-02-23,88.62,1,SC,1,computers_accessories,0
d0df06d018f93a2c4be0637e728843ba,2018-01-21,35.68,1,SP,1,electronics,0
7323d8e601f88123554e4d9bdb617b79,2018-04-23,173.88,1,BA,1,computers_accessories,0
bd772d39b54bb1d71b63a7e1c1c8304b,2018-01-30,46.01,1,RS,1,computers_accessories,0
111dc64700f0263f8001c38215036c92,2018-06-19,37.58,1,SP,1,computers_accessories,0
a2f3817242b0d2b7404f5104ede3abcb,2018-07-29,171.06,1,BA,1,computers_accessories,0
98d24b150d7625f287efd12c0dcbadef,2017-09-28,173.84,1,MG,2,computers_accessories,0
0d15b014007c98a152fbb3b032a7521a,2017-11-24,107.09,1,PE,1,computers_accessories,0
cf5371c12093ab1ef7c39cd2cb895edc,2018-01-24,100.24000000000001,1,RS,1,computers_accessories,0
47a53fe6f92821c8b0ecd40dedee5d6a,2017-11-22,790.5,1,DF,10,computers_accessories,1
9e7cfc823ef88f92ca66fd57db258c51,2018-02-07,189.37,1,RJ,1,computers_accessories,1
8705d42adbcd3182c575cdf862302836,2018-06-28,218.49,1,MG,2,computers_accessories,1
d9d8b7f0a98d33f05df5fce9f376aad8,2017-06-02,64.63,1,PE,1,electronics,0
3c8be270e7e602ffcde3f97cef934376,2018-07-04,37.58,1,SP,8,computers_accessories,0
8b4b9c5ca102be3acc343372eac85e12,2017-08-02,36.69,1,SP,1,computers_accessories,0
7659849a6efa9d49c5ac7bf7fdbddb2c,2018-06-17,33.92,1,SP,1,computers_accessories,0
576f9e432d8d303ce2ffc75736352fe1,2018-03-02,292.65,1,MG,1,computers_accessories,1
0b7faa591b1acf3fa59f5297017b3058,2018-02-22,96.62,1,SP,1,computers_accessories,0
6bf6ed15e270872bcf65052a0307d6fa,2017-04-01,111.07,1,TO,10,computers_accessories,0
ca2c921a5b9d60eba417d106c724c6f6,2018-03-01,58.92,1,AC,5,computers_accessories,0
adc12f10b0d49b969eeff04bfef21427,2017-09-22,135.86,1,PE,1,computers_accessories,0
2f9aec8b96e05c0c40e49b20214b89bb,2018-04-30,99.05000000000001,1,SP,1,computers_accessories,0
c91139ab9ea8b6371861f2cf4dbdb8e1,2017-11-20,106.06,1,MG,1,computers_accessories,0
f1ebfc223dc0c69af08b4810a6a200ca,2017-11-27,28.75,1,ES,1,electronics,0
b157079a62d77688a0f66043aa1f0306,2016-10-08,134.91,1,MG,1,computers_accessories,0
028aa70283170bf3cbfdce2c1b751cfa,2018-08-22,84.14,1,MG,1,electronics,0
b8ffa0a64c94706b40a3eb420aaba9d7,2018-02-04,33.75,1,SP,1,electronics,0
ba900c122a364faa9a3c7d271bc2308d,2017-06-16,67.69,2,SP,6,computers_accessories,0
1230f41d95a6fc74a51d388e8b1e8810,2018-08-04,210.4,1,GO,1,computers_accessories,1
37151727c96ceda28bc5b0eb91a25867,2018-08-04,56.47,1,SP,1,electronics,0
28eaf054725f4dd3ce26c67682468831,2017-08-04,45.0,1,MG,2,computers_accessories,0
2edf4dbc4da7d9813d86079ebd0b7e7b,2018-01-17,45.53,1,DF,4,electronics,0
36b5cc783d21a08a8a8f6cf537de2153,2018-08-11,107.85,1,SP,1,computers_accessories,0
1a6b9a764637acbc39e1624a2211f548,2018-08-07,472.8,6,SP,1,computers_accessories,1
377921d7c0a75e0b9bb55f25539583e6,2018-03-07,63.129999999999995,1,SP,1,computers_accessories,0
5ff4c9b40ca89e41de1f71a26d088921,2017-05-19,36.17,1,SP,1,computers_accessories,0
4ceb6d05f749bbbb67e5606aa2d16647,2018-08-23,164.25,1,RJ,1,electronics,0
1d1d126a9f21b890e676a7ca56b3b6fd,2018-01-23,64.23,1,MG,1,electronics,0
ea90d633d13ac21849cee301594b8a64,2017-07-17,190.42000000000002,2,SC,4,computers_accessories,1
0124f01177fc17cf20e1974621fd759a,2017-05-13,202.87,1,SP,1,computers_accessories,1
2356e9b211b952c07f32b7addb1250fa,2017-10-30,35.0,1,SP,1,electronics,0
1d76e49bc59982b4110f8c084c0741f1,2018-04-11,27.23,1,PR,1,electronics,0
fbaf27e77414fafd620939df6eeb37f0,2018-07-12,78.69,1,SP,1,computers_accessories,0
955e98990e1c4029c87982539f3bfe93,2017-06-01,98.44,1,SP,9,computers_accessories,0
3ab974ac744bd19a111d5e19f0a90649,2017-10-04,95.89,1,RJ,2,computers_accessories,0
a521e134bbecc7830c49d1c582630bd9,2018-04-17,29.88,1,SP,1,computers_accessories,0
8eb6cb6eb895e7fd9824cb6a22c2a14c,2017-05-31,53.09,1,PR,1,electronics,0
ad4e4232930ccc325c9ff5017caf7486,2017-07-04,122.21000000000001,1,RS,1,computers_accessories,0
793313d521603b9c7030e6bc60f6c692,2018-04-01,113.05,1,SP,1,computers_accessories,0
09357f9fdde223052006f3bae0367a29,2018-04-28,32.239999999999995,1,PA,1,electronics,0
0b1bb6f28394acad8dac5b3f4e2a28c0,2018-01-22,187.49,1,MG,1,computers_accessories,0
3ae4d97402b1cec4506cad07762d0adc,2017-04-17,63.510000000000005,1,PR,6,electronics,0
b8019c53315df4d7a2a1c5afd52c5004,2018-03-22,70.24,1,MG,1,computers_accessories,0
1f470d4ca1db400febaf5a2e7c364e04,2018-03-01,45.31,1,MG,1,computers_accessories,0
f82a3c6e1e4ad29964e50eb40ba50ea8,2017-07-11,166.81,1,MG,1,electronics,0
8a3ed0cb80d59a07e9eae72442eeea63,2018-04-16,171.0,1,MG,2,computers_accessories,0
fcaf5f5131e3480217cfa4c664cc8875,2017-09-03,135.0,3,RJ,10,computers_accessories,0
4458b3efa2a267c37c8851684ce7309a,2017-12-02,24.6,1,MG,1,electronics,0
f9f682974316f9f27b860858f43ea423,2017-08-23,335.18,2,SP,1,computers_accessories,1
6296cd93e0540917385ff96f03f3ad92,2018-01-30,206.32,2,RS,5,computers_accessories,1
bf6a6c5b984cbfee461b78fafe9f1756,2018-08-06,220.59,1,SP,1,computers_accessories,1
de2eacc3fdfabed44d32cf8607801800,2018-04-21,36.959999999999994,1,MG,1,computers_accessories,0
31daefda0897759a2dee9729dd9e057e,2018-05-15,67.35,1,PI,1,electronics,0
076ff98c0f285dcbbf7a2d5ad9146322,2018-03-27,162.82999999999998,1,MG,4,computers_accessories,0
60d98124c3228470422ecadff6550e3c,2017-12-31,59.93,1,SP,5,computers_accessories,0
6b6ce8cba846c77f4ce5f752e1401c54,2018-03-18,99.55,1,SP,1,computers_accessories,0
c3790de0460b30fb8acee5f277496b61,2017-11-20,38.72,1,SP,1,electronics,0
139d95a2a4ad16a49a4fc3ac7f195172,2017-05-14,136.01,1,PA,4,computers_accessories,0
2066d97e219a2639a073fa775cf5664b,2018-01-30,31.98,1,SP,1,electronics,0
0ce17a5e9ad81a5eb5a948080e9b4332,2018-01-11,44.69,1,GO,1,computers_accessories,0
a1304e530c9b94c0ad55e2229b689318,2018-08-09,90.61999999999999,1,DF,2,computers_accessories,0
c06ce911e890b4e3ca9b08b5d33334ce,2017-11-05,176.71,1,SP,1,computers_accessories,0
b413de6592c9ddd8ab07e542285d7a85,2018-07-28,243.41,1,SC,2,computers_accessories,1
61d492eeee5fa1a86cd52846bb08fc37,2017-06-13,133.2,1,MG,5,electronics,0
65272dc3f6aee70b17f962df52f16f73,2018-08-01,83.73,1,SP,1,computers_accessories,0
618b0dccb6cd114a77a84daef8d565c4,2018-04-17,240.75,2,RJ,3,computers_accessories,1
65c3a33271e3070af95cc3c03018871d,2017-12-07,36.69,1,RJ,1,electronics,0
02cb37269f256232b81be588ef056c92,2018-03-05,150.83,1,SP,2,computers_accessories,0
a16c048c79d11f82c31fb4fbf407e6cf,2017-05-11,74.67,1,PR,1,computers_accessories,0
ef8243f801a15b9b4b364d15d8e9dfd6,2018-02-14,62.040000000000006,3,SP,3,electronics,0
9cc3a04136905d908a83caf612b0d7cb,2018-05-07,55.83,1,SP,1,computers_accessories,0
52b841d05323dfdaea310461719973cc,2018-02-08,57.0,1,SC,5,computers_accessories,0
64bc52bd8f68578e493086f2c148738d,2017-06-04,111.82000000000001,1,SP,1,computers_accessories,0
2ca73e2ff9e3a186ad1e1ffb9b1d9c10,2018-03-18,179.87,1,BA,1,electronics,0
371229efe5a72afbbe5fc026b4b8d3a3,2018-04-16,83.1,1,SP,1,computers_accessories,0
6890a2ccd47e0016c365c4e1a240cbfb,2018-01-31,80.97,1,SP,1,computers_accessories,0
de3cdd1c001e44ba7eeeb0d4813c9bad,2018-08-09,158.99,1,MG,1,computers_accessories,0
3859925b9b809beadf83a70aabfca3ce,2017-06-19,74.46,1,PR,1,computers_accessories,0
3e5415498bda7e14dbee2bbd9a038348,2018-01-22,30.439999999999998,1,BA,1,electronics,0
e412fc992ea2637ad4e76b34edd88a18,2018-07-05,84.85,1,RS,8,computers_accessories,0
e0ea5984952668059b3f3ef6a8554bb3,2018-05-21,43.22,1,GO,4,electronics,0
3899f9456e4750aaf09953b728d50fd1,2017-05-15,277.35,1,PE,1,computers_accessories,1
691b40963b9004f0e49ec2a003f19043,2017-12-21,56.69,1,BA,1,computers_accessories,0
69440e68212a53617dbaa0e9a1319946,2018-02-02,101.18,2,RS,1,computers_accessories,0
af04520840ea8696e133b88c7746459f,2018-05-31,28.18,1,RJ,2,electronics,0
edc36ee3af11ecb32d7a645157133b06,2017-06-12,46.0,1,RJ,1,computers_accessories,0
34e7cd696a9d01f8a95731b8d4508ef2,2018-02-20,237.05,1,RN,1,computers_accessories,1
b03d24bc2c3c00492bf0488341fac11d,2018-03-22,65.22,1,RS,1,computers_accessories,0
5fe46d14177744ae2180101ce19bb414,2016-10-07,41.18,1,RN,2,computers_accessories,0
6417f67a71244b412018b626fcb084ee,2018-08-10,77.09,1,CE,1,electronics,0
5e72e690a237d037ac0c7cec81dec909,2018-01-05,123.38,2,SP,1,computers_accessories,0
5b71dc5aa10d933a7c579eadd1da1894,2018-07-20,43.28,1,RS,1,computers_accessories,0
cea0364e8ea12a04f546c4dccc33d293,2017-05-25,28.0,1,SC,1,electronics,0
23923af7b4df1da5db096c921e728325,2017-09-09,26.85,1,SP,1,computers_accessories,0
6deb36cf66e9099e0a5896a34db6c7c2,2018-02-21,106.97,1,RJ,1,electronics,0
7e1aa5eb9a99e5ea0681a7dd4bf95e08,2017-08-18,54.75,1,SP,1,computers_accessories,0
9156ebc5786466511701db24f06c5daf,2018-02-02,407.48,1,RJ,4,electronics,1
ba42c755d2fd20af5e6ccc193942e46d,2018-02-02,33.75,1,SP,1,electronics,0
6342949969bcfd05fe93e0de9f27494a,2017-05-05,30.42,1,RJ,2,computers_accessories,0
75e6eea3103ed05319ebfb5947e94b02,2018-07-05,32.69,1,PE,1,electronics,0
481474f010c7ba31ed88a2af403c0926,2018-08-02,17.38,1,SP,1,computers_accessories,0
f8f0a2ea20c23215420ae3d9e7fa4f99,2018-08-23,52.57,1,SP,1,computers_accessories,0
7802207732bf2bf55f1994667489339b,2018-07-25,69.53999999999999,1,SP,1,electronics,0
e550243ca45f5dc1f8c1ee12ff4a267a,2018-01-16,199.44,1,RJ,2,computers_accessories,1
90a1136478f67bd64771c2005599a559,2018-08-03,173.67000000000002,1,GO,10,computers_accessories,0
55552985d5c5d0856ddc230a47932a72,2018-03-05,37.129999999999995,1,RJ,1,computers_accessories,0
041d39835d57e12ebcd5d992e2cc7360,2018-04-25,31.85,1,MA,1,electronics,0
ba69e27c7bb11e6baab20c526c39d80e,2017-10-13,46.0,1,RJ,1,computers_accessories,0
6f9bf4ab497406e0c55eb9eb7a3dcae6,2018-07-23,83.73,1,SP,1,computers_accessories,0
e8861a9f094841902cf93913969fbb7f,2017-09-04,100.34,1,PR,1,electronics,0
9b93d7e3492173e52be4e40470dd5d59,2018-04-16,216.72,1,PE,1,computers_accessories,1
fd5bd3708628df1f0104d49b995f87d7,2018-07-05,33.22,1,RJ,1,electronics,0
9d32bf50cf0540a7040a13f0ec2364a0,2018-07-12,56.099999999999994,1,ES,1,computers_accessories,0
b6a71e3e9b924e0f363dbe847949141c,2017-08-11,50.09,1,SC,1,computers_accessories,0
b79ef1793739eb56ce58d3776c158be1,2018-02-24,47.81,1,RS,1,computers_accessories,0
cb6ecdef708b4c17e5c71daeecc74ae6,2018-08-13,36.4,1,PR,1,electronics,0
b044b08867cd3b1d69a4b3c372321557,2018-06-03,37.230000000000004,1,MG,1,electronics,0
95820ac4fd93f004aa579562aa61bb55,2018-01-16,667.5600000000001,3,SP,10,computers_accessories,1
a319e5a7d941ce5f60830d792323b3d2,2018-05-16,22.38,1,SP,1,electronics,0
6beda2e83cae415b15cbe66e53e39f90,2018-06-25,149.63,1,PR,1,computers_accessories,0
eec7e98395df9643250ff81c7dd06443,2018-05-08,50.5,1,MG,1,computers_accessories,0
3689c2503baba1c0879d94cdbe6d6d60,2017-08-29,1250.81,1,SP,7,computers,1
4a44cc6468fbb1828cca8e10440a6ac9,2018-05-01,93.58000000000001,1,SP,1,computers_accessories,0
9cabafe13d423fbaa722617b69188084,2017-09-18,142.11,1,SP,1,computers_accessories,0
15ccd9465465614391948bdd2d3b4da0,2018-04-12,73.08,2,MG,1,electronics,0
d5696bd8ce0c14b8ab1265d38cc277c2,2017-04-25,236.75,1,SP,3,computers_accessories,1
cde78bb3c83fdc0c9a35e87b8d559cc4,2018-04-01,371.14,1,RJ,10,electronics,1
6c2df403c867a6aa913b387d92999d43,2018-03-05,163.08,1,SP,2,computers_accessories,0
699d148662aa317f3b1ff76239dd102c,2017-09-08,208.74,2,SC,10,computers_accessories,1
5e37bd369f48eb8220fb2d3460f74833,2017-05-24,46.0,1,DF,1,computers_accessories,0
f2371429f5b226299bc9410009b465b2,2018-04-30,33.230000000000004,1,MG,1,electronics,0
e3a45547c935293f9ab978bbfaaaf33c,2017-10-24,106.38,1,MG,3,computers_accessories,0
510ad2b778bb4dc4eed820d1c8d22d91,2017-11-29,67.28,1,SE,1,computers_accessories,0
7f3602b55293734bb17fca86a144c1f0,2017-12-03,109.92,1,PE,1,electronics,0
d34e3e2c2b9826a73514ed2fed39aed8,2017-10-04,53.0,1,ES,1,computers_accessories,0
a7947c0869dbc1d6a6efb0c567cb0099,2018-07-19,408.76,1,SP,5,computers_accessories,1
09dda1ced4a7c14c742c7f2678c36641,2017-08-12,145.24,1,BA,1,computers_accessories,0
993235f1d81f074819e841d5bf1d41b7,2018-04-05,82.33000000000001,1,SP,1,computers_accessories,0
6087c740ddca7b0c465bda072107a1a9,2018-08-19,19.89,1,SP,1,computers_accessories,0
e6f9e405ce45b165458e7f5e14398ee5,2017-04-23,65.63,1,RJ,1,electronics,0
8b7b9c6bbef1d12f004035806f43996a,2018-06-04,141.92000000000002,2,SC,1,computers_accessories,0
f59ee70148bbdacff5fc0b6d1205252e,2018-01-22,35.0,1,SP,1,electronics,0
9fe292254834c701a4b05deafecba7b8,2018-03-05,33.65,1,BA,1,electronics,0
f2ff6d86273f7dcc14a4ce28d03b3b12,2018-03-21,21.04,1,SP,1,electronics,0
ca3e242e59ebe1f51d7b8bcb568a38ba,2017-11-10,156.75,1,GO,2,computers_accessories,0
06b491ece3a9bd260341c1ad36870e8b,2017-06-01,31.689999999999998,1,RJ,1,electronics,0
2d28ab17a7a4eaa06618d69734143c37,2018-03-20,39.28,2,SP,1,electronics,0
ad9ef6cf7c94c870248962223a776a42,2018-02-19,90.55000000000001,1,SP,1,computers_accessories,0
218de7dde39167d2389f3cfd479228b1,2017-07-18,70.74,1,SC,1,computers_accessories,0
1e7daa50f3b5b4b0325e1467947249f1,2018-01-11,248.33,2,SP,2,computers_accessories,1
b208ce08b2c5eea655bee887eace0cfe,2017-03-04,100.89,1,SP,1,computers_accessories,0
b9112da66c99f7f73aed69802cb358f7,2017-02-20,55.95,1,RS,1,computers_accessories,0
dbb785a23b8cf4ea6c911ed7b6aacc54,2018-07-22,139.88,1,ES,2,computers_accessories,0
ab4362fccbf0de9194dc5b7c0ea13585,2018-07-13,133.17,1,SP,1,computers_accessories,0
de024dbeed2d5b118cd0c1bebd0945e5,2018-07-16,171.12,1,BA,2,computers_accessories,0
55edfc7697e8da852cfed4f2c93787b9,2018-05-13,87.32000000000001,1,SP,1,computers_accessories,0
f5f15b58af5d98ee482e59fa194a9112,2018-07-08,92.79,1,SP,2,computers_accessories,0
239ac2c07beceefddb4e1017b9aabeda,2018-02-26,166.71,1,SE,1,computers_accessories,0
c85289fdb95c9cf1cdd688af14513e33,2018-02-02,96.98,1,SP,1,computers_accessories,0
6cf30e050336c50f368c34da13c9e6a2,2017-05-28,126.02000000000001,1,PE,10,computers_accessories,0
f5c6b02fe83de0441786b7fd0f361870,2018-01-12,87.55000000000001,1,SP,1,computers_accessories,0
fbd4a1492a44a989b0e5a863581e5284,2018-03-21,54.35,1,ES,1,electronics,0
0297a2a062d136015afa9f5d9623818f,2018-01-28,25.5,1,SP,1,electronics,0
a97d547ad23f485c9fb7b0eade5f7f18,2018-02-24,110.77000000000001,1,DF,1,computers_accessories,0
1242aa8414485384e381bb984d896ebf,2018-02-26,194.12,1,MS,2,computers_accessories,1
3f81bec0a9a43000562b9aea4ba6c2af,2017-07-02,45.51,1,ES,2,computers_accessories,0
535f37a9d7b2631d608fded2c2991738,2018-04-06,1129.41,1,MG,1,computers_accessories,1
9acc2273b31b949190b1e828d326a926,2018-07-23,34.22,1,MG,1,computers_accessories,0
fd7d4eb658279656ec6fa1ff66620925,2018-06-22,20.29,1,SP,1,electronics,0
b6d796dfb465b5a87da9b088c718ce2f,2017-12-04,97.87,1,PA,1,computers_accessories,0
9e685885967d3152a558f94a355e3b6f,2018-01-10,142.21,1,SP,1,electronics,0
22450223e273df456844f57a97288177,2017-12-28,75.17,1,PB,1,computers_accessories,0
3515fac755456eb1f251c50808fb6b12,2018-02-18,55.0,1,RJ,1,computers_accessories,0
be92e1caeb7ca0fd9ec8a0db83c1c7cc,2017-10-09,132.85,1,RS,4,computers_accessories,0
1f70fc1e13f340ae54f6728d193a93c9,2018-05-10,72.05,1,SP,1,electronics,0
f36c9459416259961f2abc4fb50b67ac,2018-05-02,126.64,1,MG,1,computers_accessories,0
7d62309ce7160a95af5b22f91e039c75,2017-09-14,47.489999999999995,1,RJ,1,computers_accessories,0
17c059796a89b5b4c53113de933500c1,2017-03-18,124.18,1,PA,1,tablets_printing_image,0
e86b1b2dd48839d7351406434afb578d,2017-11-25,32.379999999999995,1,SP,1,electronics,0
ae2b8a343037817d18f1aa252696f08f,2017-10-12,57.5,1,SP,1,computers_accessories,0
421965457f0703d25ba727b4d31a1ad3,2018-02-25,44.0,1,SP,1,computers_accessories,0
35f4b9d2da608b31899564a51dbabd35,2017-12-26,144.47,1,GO,1,computers_accessories,0
6b8a03d40f75b75ec65ed5ba13d80f95,2017-10-24,1482.42,1,AP,4,computers,1
b142695409c8bbe4749969c0a697148e,2018-06-01,30.23,1,RJ,1,electronics,0
3e269d8ec37b0e8f74c0aaac57c8b059,2018-02-14,148.0,4,PR,5,electronics,0
b273023a4d0b9c3457f70b641bd1cf05,2018-03-27,31.99,1,SP,1,electronics,0
2a3d1cc4337b1cc9157560f6b1ca5802,2017-01-25,41.7,1,RS,4,computers_accessories,0
6ae2e8b8fac02522481d2a2f4ca4412c,2017-11-30,433.42999999999995,1,SP,24,computers_accessories,1
67df7d7a6bf05ffafc79fa2a771f9f6f,2017-09-26,114.44,1,RJ,2,tablets_printing_image,0
b9f4e13f3e9c4a4d2440822966a25866,2017-10-19,70.03999999999999,1,ES,1,electronics,0
86cd8ffe3eccc0207618a3187a294ea1,2017-08-13,44.0,1,MG,1,computers_accessories,0
7ae97f48d1e1624e8baae4a3faee4837,2018-05-26,312.74,2,RJ,2,computers_accessories,1
5154e5ccfca219d687ea397ab3b64f34,2017-10-24,38.72,1,SP,1,electronics,0
4b5648d8399ea47a4c323499045aaefc,2018-01-24,32.379999999999995,1,PR,1,electronics,0
8a1a4c9d81475d4f07d558d04598e00c,2018-05-09,163.24,1,SP,2,computers_accessories,0
41b0c346ca595e5a94067d231e4106af,2018-04-14,41.959999999999994,1,RJ,1,electronics,0
fa363ceded15b46744459dd87ba1e281,2018-08-09,492.25,1,SP,3,computers_accessories,1
3db26f82a9173b4f87df15e4b6028954,2018-06-05,630.4399999999999,1,PI,1,computers_accessories,1
befa6a368509da9057c98129af8321d1,2018-03-31,192.74,1,SP,1,computers_accessories,1
e3a6058779988efb31c8de43676a8783,2018-03-06,20.0,1,SP,1,electronics,0
c6948180eccebcf3de3c415cf66c4d31,2017-05-31,85.92,1,SC,3,computers_accessories,0
3bea0e06ec73730c80ae149e9ed771dc,2017-06-15,84.02,1,MG,4,computers_accessories,0
2f48ebdc1794aeb862ea825214ef13b4,2017-05-09,75.12,1,ES,2,electronics,0
6be21280d401645f55cf3310fbffdd35,2017-11-25,173.84,1,MG,10,computers_accessories,0
206fb6b6ca61077c62e2c6bc2f649a9b,2018-01-29,204.97,1,PB,1,computers_accessories,1
7c1afefc4a95869d89d57c14e8fb7cc5,2017-11-27,251.88,1,SP,1,computers_accessories,1
0f1fbabf04ee04bc44fb07f93fc478c6,2018-02-08,117.45,1,CE,1,computers_accessories,0
ee8c69ed1b1fe27af62030f079d647c2,2018-01-24,40.68,1,SP,4,electronics,0
46c719474f16c03e64e590fa4d1a2ff7,2018-08-15,219.43,1,MG,1,computers_accessories,1
bc5f75667672b3ffd7dd4daea8c408ce,2017-12-06,203.78,1,SP,4,computers_accessories,1
dcb51f5ff38464ec48e4782c034846c9,2018-05-30,31.659999999999997,1,BA,1,electronics,0
9338cdc6a850352e94da65a2e9fcdd4d,2018-03-14,28.59,1,SP,1,electronics,0
2b7c0e3fb7de6dc7f388783e33800777,2017-05-30,167.81,1,AL,1,computers_accessories,0
f8dacbc95a26cd286e7a5e9bf3dd0813,2018-03-07,47.129999999999995,1,SP,2,computers_accessories,0
39a5aa023bab31f72d48a166a3f5e5b4,2017-05-28,55.69,1,SP,5,computers_accessories,0
76978d31d8e911d947c1c80c193e116d,2018-05-03,76.87,1,CE,1,computers_accessories,0
86ba74562effd10bf32402978095963c,2017-09-13,76.02,2,MG,5,computers_accessories,0
a731c3a7a6915d1e0a711b745f73bc49,2018-04-06,1228.03,2,SC,2,electronics,1
88ec527e87c2fbf8327c97669112d15f,2017-03-18,216.51,1,SP,3,computers_accessories,1
3e94e8193697342790ce0f1f8876fdc7,2018-01-13,41.69,1,SP,1,computers_accessories,0
d55153efda4898b9459824bbf0a0cceb,2018-01-13,102.66000000000001,1,PR,1,computers_accessories,0
660076a2409adb8d95d868172c055e4d,2017-06-13,64.1,1,RJ,2,electronics,0
457714bcb907cac0b11252276a09f406,2017-09-05,36.01,1,RS,1,computers_accessories,0
f1abca034cc2b7c0f679e551dc63f6bd,2018-06-20,92.34,1,SP,1,computers_accessories,0
c3cc6a266e4c55bcf3f8d72556617cf8,2017-11-04,166.68,1,SP,1,computers_accessories,0
477140a02351a2a01918ec67d2d68ac2,2017-04-08,52.68,1,SC,1,computers_accessories,0
42d79478d8d834670fe17dfe07f5b581,2018-06-28,112.46000000000001,1,RJ,1,computers_accessories,0
5f15f0c533a12e29594c41ac50ce1379,2018-06-05,453.92,1,MA,2,computers_accessories,1
3865b07872da3d5435a63e1a895cf82d,2017-11-15,170.0,2,SP,7,computers_accessories,0
e2f80e58aa7bb597859b1b01b6bc366d,2018-03-04,47.05,1,PB,1,electronics,0
23936c5f77c03f7cbd20d185732c60d9,2018-08-01,63.89,1,SP,4,computers_accessories,0
7fdc2d3ef3675840269e08e7cfda9a91,2018-05-12,31.95,1,RJ,1,electronics,0
1764739dbac867a8d361a7694d05f69a,2018-03-23,77.28999999999999,1,MG,1,computers_accessories,0
87262af9bce24d739bddfbe6b1a4bde3,2017-11-29,59.1,1,RS,1,electronics,0
ac6a5b80624dd534ee1e0ff1e7f1486f,2018-04-29,68.35,1,MG,1,computers_accessories,0
79e6c42fdba43c9005ec3407a878e1b5,2018-02-22,189.37,1,RJ,2,computers_accessories,1
70398b900647b9a57f8ff2886f0cc942,2018-01-25,104.86999999999999,1,MG,1,computers_accessories,0
2e9218017514abac32bb20f975e15ecd,2017-05-24,107.81,1,RJ,1,computers_accessories,0
1f581d9e91f4d965a817a69d1bc25f74,2018-06-15,32.37,1,SP,1,electronics,0
ccdaeca68b811a6b26f8b666df809c43,2017-02-24,90.85000000000001,1,PA,3,computers_accessories,0
c49ca2cf4b3efb3181fee5b28388b4a1,2017-11-28,54.09,1,SP,1,computers_accessories,0
5bc4e94aef2841f392fb6fe7ceef69b6,2018-05-10,54.03,1,PE,5,computers_accessories,0
593732bc7133b31a809050a3df77f34c,2017-07-10,57.28,1,RO,1,electronics,0
4c1beae7711b189eeb2b75d2e689a9c8,2018-06-14,195.10000000000002,2,SC,1,computers_accessories,1
ddbd05e605996c42f8752c69e235f519,2017-11-23,57.82,1,BA,5,computers_accessories,0
0bcaff63441802dfa8dd292f453c3635,2017-06-02,168.17000000000002,1,SP,4,computers_accessories,0
e9be35cf7ca8ab06ac0fe5cd85ffc0a9,2018-02-01,28.0,1,MG,1,electronics,0
b351c5d27be59a2dd430f7e536e5d09c,2018-07-02,97.55000000000001,1,SP,1,computers_accessories,0
f3fe458f9ea7468f40f3c535818a7e80,2018-06-06,122.21000000000001,1,PR,10,electronics,0
84aef74d31968ce8f92e602a660727ff,2017-09-13,116.46000000000001,1,PR,1,electronics,0
88bb95821dcba653c3b6777abfc3565d,2017-05-08,43.0,1,SP,2,computers_accessories,0
109e7f07a4c739fb54edf836bb9ef576,2018-07-19,219.15,1,MA,2,computers_accessories,1
513de686406165c7b540f55a32203946,2017-08-01,266.49,1,SP,1,computers_accessories,1
f8b487bb6e67375c11888e7d1c2a90ab,2017-06-28,46.0,1,SP,1,computers_accessories,0
dc83ed7ce1de08f74d849b222fe7b6ec,2018-08-18,203.82,1,SP,1,computers_accessories,1
8be031b84394ed99ee85be1985019058,2018-05-04,21.939999999999998,1,SP,1,electronics,0
743358c2870aaee3175044cd2552410e,2017-04-19,193.39000000000001,1,ES,2,computers_accessories,1
4eefdd4c3ea96c1f7ac1bac3a9485072,2018-01-25,395.44,2,MG,5,computers_accessories,1
c8023e0c57ff641ff4ddedebd343128b,2018-05-16,163.24,1,DF,2,computers_accessories,0
2a70ce8b5ade3f0195fee5b3afc3bf71,2017-11-11,155.73,1,RJ,1,computers_accessories,0
c0c1604ce9151fcb3b655d3bb0caf670,2018-07-13,165.4,1,AL,1,computers_accessories,0
2721cdbb603d7ab34553d2e44a6f9ae0,2017-07-16,104.37,1,MG,1,computers_accessories,0
d7299ed1ce267fef299fca83511a0e17,2018-03-07,34.03,1,CE,1,electronics,0
cd71899a778ba1fda975b9ea5fcd214f,2018-02-20,68.12,1,SP,1,computers_accessories,0
4d018030375b4b3ff3510d0c869c7b9e,2018-06-27,86.85,1,PR,1,computers_accessories,0
a3df9ee0e0290b6eb2d3abb966d5346f,2017-10-23,138.16,1,SP,4,computers_accessories,0
95428aa94edaeeb8edc0609da66852ec,2017-11-17,115.35000000000001,1,SP,1,computers_accessories,0
4953cbca0dc4ee03b38a9b279af7bff8,2018-04-27,21.04,1,SP,1,electronics,0
12f12b0c970ed338e7a4cf857fd1eb33,2018-01-19,27.77,1,SP,1,computers_accessories,0
cf66a791440b22e6e21c4c339d07c001,2018-02-19,28.75,1,MS,1,electronics,0
4a9926db4f145a7facd1709ecf22bb25,2018-02-08,189.37,1,SP,10,computers_accessories,1
b7d6f9e405deaa6ff82ab9d96608482f,2017-04-28,251.28,1,MG,7,electronics,1
d4bf9a6552dbfc7f1b2f6abbb1028b99,2018-01-05,22.77,1,SP,1,computers_accessories,0
ddb831adbe504c02601f03328420af4d,2018-03-22,192.8,1,BA,3,electronics,1
e918a18483ed36b716b6fbc8cf570e83,2018-07-17,52.51,1,MG,1,computers_accessories,0
1db131c48c4d22127882402aede3f5e3,2017-12-27,36.69,1,MG,1,electronics,0
0d103d6504de00ed0c99969517a9ad52,2018-01-25,251.44,1,RJ,1,electronics,1
fce6ebf0ce28cde1c71f1f4160c8e4b5,2018-02-25,71.88,1,CE,1,computers_accessories,0
381cb353cd30a73a5e49e5f42e583c43,2018-08-06,75.17,1,SP,1,computers_accessories,0
d43872a5beeeefe86421f622da91fb38,2017-11-25,126.57,1,PR,12,computers_accessories,0
61e0716d18d338f3eba2c3071e982f18,2018-07-24,40.25,1,PR,1,electronics,0
b87629f535e915b6f1e1853f764750c5,2017-05-16,47.269999999999996,1,SP,2,electronics,0
037578a0b32fa190a1fe9f1de5fd3f30,2018-04-18,42.05,1,BA,2,computers_accessories,0
7b8587ddf04c07065740340e4753a9b4,2018-06-08,205.14,1,SP,2,computers_accessories,1
c0e656a46d86c1957d0784b00f9a7241,2017-08-21,335.18,2,SP,1,computers_accessories,1
55d76e2bc7b3498fe523bbde2656fbb5,2017-03-28,42.42,1,SP,1,computers_accessories,0
127f9a529b28fc93cac5f4084c3e51cd,2018-02-25,634.4499999999999,1,SP,1,computers_accessories,1
46221a9cc394119ee2251ed0351173d9,2018-02-01,27.75,1,RJ,1,electronics,0
ea3a35b74d6cd2751271c60d423563f1,2017-03-18,574.0,2,PR,6,electronics,1
5bdc8e61065c6a340cb4a89376bdac89,2017-11-20,307.38,1,BA,2,computers_accessories,1
1295db8c216f7ff7a2c02a66b4cb5d5e,2018-03-12,443.85,1,PI,6,computers_accessories,1
f6934b4bd0acebc64b144b12066942c5,2018-01-16,299.85,3,RJ,1,electronics,1
4213bf7933d48cf3705fd44b4e4c8ce3,2018-02-25,174.57,1,RJ,1,electronics,0
657034554884ec6fdf6ed37c8c6788ff,2017-09-06,91.99000000000001,1,RS,1,computers_accessories,0
a2965e40614fbfc509118f7dfa1ce6e9,2018-03-12,52.6,1,MA,1,electronics,0
ee0eea7eab4735c851dddf163cf434cc,2018-03-19,97.77,1,SP,9,computers_accessories,0
809dad9e18c5d8bd147500631595760f,2018-01-31,102.66000000000001,1,SP,1,computers_accessories,0
c8f631b81829af9fd4cddced8a695dac,2017-07-24,24.17,1,SP,2,computers_accessories,0
acd8818cd21fdfa62f891ceb60326435,2017-12-09,393.14,1,SP,10,electronics,1
7ee12a5da83559e76f5f2575a2ec1696,2017-04-05,76.12,1,RS,7,electronics,0
4d3e60db45d11fb272ff7586b54b3f73,2018-02-07,37.0,1,MG,1,electronics,0
82387464df585a62e081b551cf2992bc,2018-05-03,77.39,1,SP,1,computers_accessories,0
4f484a232ce76de5a28249a74faceffc,2018-07-24,30.060000000000002,1,MG,1,computers_accessories,0
e466676123a176fc1f9d09856565cb41,2018-04-10,87.54,1,SP,1,computers_accessories,0
ee482a8248d67e42aa1105d14a941a47,2018-04-23,150.52,1,PA,2,computers_accessories,0
a8a2f97bc403ceb2bc6c142b4b4add3e,2018-07-03,38.14,1,SP,1,computers_accessories,0
59b8ec350171c9fe4e4048ce80351ebe,2018-04-24,138.74,1,PR,1,computers_accessories,0
b858cf2a7c0c817f564a25b0d351ef30,2018-02-18,41.839999999999996,1,SP,1,electronics,0
9c77f370544954701cf2847a3732cb84,2017-12-12,35.69,1,MG,1,electronics,0
a8aa4724dee04db3a0440eed8cb33911,2018-03-27,40.959999999999994,1,RJ,1,electronics,0
bbbc7b0788315eba0f24a27be06e0538,2017-11-24,33.839999999999996,1,RJ,1,computers_accessories,0
d94353ea4014f1fc7b6eaadcc9c90fe7,2018-01-30,40.99,1,GO,1,computers_accessories,0
63449a498d346d5f1ed1fe90b03cca88,2018-05-23,113.32,1,SP,1,computers_accessories,0
5aae98560d0aff8d326d8f5767979e22,2018-07-05,142.87,1,RS,1,computers_accessories,0
cfbc5b076b3dfaa511da98f51aa5562e,2017-08-17,168.46,1,PI,8,computers_accessories,0
bb01789fc0271409b394c7b283e9dd29,2018-08-07,197.85,1,SC,6,electronics,1
668ae620ba2e85139d3707ad58062d4d,2018-03-13,42.69,1,SP,4,electronics,0
550ab3611f668c6d97e8d17e4ae901e2,2017-10-17,84.0,1,SP,1,computers_accessories,0
d6fe866c25e509c883dbd97e14075a9d,2017-07-16,387.66999999999996,1,BA,10,electronics,1
5371c621f3943c45deabe534a8fd61eb,2017-05-12,223.7,1,SP,1,computers_accessories,1
6fcafc7a7cd30fd93d2e40a26a81d5d5,2017-10-03,54.17,1,SP,1,computers_accessories,0
08a5453387460507541a8dc95bd67856,2017-12-11,286.15,1,MG,1,computers_accessories,1
4b71e4e408d1d7ba09ce9de51e198215,2017-07-11,48.69,1,PR,4,computers_accessories,0
902ba37d10a1e1d02607e52ff3875b91,2018-01-24,114.45,1,SC,1,computers_accessories,0
6ab838d74d628b6f618844ef50200969,2017-11-26,144.75,1,MG,1,computers_accessories,0
774f5065182baf2e88e084e3f5eacf56,2017-07-21,89.38,2,BA,1,computers_accessories,0
573c6238eeff0fc6caaed8b752bbebf4,2017-11-19,37.0,1,ES,1,electronics,0
8826b56d45c25577190e5c91fdca2a61,2017-11-01,57.75,1,SP,1,computers_accessories,0
d2c4b43f2986e614c4f281927c47d228,2018-05-20,71.56,2,SP,1,electronics,0
86ddb141a4b75a77c2ed5893b02ee1f1,2018-03-22,58.7,1,SP,1,computers_accessories,0
43d3bde64fc6f4f2f504d808d3be576c,2017-04-28,69.84,1,CE,1,computers_accessories,0
47ccd65ae7dab553c7a8c779fe2cdea5,2018-02-01,187.53,1,MG,1,computers_accessories,0
58e8270bb23a598a7a351d4fc3a211a4,2017-08-27,221.67000000000002,1,RJ,2,computers_accessories,1
a46944cf9b2c78431a4619ef5f308ab8,2017-07-05,92.25,3,SP,5,computers_accessories,0
a97c9b194a026ac3e75726c485f6e8ea,2017-12-15,213.3,1,SP,6,electronics,1
52cf0431b5bb17dae2f92c5af5595364,2018-05-16,161.89000000000001,1,SP,5,electronics,0
02737086e020bd456ae19e98fee5c186,2018-01-17,271.27,1,SP,3,computers_accessories,1
deefddf2c3d015db84f7769915719aae,2018-01-30,69.61,1,SP,1,electronics,0
80b2fb2d49f96b2a3ee411ede91361e2,2018-03-27,75.55,1,PR,1,computers_accessories,0
1a49eefb9e76ce92c81ef0dde4a431ff,2018-03-19,146.68,1,RJ,3,computers_accessories,0
153a0c506e50c26d2279e2ba4187f892,2018-01-01,110.69,2,SP,6,computers_accessories,0
37106a52065add00bf3e59408c290323,2017-11-23,150.26999999999998,3,PR,1,computers_accessories,0
68799c633625dc15caa0419e5a64195b,2018-06-11,29.31,1,SP,1,electronics,0
07f56da421233e467768e579872a0a9b,2018-06-25,39.28,2,SP,1,electronics,0
ee81bf903abef1ac470e75d14fd15165,2018-04-11,101.74,1,SP,1,computers_accessories,0
f68394e0df67be098e9ed2a84109e7d7,2018-02-09,169.49,1,MA,1,computers_accessories,0
38ae2c787170fca619140d46981c5158,2018-04-06,84.18,1,PR,1,computers_accessories,0
9c3225a3efe9fb83ea06492acb99d42c,2018-08-07,75.17,1,SP,1,computers_accessories,0
08e678b21510aad65dccc928f6599921,2018-06-26,171.22,1,RJ,1,computers_accessories,0
d3a0d186a5e203acfa13cd9a541073d5,2017-11-06,114.45,1,DF,1,computers_accessories,0
345f32d6e7e8e03b359eb5b3d38da376,2018-03-29,96.81,1,SP,4,computers_accessories,0
7a275273bce174382bf22826d9150592,2018-06-25,77.22,1,SP,1,computers_accessories,0
08d61eb463e165c095e7de595a773d90,2018-03-05,164.07,1,SP,2,computers_accessories,0
d93b84ebf9409dbec57fb2ac291d9b67,2018-02-18,117.04,1,RJ,1,computers_accessories,0
4aedcb4bba7bd4df97054bc2c6de7aed,2018-05-17,591.54,1,RS,8,computers_accessories,1
24aea160f874edad134adddf76c2ba26,2018-02-15,31.71,1,SP,1,computers_accessories,0
1f80f090b1ce8bf6ca20871df5391523,2018-06-21,20.29,1,SP,1,electronics,0
961f2f24951560987b91c89816b10cae,2018-02-26,132.1,2,AL,1,computers_accessories,0
7f9e3a613e4d2212870577798bc8965a,2018-04-02,337.62,3,RS,4,computers_accessories,1
8cbc1df0d0a62f36bd6de6496435e51c,2018-04-30,175.08,1,SP,2,computers_accessories,0
bb99de3ac419763812be82d454b8350e,2018-07-26,83.44,1,MG,1,computers_accessories,0
f6dc214828640155295589cf7c2ed4e8,2018-03-29,41.959999999999994,1,RJ,1,electronics,0
918e041f64288443edad8152f66ea031,2018-05-17,163.24,1,SP,2,computers_accessories,0
f24616037f41893b85ebeff4018c6933,2018-06-22,58.06,1,ES,1,electronics,0
a5a76b3c38acb63a4d867b5f3f59f941,2017-10-19,40.989999999999995,1,MG,1,computers_accessories,0
a8b34e4d3af0e20aff71bb5392bf8953,2017-08-31,279.7,1,SP,4,computers_accessories,1
a0c4e650ec3c9611c78fbaab9cf405a4,2017-04-18,494.42,2,MG,1,computers_accessories,1
92191a18c93398f89e65a47109c724ab,2018-04-03,152.51,1,SC,1,computers_accessories,0
fb48c152551174a69444383a2a7dce73,2018-05-10,114.15,1,RS,1,electronics,0
8736bdf66d2a95b749c3fb6c3108f819,2017-05-21,33.25,1,SC,1,computers_accessories,0
89be631fd4bcaeb41bbc2f969b37aecf,2018-01-02,1475.08,2,AP,5,computers_accessories,1
d9d8dc6068a3a115e15bc276d53afc8e,2018-07-22,46.03,1,PR,1,computers_accessories,0
9e0d565b6426f0ec14ee6e1be3047f8d,2018-08-09,64.86,2,SP,1,computers_accessories,0
17b8e90e60f4d19615b77562e40de425,2018-07-30,155.07,1,RJ,2,computers_accessories,0
54cf02ae7c090640834d4f9d190f3b9d,2018-03-20,103.36,1,RJ,1,computers_accessories,0
e36a4fbf27caa37b5430a40dfef1c8a2,2017-09-05,174.36,1,MG,1,electronics,0
d9b83939c87f115af94149c7cfb516c4,2017-09-19,1055.86,1,RJ,4,computers_accessories,1
25565bbcafc22cee9f5789413e9a6ac9,2017-11-08,42.53,1,DF,1,electronics,0
649fa665ec97c1e0c786685fc3db9ba0,2017-05-09,837.84,4,PR,1,computers_accessories,1
26ee148fb7de61a887e22108db88f609,2017-08-04,206.69,1,SP,1,computers_accessories,1
d507676f180057d8346291ab234c201a,2018-05-15,31.39,1,SP,1,electronics,0
5e8c4235c5941812c1831d835ae020fd,2018-04-07,148.69,1,RS,1,computers_accessories,0
3a3239fa60ea2f77a53990f66c3f1a45,2018-03-02,186.44,2,RJ,2,computers_accessories,0
259f388570f65b0d8c575f826cbdedf6,2018-07-20,31.79,1,SP,1,computers_accessories,0
ee2bcc3fca40f8992903209e91a6e19d,2018-03-10,330.13,1,RJ,3,computers_accessories,1
688e3682bd719f71232cc322252fb045,2018-02-27,107.95,1,SP,1,computers_accessories,0
cbc22d4690ec52283dd156e6f30ba818,2018-04-18,95.34,1,MG,1,computers_accessories,0
8f7f9e270f90486a44484ad392317a7c,2017-11-29,284.13,1,SP,1,electronics,1
aed8573ac2c1e7bdccb04472bbeaec39,2018-03-27,129.12,4,SP,2,computers_accessories,0
99eeb78bee8fbf18b50b7bf7c861548d,2018-02-15,32.42,1,SP,1,electronics,0
1a8fc490b877717c9f69454713bd778c,2018-07-28,27.39,1,SP,2,computers_accessories,0
81251f18621a822ad5b09593dfee4fc9,2017-01-21,22.46,1,SP,2,electronics,0
de33a2445c0420d1e174add3c1e5f10d,2018-03-23,71.85,1,SP,2,computers_accessories,0
c40611b989a9c073bcf8cee7d16e2473,2018-08-16,31.32,1,MG,1,electronics,0
1f2da380054dd73bcc225a43d6a31e7e,2018-02-12,189.37,1,SP,2,computers_accessories,1
2a713182dbde7d2e65a7202532650f44,2018-04-03,64.74,2,SP,1,electronics,0
c26761f0a70b2b7e0bb437aef502ffc1,2017-12-21,29.09,1,MG,1,computers_accessories,0
eb72ac18675db60b2a155952fb89e3d9,2017-11-30,149.73,1,SP,2,computers_accessories,0
a0c2d39f96821598c6189528ce768919,2017-10-20,54.78,1,MT,1,electronics,0
62d9ca533d6de05e39164160d128e37c,2018-02-07,115.81,1,DF,1,computers_accessories,0
9f699ce7bafc4a8b7bfbaf5308eda3f5,2018-04-17,296.72999999999996,1,MG,2,computers_accessories,1
a231611f82f7625fba490466e2606aa5,2017-05-28,255.42000000000002,1,SP,1,electronics,1
fccbac503695b663355702609c925bdc,2018-06-19,251.23,1,SP,3,computers_accessories,1
50a635228cdece6885554281ca470d78,2018-02-26,160.17,1,SP,3,computers_accessories,0
edfb49082a74314dd99b846ccd67b2a3,2018-06-28,53.519999999999996,1,PR,1,computers_accessories,0
028aa7c930356788f861ed1b7f984819,2018-01-13,57.53,1,RJ,6,computers_accessories,0
003f201cdd39cdd59b6447cff2195456,2018-02-21,204.06,2,RJ,2,computers_accessories,1
32bb58472bb3798f5d511d52fc159d98,2018-01-14,72.71000000000001,1,SP,1,electronics,0
b345e37f5de8f210e6d79ea80167cb17,2018-04-08,66.25,1,GO,1,computers_accessories,0
852fab0ef8986c549194d5959498f160,2018-07-08,22.6,1,DF,1,electronics,0
7be37c87f70b8071b527c3c767a9bc4b,2018-01-28,100.53999999999999,1,SP,6,computers_accessories,0
4a185cdda75ec3cc9261553a59e7cfc7,2018-03-13,175.08,1,PA,2,computers_accessories,0
73f38e238737fb52c78ba2002c2e9213,2018-04-27,43.94,1,CE,4,computers_accessories,0
8df1ba8711787d5cfe3b90f535d04dc4,2017-10-30,1479.51,1,MA,8,computers,1
d748300bae0831aec703a878ee43a401,2017-07-17,170.44,1,SP,1,computers_accessories,0
6ba0e32fd89cab6e014baa58ddb82a6b,2017-06-01,110.74,2,SP,1,electronics,0
d47de9b5f1b4feb44d50ca860da9cce3,2018-02-17,161.85999999999999,1,MG,1,computers_accessories,0
592791e8c354caec0617c0ac1a9fd2e8,2017-12-20,24.7,1,DF,1,electronics,0
c8009cf2dffdf428005fdd35c687b2c1,2018-05-16,139.51999999999998,1,PE,1,electronics,0
e2e33b37d96ba30f106c15dd7f77c8bb,2018-02-18,95.31,1,SC,1,electronics,0
a024eebe8239a5249b7b0cc30eb94c6e,2017-11-21,51.57,1,MA,1,electronics,0
1f90220e4ad97915593771b65c25ee3c,2017-07-01,180.3,1,RJ,1,computers_accessories,0
104cba315a10ebccef0e851792083040,2017-03-25,99.67,1,RJ,3,electronics,0
c72b9a169668381c6a1d12462a2e05e3,2017-04-23,282.27,1,SP,4,computers_accessories,1
8799eebb5f3c13b04f324db2ad883d1d,2018-01-25,46.0,1,RJ,1,computers_accessories,0
9d56875afa926ef0d9263eb003dba6e0,2018-05-16,249.08,1,SP,8,computers_accessories,1
90f4238d4a0d8f6371e4fbb18af5df64,2017-05-03,40.86,1,SP,4,computers_accessories,0
453c6f368bd52d7a2c03f6cc81ccf9d8,2017-11-04,47.84,1,SP,1,electronics,0
33a3567a036169435a622361c5d3b79e,2018-08-24,89.62,1,SP,1,computers_accessories,0
ce14d0bfa18669c84f4f4f4f97cdb917,2017-07-07,81.21000000000001,1,RJ,2,electronics,0
c33b68bf731561417deac5156e97409b,2018-05-08,43.37,1,SP,1,electronics,0
814ea040061a40f0e1c8e5decbc2f507,2018-01-24,200.82,2,SP,2,computers_accessories,1
e5f48c85f53cb4d3f36b6cca32673337,2018-02-17,42.0,1,RJ,3,computers_accessories,0
d5de010b46ae0907273f83e91822a024,2018-04-03,41.959999999999994,1,RJ,1,electronics,0
f016f70bce12ff9eb5a876d2e191145c,2018-01-03,35.69,1,MG,1,electronics,0
6f9c77bec121542d4ebb3b5b536cec1e,2017-08-16,42.77,1,SP,1,computers_accessories,0
c671c0f8b33c619e3e77d7ccd3b934e0,2018-02-11,34.089999999999996,1,SC,1,computers_accessories,0
3c74e538974fb013e938fbdd7d83675c,2018-08-04,75.17,1,SP,1,computers_accessories,0
ec3883b4ed5e5fc1913ad14630cfd4e9,2017-09-11,150.34,2,RS,2,computers_accessories,0
5f66067164a5ca7adf49a87bfe4cccc1,2018-07-31,754.16,1,PE,5,computers,1
dd243f2ee1552c0153cca5488479d421,2018-04-18,126.64,1,MG,1,computers_accessories,0
ae035e1469cb0bf0ca6cd2a459277b9b,2017-12-29,238.01,1,SP,5,computers_accessories,1
a8843eefca185666dee09101b9507b49,2018-04-18,95.34,1,ES,1,computers_accessories,0
04c5574dca3570ecdde1cf8527993017,2018-03-22,77.78,1,SP,4,computers_accessories,0
3653ba2a669b704adc9d572f511941d9,2018-01-21,39.28,1,PE,1,electronics,0
8d6f70397db05604f0f4ccca7e376f12,2018-08-09,13.89,1,SP,1,computers_accessories,0
a811f33c743a891f34de752bba733292,2017-03-10,193.39000000000001,1,RJ,4,computers_accessories,1
40ccb6520c6922d1712766b66922e72d,2018-04-06,21.04,1,SP,1,electronics,0
095d64baca2fe257a3dfe98da12f0460,2018-05-03,61.06,1,BA,1,computers_accessories,0
05c30545ba4331e04ae0de1523bb41f4,2017-09-04,44.41,1,RJ,4,computers_accessories,0
eb2e70f9dff6ed61b9b0e5a02001d973,2018-05-15,109.6,1,MG,1,computers_accessories,0
cc779b75630b5b63955c7167fcadee93,2017-08-28,64.59,1,BA,1,computers_accessories,0
527a4abbfe2ffe1727341dfdf63ae447,2018-01-03,50.84,1,SP,1,electronics,0
29ae0692b28230c48573dd73920619c2,2018-02-06,354.98,2,RJ,1,computers_accessories,1
2950c71359ad6e41415903d763381882,2017-09-10,183.92999999999998,1,RJ,18,computers_accessories,0
f2d78e5d17d66ca25ccafaec01ccdff9,2018-05-07,126.64,1,MG,1,computers_accessories,0
a92733241b636a8ffddd05c56714d32d,2017-11-22,66.05,1,MA,6,computers_accessories,0
9039bf11d9ef8467d23a4cfbc162653e,2017-10-25,85.38,2,RJ,1,electronics,0
f93757ef61c71d0a9e052b7cc8d32fb4,2018-04-18,56.29,1,SP,1,computers_accessories,0
37c8cbbb816470ceb8a3026653cf3d3c,2018-03-01,69.52,1,TO,1,computers_accessories,0
242580697feaa388d1043faa3755cdfd,2017-11-08,1069.41,1,ES,10,computers_accessories,1
3c4e225b9b32cc19fcefee42082df53f,2017-10-26,75.03999999999999,1,SP,5,computers_accessories,0
89b9dca459730f82d38425daf378b9e0,2018-02-16,19.330000000000002,1,SP,1,electronics,0
874c1e6189681d0a986279d2055bdceb,2017-08-09,46.0,1,SP,3,computers_accessories,0
3b2869c5b6a037cf731d70ac76d0fea7,2017-08-15,61.800000000000004,1,SP,1,computers_accessories,0
3c69e47086d4cbe99a417c2d45a7aca5,2018-05-20,20.29,1,SP,1,electronics,0
c264a164325d23f657477ec6c1f0907a,2018-07-15,583.15,1,RS,2,electronics,1
58b67b63bcec8f5f157c17d15b724b89,2018-08-15,219.43,1,MG,3,computers_accessories,1
6b13656ef58757ab087064a5a263441d,2017-05-18,350.59,1,SP,1,computers_accessories,1
9275f351bb1115ae52dd93a883607ce8,2017-08-01,127.6,1,SP,6,computers_accessories,0
72d92e444e5ae71da33e1ca59fb9f8a8,2018-01-13,19.330000000000002,1,SP,1,electronics,0
d59d667327f6340bdea79e39c63893ad,2018-01-30,39.239999999999995,1,SP,2,computers_accessories,0
9a29bfd9264ed56f941e188f6b97bb97,2017-11-14,315.72999999999996,1,PR,1,computers_accessories,1
3ee6694bb99d5a6db0deceffcd099597,2017-07-07,54.92,2,SP,5,computers_accessories,0
1756895428025c2821aed95304b24fab,2018-01-22,176.87,1,RS,1,computers_accessories,0
45a96807a564f55507a8af6eaf3eb602,2018-04-02,200.35,1,PR,10,computers_accessories,1
35147acb423f303e15d12cfa60292799,2018-04-18,37.129999999999995,1,SC,1,electronics,0
3ad2e13d56e3d1d5078077f694885efd,2018-02-02,209.35999999999999,2,SC,2,computers_accessories,1
1dae4ac9e374d9eba3736f7f8616266b,2017-11-28,112.61000000000001,1,SP,2,computers_accessories,0
3619a458c860886f0ec0a5b79ee5ad41,2018-03-01,245.84,2,RJ,1,computers_accessories,1
6ae192daf1b6e9b99225e7300b79df48,2017-09-02,1338.51,1,SP,4,computers,1
5737604cef8903a35b0b21ee477cfa22,2018-03-20,40.959999999999994,1,BA,1,electronics,0
657db8ff40cea3fd850bed1681373336,2017-07-02,99.94,1,SP,3,computers_accessories,0
1c5ab74a30a7b379ed18bd97d700d84a,2017-05-20,57.53,1,RS,5,computers_accessories,0
7287b2de6dc6c20b794e9a068815314b,2018-04-13,194.31,2,SP,2,computers_accessories,1
bff370f6b528410596f33e9bb8ccae83,2018-07-25,22.38,1,SP,1,electronics,0
b47472bf878a04af4bfa74c9b5c0f07c,2018-02-23,169.22,1,SP,1,computers_accessories,0
30c4f4b428ca348c766ab59fbb03cf79,2017-10-31,44.1,1,RJ,1,electronics,0
0f18a0163ab21f411df244c076fde7ce,2018-03-23,57.38,1,SP,5,computers_accessories,0
0f04257628f269da8bcc26b6839d66f5,2018-08-02,190.69,1,CE,1,computers_accessories,1
1e0b82a0da7f09ea9ba1b82dfaf4fa23,2018-04-19,876.98,1,SP,15,computers,1
67a59d439611f207e8a3283540cda71b,2017-05-23,159.42000000000002,1,RJ,7,computers_accessories,0
d915ad63f37385cc799d0b5363de302a,2018-02-06,173.27,1,DF,2,computers_accessories,0
f30b5e94b68ee195b6ec2d817e5bef0c,2018-06-20,162.68,1,MT,1,computers_accessories,0
c33c0a34aa2beb75f41a04d1b3905d92,2018-05-12,190.75,1,SE,2,computers_accessories,1
336b91e412a5efd643eadc7e393192c1,2018-03-06,154.55,1,MG,2,computers_accessories,0
2a528a8e3b4bcf1428e674b085ea5f65,2017-11-07,43.58,1,SP,1,computers_accessories,0
1d1cd1be4eb8ccedea997348b859065d,2017-10-04,1427.04,1,MG,1,computers_accessories,1
8578000d0000b3bacf28bd31ee906b92,2018-04-11,41.959999999999994,1,MG,1,electronics,0
2760fc9dd1ab8d8e9269d4d9f7ee48f6,2018-08-10,45.3,1,MG,1,computers_accessories,0
ddb860efe17d6082630b99db1200b1c0,2018-08-20,149.11,1,DF,2,computers_accessories,0
3513fc8efdce4afab5abc80cf24981f0,2017-05-05,113.38,1,GO,2,computers_accessories,0
5eff641a591dc86709424d65585467a5,2018-07-10,44.980000000000004,1,BA,4,electronics,0
a8159270bc9cf7d54450e079ba6b7232,2018-04-01,48.22,1,GO,1,computers_accessories,0
90bd4466c2905d7b5b56370149e62bcc,2016-10-09,51.05,1,RS,1,computers_accessories,0
e96945cd2dc4e28e0089daf1c02476db,2018-06-11,892.44,1,CE,15,computers,1
6e1199a328a9d52a7f04542ee9092ff1,2018-05-29,42.79,1,SP,1,electronics,0
3f606b2bc4208fc4186a5105ccef5197,2017-10-11,116.36000000000001,1,RS,1,computers_accessories,0
8fb8d0916495ed884bf2dc5db9c771ce,2018-02-23,91.86000000000001,1,RJ,1,computers_accessories,0
8964f4133f8364b5b7e09a6b274751cb,2018-05-11,191.19,1,PR,2,computers_accessories,1
9142a3c29501af1e90aa7eea2a6949b3,2018-03-05,133.9,1,MG,1,computers_accessories,0
cd0e3aa0b83f4e50e2bdaaaf840a54ba,2018-06-06,19.69,1,SP,1,electronics,0
ae9d0bf6ee87cd0c5477703af0183e3d,2018-02-07,160.16,1,PE,2,computers_accessories,0
f67dfbaeb6d5c6188f0aa52aa1634a7e,2017-03-23,2168.6,1,RJ,10,computers_accessories,1
a3f9e137835e6b213ac38b80947c3b90,2018-01-07,131.87,1,ES,1,computers_accessories,0
b0f57536fcde0c4422cea71a465326a5,2017-08-14,285.63,3,MG,1,computers_accessories,1
94d2360b6b3afaf6e51fee341b108392,2018-08-24,38.96,1,SP,1,computers_accessories,0
0fdc02a3d7f09a9d90181a8e4043aa28,2018-06-13,35.23,1,MG,1,computers_accessories,0
fc50f8edb8f9c1c84ad90e2af6e09ead,2018-03-14,56.22,1,SP,4,computers_accessories,0
c302cf694cfc7a418d97e46fbf49bebf,2017-12-28,35.68,1,RJ,1,electronics,0
891aa648b48d27ce10d74e86d312d411,2017-03-30,101.24,1,SP,2,electronics,0
aa4a7de098f44e8ab3764edd1e82f34c,2017-07-24,118.41000000000001,1,SP,1,computers_accessories,0
578edeaef53420e1e319b2485b95be30,2018-05-12,38.230000000000004,1,MG,1,electronics,0
244232dbaf1d3d08c7e863d28b8ec328,2018-08-16,102.47999999999999,1,BA,1,computers_accessories,0
d630523e4ead4d29e7dd497f1a47b90e,2017-03-06,38.68,1,GO,2,computers_accessories,0
cb383b52e0b0fc081bddb3bd8a5c5373,2018-01-25,68.73,1,MG,1,computers_accessories,0
40dae50e569846342aff32ac4117375d,2017-05-15,41.01,1,RJ,2,computers_accessories,0
f6dcab66c74d945d217aed40942ea22b,2018-04-25,119.06,1,SP,1,electronics,0
c3df9abd148ceaa39d9911b77b041810,2017-11-09,15.75,1,SP,1,computers_accessories,0
e282dabaac0b31c7da8a0896fd56e7f3,2017-11-25,243.33,1,PA,3,computers_accessories,1
ba57eec47403f7ec083e0283b0dbf50c,2018-02-06,28.689999999999998,1,MT,1,computers_accessories,0
e3153a88be7511737359301517f63274,2018-05-18,95.34,1,SC,1,computers_accessories,0
188a143816707d77b3976b77d4c0966d,2017-07-23,187.99,1,PA,3,electronics,0
e3e1b813f658feb4bc2c345bc2d399f5,2017-05-23,144.79000000000002,1,RJ,1,tablets_printing_image,0
bc8b4b64c37cdba44b9f2953075e8449,2018-01-15,29.49,1,BA,1,electronics,0
1b3cd8f4c4ebba4139eb750ccf233e63,2018-03-26,73.91999999999999,2,RJ,1,computers_accessories,0
38ea876db54669e7e86dc8c79049b795,2017-04-03,48.3,1,RS,1,computers_accessories,0
d19fb6723049906050963193ff88a628,2017-05-14,80.81,1,GO,1,computers_accessories,0
865ac955daabadc2170a3a46480f4b5a,2018-05-15,32.37,1,PR,1,electronics,0
4c374f090868ac5a5910f6b1fd383c25,2018-04-05,581.25,6,SP,1,computers_accessories,1
869bb454aa7fd93af2e620c1d34d5e49,2017-09-02,1341.55,1,MG,8,computers,1
5bcc22a5b7883bf37424018f8068c511,2018-07-27,206.54000000000002,2,DF,1,computers_accessories,1
7dfd2a57927c21f5768da795fa18b460,2018-03-07,98.82,1,SP,1,computers_accessories,0
d58ee8a6ff29ae9de6d1c8037e0576fe,2018-01-26,113.14,1,DF,1,electronics,0
6858998aecdc09bc7b5a8ec2d79d21ff,2018-03-01,87.25,1,RS,1,computers_accessories,0
a1a601783c958327168e1009b0758984,2017-05-09,1181.11,1,PR,1,computers_accessories,1
ec13417c22246237142725ec35601c99,2017-09-27,44.239999999999995,1,SP,1,computers_accessories,0
8e2cbf2f771a9e3db9a33a324d3a2b0c,2018-02-15,21.43,1,SP,1,electronics,0
f2fe1323701bf698117de51d28425ee2,2018-01-21,41.0,1,MG,1,computers_accessories,0
0be31296e8456f2017743c363de5a1da,2017-09-03,1351.51,1,SP,2,computers,1
c01b52b26b2be81e5712a958631d858e,2018-04-21,77.12,1,ES,1,computers_accessories,0
fb5114c39f632a52598cf770c6076620,2016-10-08,51.05,1,DF,3,computers_accessories,0
d2965251c0a29e28f3cecd7cf54d455a,2018-03-18,136.56,1,SP,1,computers_accessories,0
e2df710c10b3d255c51ae1fb11bfcd11,2017-10-31,71.78999999999999,3,SC,1,electronics,0
dc040d454f8619d4efa801ed69538bc5,2018-08-14,152.88,1,RJ,2,computers_accessories,0
f607a79926e2aa68b1b220ff073a35e8,2017-10-18,606.6800000000001,2,MG,10,electronics,1
d905ef2a3ee51aff370cf4ca43eb5e8d,2018-05-28,38.129999999999995,1,SP,3,computers_accessories,0
58c52765e19cea6cf6b0a66e90749558,2018-04-13,78.5,1,SC,1,computers_accessories,0
1b0cc057d13690ec8551090c920d4735,2017-11-27,75.16,1,SP,1,computers_accessories,0
633ac9e82a9350e4cd955f083a4dcd0c,2018-03-01,111.82,1,SP,1,computers_accessories,0
88b09aac7b8d279dec75a3a810c21028,2017-06-22,39.239999999999995,1,SP,1,computers_accessories,0
a5293a76739d88fa86bc8c30b6d38e04,2018-03-12,26.439999999999998,1,SP,1,electronics,0
6f4d7831b4beb4c6c46bbcbf3a84df71,2017-08-01,27.380000000000003,1,SP,1,electronics,0
2c47508caa1bde5360a34b306cdcaca6,2017-06-20,26.68,1,SP,1,computers_accessories,0
a96d3bc5d1e3315554ccd38f27ff5ef3,2018-07-25,658.2900000000001,3,RJ,10,computers_accessories,1
139c61b5e6e119e1363bf3b6c1fdf598,2018-05-14,36.230000000000004,1,SC,1,electronics,0
9d7c75d76a63b0e133c2cc1b3b4b7faf,2017-04-23,63.519999999999996,1,RJ,3,computers_accessories,0
f84c59e73e295a051c0dbd03c3f1216b,2017-06-20,92.87,1,RJ,4,computers_accessories,0
e4d88b96fb1801eb436496008e848e1a,2017-12-20,205.53,1,BA,10,computers_accessories,1
2a3a15442d770b77f30d1c2c02be3697,2018-02-23,28.0,1,RJ,1,electronics,0
cf891dfddefcb0fd6ebc574e0cc67846,2018-04-01,30.880000000000003,1,SC,1,electronics,0
56f5ac1c23292d909b75a7d2e00774fc,2018-02-13,173.27,1,SP,2,computers_accessories,0
fc2893781987c8064e5db53f1ce4ec3f,2018-04-07,23.29,1,SP,1,electronics,0
358691d1ca37befc409b28a20817ed0a,2018-02-17,138.07999999999998,1,MG,1,computers_accessories,0
91004f0959e3066dc81fbb1c82ef2de7,2017-04-14,44.26,1,MG,2,computers_accessories,0
f567c242e80099599cc0202343266187,2017-02-24,56.12,1,SP,1,electronics,0
d9dd31d18506394e89644f5e0b9664e3,2017-10-11,144.01,1,SP,1,computers_accessories,0
981cb41791006b79817f4b05721fbe10,2018-04-17,162.24,1,PR,10,computers_accessories,0
df207fc4a11e0b1988a438d86ccb3c1f,2018-02-22,123.47,1,BA,1,computers_accessories,0
39c438f2a835b25cd51bbd1bed5d089e,2017-12-18,344.61,1,SP,10,computers_accessories,1
465c108e33e2b7e6953f020140a457ba,2017-09-04,1341.45,1,CE,8,computers,1
5971f2b65e9c6f58aca350ec6674905d,2018-07-13,43.17,1,SC,1,electronics,0
6455e8459efbeeda59bb360229b889ea,2017-12-12,32.42,1,SP,1,electronics,0
9c625b12c2d0805fc7b1bcb6db555298,2017-08-30,240.92000000000002,1,SP,2,computers_accessories,1
9bc4a96e4a1d676280d0f8ead78ceadf,2018-08-05,112.35,1,SP,1,computers_accessories,0
02e3d94731a28fe10ec1aa91b72b544b,2018-04-29,43.22,1,PR,3,computers_accessories,0
fc5940447e1729d88293fb999ad3c2da,2018-08-05,25.67,1,SP,1,computers_accessories,0
87f3e0c786f2e675979bd0d0778cd9dc,2017-11-15,243.64999999999998,1,SP,2,computers_accessories,1
4be4efe219340018953ef852236df257,2018-01-10,186.24,1,SE,1,computers_accessories,0
3f264002073a8f23aa66fa3ce82cc5ce,2018-03-08,79.33,1,SP,1,computers_accessories,0
cb00b252d2c836eeeb1d73ec439a0849,2017-09-06,1442.15,1,CE,1,computers,1
218359f6652231bd2360d84326ffc578,2018-05-09,50.15,1,SP,1,computers_accessories,0
84d7b8f09ab474f27e37c8d220a996be,2017-02-28,114.0,1,MA,1,electronics,0
3afad8990c0e0d946e5a8903ed1764da,2018-01-31,378.74,2,RJ,1,computers_accessories,1
6e8ff76e6abbdfadc22d6569bf5b1ae8,2017-07-26,50.09,1,RS,1,computers_accessories,0
cc7608c05975c4f77bb4a033825096bf,2017-09-10,266.49,1,PR,1,computers_accessories,1
c92e9f25637b9515a95acd097e7d3543,2017-09-18,50.01,1,MG,1,computers_accessories,0
4de95857f36acba5b547fa7a76e6a4c1,2017-12-23,88.49,2,SP,1,computers_accessories,0
60a7df16f9a8d8f38bd974b8a873167d,2018-07-26,198.96,1,SP,8,electronics,1
0c433b41ac4f5739f4c65e19bbdc8208,2018-01-09,245.99,2,MG,1,computers_accessories,1
360d1b0085f85a626f77b5fe558e8ae8,2018-07-18,85.58,1,SC,1,computers_accessories,0
6d415687ad03111662fbfc54c811414e,2018-08-18,49.019999999999996,1,RJ,1,electronics,0
af09d050740a057296c4ef35838ef579,2017-11-11,20.3,1,RJ,1,computers_accessories,0
b4c45d4cc2a2e24e10d4e20bae928819,2018-03-03,27.75,1,RJ,1,electronics,0
1d2cab957f150e9edeb3e456cef96882,2018-02-09,102.97,1,SP,1,computers_accessories,0
a0a4f45a87d4f0655d00a76cd579651e,2018-07-29,219.20000000000002,1,MS,4,electronics,1
31e919190f59dd6dde547000ab20a612,2017-08-05,121.24000000000001,2,CE,1,computers_accessories,0
2c19f031e843a243a60bdff55edc668e,2018-03-22,378.06,2,SP,4,computers_accessories,1
204393e6bcdb657eac91e88061a0f21e,2018-02-22,38.71,1,SP,3,computers_accessories,0
79177aaac7c3c0dd8e8a84db027512a4,2017-10-17,336.38,2,SP,1,computers_accessories,1
1d534aca5a08cf7ab416a278efb8fc4d,2017-12-26,100.24000000000001,1,SC,2,computers_accessories,0
5d85e4fe11a0d403cf1313108b0ee754,2017-12-25,109.79,1,SP,1,electronics,0
0c73113256d69beb31380c221529f19b,2018-02-09,22.37,1,SP,1,electronics,0
8b4b66868641eb5fc2bc090dc4f702f7,2018-08-15,39.41,1,ES,1,computers_accessories,0
fb5d8b462dc9570527eff204b8a1a57b,2017-04-24,297.14,1,PA,10,computers_accessories,1
3b0dd90f0d2dbe97dec7df09db37ca94,2018-03-24,193.72,1,SP,2,computers_accessories,1
da01eb83df2aafd16872ab0c5f24d5b6,2018-07-01,51.93,1,SP,1,computers_accessories,0
514988a3e142461049264d74b768b365,2018-07-31,145.97,1,PR,1,electronics,0
fcb6580ec29d157ac00337b604e33d61,2018-06-29,41.6,1,SP,1,electronics,0
21253df3d4ac1cbd029b0d1961dc6a23,2018-02-11,129.09,1,ES,1,computers_accessories,0
b785bd1c8dbca76dbe516771af60c2f0,2017-11-29,27.75,1,RJ,1,electronics,0
042d7868efeb34d5748cf9262016f6be,2017-08-30,112.43,1,RJ,1,computers_accessories,0
fffcd46ef2263f404302a634eb57f7eb,2018-07-14,386.53,1,PR,1,computers_accessories,1
d80272e7d2cde76157c01c03b3deebcc,2018-07-12,32.44,1,SP,1,electronics,0
5c2989919c369ef67197ecb7a2e4c4ba,2017-08-13,55.0,1,SP,5,computers_accessories,0
6bb6e95feeb71b908320267ca30d6bcb,2018-02-05,103.49000000000001,1,MA,1,electronics,0
093b4a025c91a570d1f3b60d428b60a0,2018-02-26,86.15,1,RJ,2,computers_accessories,0
e7171879cabb5e67b8df36332795315b,2017-08-04,166.71,1,SP,3,computers_accessories,0
07dcf38560b8c50e101b3281edda6112,2017-10-03,57.75,1,SP,1,computers_accessories,0
bad80abf6bc799b1c731a90f1a761689,2018-08-02,209.74,2,SP,3,computers_accessories,1
7dc4ac6da71948249ca79f45c9de13b1,2017-11-25,50.1,1,RJ,5,computers_accessories,0
656ada45a719393ba3e97d8d9e2ef750,2018-04-27,136.6,1,RJ,1,computers_accessories,0
64d90b334a89978bf78af244276aa415,2018-05-23,25.74,1,SP,1,electronics,0
d603daf41a69ac39e359dadcd655fd35,2017-08-19,42.77,1,SP,1,computers_accessories,0
c3a937f97910c3602c1e4cdb4b951b1e,2018-07-01,33.230000000000004,1,SP,1,computers_accessories,0
be00592915ef8e320b1604f87cb91239,2018-03-20,165.18,1,AL,1,computers_accessories,0
014f1e63f9bd4f5578edcf4e5c305a0a,2017-04-09,148.24,1,MG,2,computers_accessories,0
86f67a35fe1b268a04dab03c7cbdb333,2018-07-17,164.63,1,RJ,1,computers_accessories,0
dd1bd072c709a5e654fd047560eba5aa,2017-08-22,30.1,1,MG,1,computers_accessories,0
176654c710164dc3eaf312ae5b533767,2017-08-12,49.09,1,RJ,1,computers_accessories,0
78dd421c4700121100bb1297168a05d6,2018-02-11,114.41999999999999,1,SP,1,computers_accessories,0
b306fb3d8bca1a1605f5be5108fefdea,2018-04-24,253.28,2,MG,2,computers_accessories,1
09b6cccc4166713f232f26db93a5d21e,2017-08-04,54.0,1,SP,1,computers_accessories,0
d35d04877fd2f044b404b6e80567532b,2017-11-27,180.05,5,RJ,2,computers_accessories,0
e77070db7fd22ebeaba41a390fe93a53,2017-09-17,46.64,1,RS,1,computers_accessories,0
02ce6664223305cea5b46ef1f2d81461,2017-08-02,54.800000000000004,1,SP,1,electronics,0
21f7e2c9460028c7700dfb23395f9a3e,2018-04-26,21.939999999999998,1,SP,2,electronics,0
0adc694b12e2711cde18a5d31576bef2,2018-01-17,38.99,1,MG,1,electronics,0
6def446d620c67c66889bf68e0552870,2018-06-06,368.24,4,SP,5,computers_accessories,1
73d8cc61665c773dfb85dc7fdb5c292d,2018-07-20,107.11,1,RJ,1,electronics,0
1e7b55dfee29c0ed7edb54c8cfeaf244,2018-08-16,35.129999999999995,1,MG,1,electronics,0
e037080aea2d8cf5434282000d67c1ee,2017-09-12,55.519999999999996,1,PR,3,computers_accessories,0
017b11be3048fdfb58e63edc5fc8f4b8,2018-06-14,40.269999999999996,1,GO,4,computers_accessories,0
0a859572e5956923f4b083363aae7d7b,2018-01-15,205.26,1,RS,1,computers_accessories,1
5543f9965dcbb6ebc4d28d9ce6a6c7be,2018-03-15,37.129999999999995,1,DF,1,electronics,0
ff82173a9821071cdd3e554219a376c1,2017-07-13,66.05,1,PA,1,computers_accessories,0
41dd305b35d3cac22fc8229f3179277d,2017-11-25,46.0,1,SP,1,computers_accessories,0
ccdcc52b2c054f91f8e3bc0aa65945cf,2018-03-31,73.03,1,SP,3,computers_accessories,0
f3759e04439be59217e3d2bf21ed2303,2018-06-25,78.42,1,SP,1,computers_accessories,0
9be2582f6092606b2b3e9607581df63e,2018-01-11,25.5,1,MG,1,electronics,0
06ab29b4849c4417bdac17b1e8a6e482,2018-01-09,109.79,1,SP,1,electronics,0
4615129c8ec596bf8b287b95934c7b78,2018-05-03,32.37,1,SP,1,electronics,0
e80e2664d9e641d53ecead2bda1c5879,2017-03-05,34.01,1,RJ,3,computers_accessories,0
570b8c11496979f54bf5bb027e86fcd2,2017-10-17,54.53,1,ES,1,electronics,0
d75cb3755738c4ae466303358f97bc55,2018-01-22,37.69,1,MT,1,electronics,0
dcbf6ba1b6e503c2bc0a5a5e833e3174,2017-10-30,37.75,1,SP,1,computers_accessories,0
a6a1840fec3ecb04c489ffa4b2354631,2018-03-04,25.65,1,MG,1,electronics,0
d6199904747af716384a5ddfde0e4b9f,2018-03-06,189.0,1,MG,1,computers_accessories,0
abdd969b6261591f58d7f5fcc24c30f1,2018-03-06,22.1,1,SP,1,electronics,0
b48623681f64bf6e435076c84b3eb077,2017-02-16,32.96,1,SP,1,computers_accessories,0
388ef804dd3afbcde7d2ba26480d0bb0,2018-05-16,59.78,1,SP,1,computers_accessories,0
af8cd0ccf7bfb5bc0998744b1ff8c08f,2017-09-02,31.38,1,SP,1,electronics,0
4eef2062377fd17cb5ddfed73cc1e564,2018-03-29,162.06,1,SP,2,computers_accessories,0
c7f4b989f51d1b737af2004212261508,2018-04-23,38.28,1,SP,1,computers_accessories,0
f333088bba31372a0764adb36fd357b9,2017-05-17,172.03,1,PA,5,computers_accessories,0
b2b22e6b8ad71ac3e8d2242b8f49c910,2018-06-05,84.44,1,MG,1,computers_accessories,0
05fcb26e37b34aa73157fa81401b6b15,2017-10-14,79.19,1,RJ,1,computers_accessories,0
a833470057703c13293c5d7c2bd5bd05,2017-07-25,42.77,1,SP,2,computers_accessories,0
ff410c670cb5018a763d815c1368f405,2018-02-06,111.61000000000001,1,SP,1,electronics,0
54b2059877686b3ab4438912cda13f5a,2017-02-16,228.11,1,SP,6,computers_accessories,1
db9564d23d5d0d213eb2a0b5ca279c2f,2017-08-10,61.69,1,RJ,3,computers_accessories,0
bacd96c90a381b246902e1882c0fb7d1,2017-07-03,90.28,1,RJ,4,computers_accessories,0
1685d74489a94f21cae1b0ea3fff8f21,2018-01-06,615.44,1,PI,1,computers_accessories,1
b230cdf7f5d8115711cbab88f4636406,2018-05-28,47.129999999999995,1,SP,1,computers_accessories,0
c64320125b49bb4797d5ee3def14d58b,2018-03-01,37.8,1,DF,1,electronics,0
5b7359c33f9eac26e1a575430eab31a9,2018-02-11,113.44,1,SC,1,computers_accessories,0
b39de9ed2bb8fd08a970e4517c698824,2018-03-27,121.30000000000001,1,RJ,1,computers_accessories,0
20fb6eab29c449df8173b2a3c868439d,2018-02-02,36.0,1,RJ,3,electronics,0
c2fd626797fb5ca566e69305eebca31a,2018-03-13,39.849999999999994,1,MG,1,electronics,0
dedfb42b20552455d833569e5fd73390,2018-02-08,233.69,1,RJ,10,electronics,1
d6a7e3621ef1e50b038deaf06e44fe6c,2018-01-02,41.379999999999995,1,SP,4,electronics,0
eef1b5385bc2d6cdf899eaf1337be979,2017-12-10,35.69,1,MG,3,electronics,0
3675bad64212bdf96c5062ea051384e1,2017-11-02,541.96,2,CE,4,electronics,1
90afb8151d6aca71ae7b52a029ebc165,2017-11-03,1471.51,1,MG,8,computers,1
10e2410205407d25bc85d047ca583cdc,2018-08-08,42.29,1,RJ,1,electronics,0
d82c41502ff72f11870b7546659bc8d4,2018-02-04,96.31,1,MG,1,electronics,0
96c3480bcfc103e174ee23d12043188b,2017-11-22,99.15,1,SP,2,computers_accessories,0
664a44899f2e94b4b928c781547d7bee,2018-02-27,195.94,1,SP,10,electronics,1
fa4e39af0cabdc0f91adcba174a63b69,2017-04-13,51.68,1,MT,4,computers_accessories,0
c4d641da04a6c3ef517a2f03bf42a151,2018-05-31,139.51999999999998,1,PE,1,electronics,0
a6a6c002fd9f0e9eb0c0148448cf8863,2018-02-03,678.36,1,SP,8,electronics,1
3b73bd0a67b08e5d8441574de9aae345,2018-08-16,195.61,1,PE,2,computers_accessories,1
89f5b57546c833d2885ea08dd4a7df1f,2018-04-08,90.09,1,MG,1,computers_accessories,0
ceecac582f10037ad46fd4fdc529e0f7,2018-02-10,117.94,1,RS,1,computers_accessories,0
b5f5561bde462ba1bb5b15e5be5b6bd5,2018-01-25,100.24000000000001,1,SC,2,computers_accessories,0
1f6d522523ec744025ba19da53169f45,2017-12-29,32.379999999999995,1,SP,1,electronics,0
9e711ba681b09da30750ac0fe7a0cc3b,2017-09-29,46.69,1,RJ,1,computers_accessories,0
fe0096592e11810b60646c95d63eb883,2018-05-01,57.05,1,BA,1,computers_accessories,0
fa2c0183390d96cbabb604c27aedf7e5,2018-08-15,208.42000000000002,1,SP,1,computers_accessories,1
b8c672112a4b924d15cf410db2a8f955,2018-06-03,43.38,1,SP,1,computers_accessories,0
2cb6f509b0ff4794888a4f664f857dca,2018-02-21,267.99,1,RJ,1,computers_accessories,1
58385f20ce70cfb92449b879d4d0d08f,2017-02-22,27.86,1,SP,2,computers_accessories,0
ba2010e1e6a9cdc09e6699cc6ed48a1d,2018-03-20,58.44,1,SP,2,computers_accessories,0
f2203a676e8755fd0393acfcf038c891,2018-03-27,179.17000000000002,1,PR,1,computers_accessories,0
d56092262d95ed5dffdf4ff335af1396,2018-01-08,38.8,1,RS,1,electronics,0
f5d7c7844669e4addcf57dd9c9b703a5,2018-04-09,65.17,1,BA,1,computers_accessories,0
71e297393a1e63537a76e338c10dbff8,2018-02-26,91.17,1,RJ,1,computers_accessories,0
f9ea6cc9d3f50070aba77ffd39ef6d13,2018-07-15,32.37,1,SP,1,electronics,0
d801ba7b9484d3de19c2c002d5c668ce,2018-06-14,32.83,1,ES,1,electronics,0
581e3fa3023c8c6a8a485e6f8e52ce2d,2017-11-06,31.38,1,PR,1,electronics,0
cb71499c074fd6946adf7562f592ac25,2018-04-25,73.53,1,MG,1,computers_accessories,0
fdce8dd7bb4b3a3424b42b3dd0e844da,2017-12-04,152.48,1,SP,1,computers_accessories,0
475e7154ea6c9ea4f90d281fd3f65069,2017-05-30,31.1,1,MG,3,electronics,0
a756c394e02e7cc83cbcc594a969bf59,2017-12-12,631.4599999999999,2,SP,6,computers_accessories,1
ca757dbebcac3d3bbaa4eb7ea0f699c8,2018-06-07,289.3,1,PE,1,computers_accessories,1
d5fce66a4a49fa934e841e84c0e4c1b9,2018-03-06,720.77,1,PR,6,computers_accessories,1
b04215f2cbc4e1fdd167427e657c7d16,2017-02-10,38.72,1,SP,1,computers_accessories,0
6e4465d771f02e4fe335225de3c6c043,2018-03-06,159.54,3,BA,1,computers_accessories,0
ebddd100ca30ed764baf48cec7581c16,2017-11-24,100.97999999999999,2,SP,1,computers_accessories,0
0017afd5076e074a48f1f1a4c7bac9c5,2017-04-06,853.39,1,AL,10,computers_accessories,1
06c82be9b8551eb37a9b8e7e05dec631,2017-07-11,100.34,1,PR,3,computers_accessories,0
761d24a47ebf005134bb75f8cde9c5b1,2018-05-28,33.22,1,MS,1,electronics,0
86d358acddab52d41c7ea21a648e40da,2018-03-28,168.88,1,ES,1,computers_accessories,0
77e4da3755c479aac3d6f7f2a5e94516,2018-02-13,114.41999999999999,1,SP,1,computers_accessories,0
320aa533182a4c39740380e4cf887c83,2018-02-08,33.75,1,SP,1,electronics,0
9808a7f5f5446817c3ebf7a804111d53,2017-11-01,32.68,1,SP,3,computers_accessories,0
4978579248016c3a09d6dc043bbc4ae0,2018-05-07,103.99,1,SP,1,computers_accessories,0
bee9e2345c4d8f186d2aa7d57e1589f3,2017-05-23,89.63000000000001,1,SP,1,computers_accessories,0
ec6dc3377849564c30896b7543229e2d,2017-10-31,181.62,1,DF,1,computers_accessories,0
c23b694adb7d7d7438e6d33f3d6c8ce8,2018-01-09,25.5,1,SP,1,electronics,0
f80549a97eb203e1566e026ab66f045b,2017-09-12,1767.1,10,SP,1,computers_accessories,1
12376b5a59bae892cd083a87b57c0bc0,2018-07-24,123.75,1,MG,1,computers_accessories,0
e4d70620497883d192090b7a6d48441d,2017-08-09,57.28,1,PA,1,electronics,0
614c0b4b5169af9eb895bc8aefe5a418,2018-08-18,33.71,1,SP,1,computers_accessories,0
d21ad12ba64a2a372a9f78c1bcd003e6,2018-02-21,274.73999999999995,1,SP,3,computers_accessories,1
c6b0115592f584f15795ca244bd83fb2,2018-06-21,202.76000000000002,2,RJ,1,computers_accessories,1
64390314a38d7795bad0cd9fbbb8e9f0,2017-10-14,79.10000000000001,1,MG,1,computers_accessories,0
f5d6fb800f654ebb36a1fc03bed3fcc7,2017-10-02,600.09,1,RJ,1,computers_accessories,1
60bfb63930f066b16ee32b640d38c501,2018-01-22,47.8,1,RO,1,electronics,0
fbdda663869065b1521bf7be56191f6f,2018-01-31,51.75,1,SP,1,computers_accessories,0
91256287c54349812a38220b628d3c10,2018-02-27,37.519999999999996,1,BA,1,electronics,0
4517217f6929827c965b96a34e5ffbaf,2018-02-19,143.65,1,SP,2,computers_accessories,0
e56a1cb152fd9b915de07e0f4f5b462b,2017-09-06,1344.3600000000001,1,RO,1,computers,1
5bb486f174563e721db5e7ba3ecd4fdd,2018-01-31,105.28,1,SC,1,computers_accessories,0
19ef6de262591218648e1765adedad1b,2018-01-10,46.0,1,RJ,1,computers_accessories,0
2dd40e76f5720434aa1540eb92620584,2018-02-04,203.06,1,SP,5,computers_accessories,1
5d245c97223bf9ad03cb5568dba7ea7f,2018-05-16,32.37,1,SP,1,electronics,0
be97f88cbe71410f91432e2b3cacb89e,2017-05-14,83.23,1,SP,2,computers_accessories,0
8a060d4d621f570de2264a68ad8b901c,2017-12-07,35.69,1,RJ,1,electronics,0
0e0abe27977ea1d66568d6ee7d310217,2018-02-06,178.54,2,RJ,4,computers_accessories,0
2d5a437d439fb3aed1979b2e5f9f6b39,2018-06-27,139.11,1,SP,2,computers_accessories,0
e60892b75a62acf30d28e0423f8ba80c,2017-12-08,196.01,1,SP,2,electronics,1
35d5fa2dff695764ea7c3785b6679c6e,2018-06-04,150.83,1,SP,1,computers_accessories,0
93fba8d92f02aebd0882af7cb81bfcb8,2017-11-26,47.81,1,RJ,4,computers_accessories,0
65709b9620e3ef6f575918b8348a8ece,2018-01-09,416.59000000000003,2,SP,10,computers_accessories,1
00d94e8901b75ee0d6ef1f87f947b666,2017-05-01,97.4,2,AL,9,computers_accessories,0
21f024b91cfeb5f135ceef69fe99fa50,2017-10-31,35.089999999999996,1,MG,3,computers_accessories,0
234ac296ce754ab2518ae1bcde8b0fea,2018-02-11,90.28,1,PR,1,electronics,0
008990da719764fb392914d8ab53ad04,2018-05-11,54.129999999999995,1,RJ,1,computers_accessories,0
89f3f2390082961f54df910ea5542a71,2018-07-08,65.74000000000001,1,CE,1,electronics,0
5b9da43787a1ee10dd9c78432c3ebd82,2018-01-03,22.37,1,SP,1,electronics,0
f706c0fff2fd0328697401c325dbd429,2017-05-31,107.4,1,SP,1,computers_accessories,0
c89b4f89b285537cd75b46ad90c49a50,2018-07-20,44.2,1,DF,1,computers_accessories,0
f8195b598a0ec6b6abc1c2a06c59f621,2018-05-08,45.22,1,RJ,1,computers_accessories,0
7fc89538fb86a1a09c3e0d809a64f17a,2018-02-09,206.27,1,RS,4,computers_accessories,1
29779056b8e8e8dc45effacaef7b8470,2018-01-22,152.09,1,SP,3,computers_accessories,0
41217e834e81df08905e128234f22132,2018-05-09,38.120000000000005,1,MG,1,electronics,0
75d592e235731df502636b3cc6c7d1f4,2017-08-07,266.49,1,SP,1,computers_accessories,1
fb81538ad88f59a4eb26ec0627825830,2017-03-02,62.8,1,CE,6,computers_accessories,0
c7695e0fa70ef0373d4eaa6b11a4a6ef,2018-02-04,190.01,1,SP,2,computers_accessories,1
75294baf702b2b91d850644b87670ff6,2018-08-19,138.13,1,RJ,10,computers_accessories,0
ab9617b6232f2ae10e536212f4525e57,2017-12-11,75.08,1,ES,1,computers_accessories,0
42f59e16260400b61de263422f347ef4,2018-02-11,147.22,1,PB,2,computers_accessories,0
4adfbdf6a5a3abbc6e4ef24e48d6ef0e,2018-05-01,53.29,1,SP,1,computers_accessories,0
603486ac402cf457884d615c5bb8971e,2017-05-25,52.379999999999995,1,MG,1,computers_accessories,0
346802bf9d5846f06ec97c90b92af095,2017-09-04,122.07000000000001,1,RJ,1,computers_accessories,0
fe19b9548cc24e156387100515c5534b,2018-05-20,95.34,1,RJ,1,computers_accessories,0
b56dae14729d912e3b87e6bc76be9c0d,2018-05-01,167.72,1,GO,2,computers_accessories,0
280b1ac31119367d8766fcd8eb8b38ce,2017-07-18,51.800000000000004,1,SP,2,computers_accessories,0
92bae9939a0e16250bbf0e11d6827228,2017-12-07,58.22,1,MG,1,computers_accessories,0
0755976647cbb58f1c4aeabeed997490,2017-07-10,80.8,1,RO,4,computers_accessories,0
ab6ea89ab2dbf39322353c4bfcbe33de,2017-11-11,54.09,1,MG,1,electronics,0
11a3420ffa1e206ca23637df7176501a,2018-05-07,111.88,2,ES,7,electronics,0
48c0a263a6f5c112effbec24abbd468b,2017-06-27,80.10000000000001,1,RJ,8,computers_accessories,0
90423fbde022b7991066ba965cfe537d,2017-11-22,39.03,1,RR,1,electronics,0
3eeeed9128175465db94d6c2406b5b39,2018-07-20,82.51,1,PI,1,computers_accessories,0
42c37b18445759836227d8f05e252d10,2017-10-09,34.0,1,SC,1,computers_accessories,0
2bec039adcca39ad3a2d76a949e6c99d,2018-07-26,329.26,2,SP,4,computers_accessories,1
5cc475c7c03290048eb2e742cd64cb5e,2016-10-04,82.69,1,SP,1,computers_accessories,0
f790aa049bfa6a4143c96ad40711c558,2018-01-25,98.16000000000001,1,SP,1,computers_accessories,0
22230cb95aa16cf1615db1cf10a0ea2d,2017-11-28,82.81,1,SP,1,computers_accessories,0
79b7eb93349ff756b079e5cb0195cd1f,2018-02-14,437.75,5,PR,1,computers_accessories,1
a55747e3eb2e893b9c9195f00307e0e9,2018-04-14,86.80000000000001,1,PR,1,computers_accessories,0
56069689ce24a3bafc1bcc3333744b24,2018-07-12,539.37,1,RS,5,computers_accessories,1
835b4e81209a4b39fb6142da1591bd88,2018-01-25,48.69,1,PR,1,computers_accessories,0
5e01f3bd3366dac914df62787e0d3b3d,2018-01-11,196.03,1,SP,1,computers_accessories,1
c2f3a413b93e57befdbc7877ae75758e,2017-06-27,47.69,1,BA,3,computers_accessories,0
6c596fc6f412dc68ef8d18c721687a20,2017-12-30,144.65,1,MG,3,computers_accessories,0
60774e7210a075fb221731434321e048,2018-04-09,148.69,1,SP,2,computers_accessories,0
16f2b04292cfdf925c7d231f98812249,2017-09-30,190.37,1,SP,2,computers_accessories,1
704611e37204252ce312c0b0ce22ef41,2018-03-09,118.32000000000001,1,MT,1,electronics,0
be1aff1e5ed8adabab251a979e96bdb9,2017-07-14,532.77,3,CE,6,electronics,1
2c0a28ce4971f66f2def8542ef0b6c18,2018-02-03,93.60000000000001,1,SP,2,computers_accessories,0
0411b9d67ebfabf519c3e47629e91e3d,2018-03-08,199.14,1,PR,1,computers_accessories,1
808fbd7ff181351baf5d9ececab82258,2018-02-28,212.03,2,MG,1,computers_accessories,1
ae11d192084ba3db24965f271590124d,2018-03-01,265.49,1,RJ,7,electronics,1
6d7a67554f1a6013a68994bebaab490e,2018-02-20,45.7,1,SP,1,computers_accessories,0
091c34308e51d6dff47fe839b7aebbd5,2018-08-02,49.59,1,PR,2,computers_accessories,0
901742f6e040a1c33f13d686dff01cb1,2018-03-10,50.129999999999995,1,RJ,5,computers_accessories,0
76050ac42e05f52668728d3b535629f4,2017-05-24,324.88,2,MS,10,computers_accessories,1
7257815d53dad2ce8c81e8e17b4719d3,2018-02-10,33.75,1,SP,1,electronics,0
f4cf1adfbef386f1559758ebe5db01b1,2018-07-21,41.6,1,SP,1,electronics,0
64619901c45fba79638d666058bf6be6,2017-05-21,52.379999999999995,1,MG,1,computers_accessories,0
eed9644811f4d0e16bbcf03449d12698,2018-04-18,144.31,1,MT,2,computers_accessories,0
8a3086454aae1719e85d336d067a66e1,2018-05-13,126.74,1,RJ,1,computers_accessories,0
2b9c1a6934f2dd62cbe6df11189fb65f,2018-02-10,87.55000000000001,1,SP,1,computers_accessories,0
8339a4963d8b1727c15465ff154ce74e,2017-12-15,330.76,2,MG,2,computers_accessories,1
a294c654ef8ddfa4587ab732ff8aa101,2018-01-02,32.379999999999995,1,SP,1,electronics,0
65693cc880b8cf8c5e24798b6e042e0f,2018-02-07,60.09,1,RS,1,computers_accessories,0
51355c5169d0324db651913ef8121f8c,2018-03-07,127.66,2,SP,3,computers_accessories,0
dc17c01a54fba254ad3989a9ff6d67d7,2017-11-27,193.99,1,PR,1,computers_accessories,1
a640fed02512517d0d460c194a02f23c,2018-05-15,87.64,1,SP,1,computers_accessories,0
38581282d219040b90a904e154ad8cf3,2017-07-31,100.34,1,RS,4,computers_accessories,0
1754107f36ce978c21ba0509c7bf0889,2017-08-08,187.25,1,SP,1,computers_accessories,0
83f450ee2ce1601120b3ae155a1c43fa,2018-03-16,40.959999999999994,1,RJ,1,electronics,0
8a3dcb26a8eb146af97048a590585b24,2017-10-04,47.71,1,SP,1,electronics,0
a17ad45b2b8e8e73cdcc323bd9b90b49,2018-02-27,19.330000000000002,1,SP,1,electronics,0
245ac19080f071a4ef95b0aea0038fcc,2017-12-09,38.93,1,CE,1,electronics,0
caa321f911edb4b272c5e4aa6df6be81,2017-07-16,39.54,2,SP,1,electronics,0
ce6615d572a95ae4df7bcb227fa4d3a0,2017-10-27,45.089999999999996,1,ES,4,computers_accessories,0
b2c7ce470c3bc3cebaef61950a33f2f8,2018-06-12,384.86,2,RS,1,computers_accessories,1
7f97fdc3070d34e6e2a9db4b367e98c9,2018-02-17,43.15,1,AL,1,electronics,0
d87efaa8a13d7d43b3464f49c528c787,2017-02-11,31.86,1,MG,1,computers_accessories,0
843987ad16fdca324fc74eb57896cee2,2018-03-03,28.75,1,RJ,1,electronics,0
b777b4bfa1fd6d0c466cf8fd0fe7f541,2018-06-17,47.53,1,SP,4,computers_accessories,0
f575b5125a609778241c26809da9ed2b,2018-07-01,20.75,1,SP,2,computers_accessories,0
05252513392111e8721062d8ecd9edb1,2017-05-19,56.85,1,SP,6,computers_accessories,0
863a5aae025377c66a973980616bb64f,2017-12-07,35.0,1,SC,1,electronics,0
c77ab6252aa05bf818cb8b39d4879b21,2017-08-23,47.0,1,RJ,1,computers_accessories,0
2f8dd4ef8e90826fb9e28ef7af565cf5,2018-04-19,90.88000000000001,1,PA,1,computers_accessories,0
0b20c9791c7a502fc70f7f542e9a1405,2018-07-20,45.2,1,PA,3,computers_accessories,0
d4126c989370101ec1b96733f4adfe79,2018-07-27,83.14,1,SP,1,computers_accessories,0
b9d8b4ec472a40d54e329cc366627cba,2018-04-16,144.78,1,SP,1,computers_accessories,0
d433c4d11b5681a6d64064f3ceb4c5a4,2018-05-04,99.72,1,SP,1,computers_accessories,0
1927dede91841ae67045915ce6fd11f1,2018-02-27,176.68,2,RJ,5,computers_accessories,0
f96fa82074a906a2d44dababc061999c,2018-05-11,53.61,1,PE,1,computers_accessories,0
123bea8dab4550ec2592468bff3e0866,2018-04-01,92.83,1,SP,1,computers_accessories,0
5ab6412ef2b60684cba4139fe9eff658,2017-10-02,60.1,1,RJ,1,computers_accessories,0
4fabd930204fbf8fd7e7f510a4bc6a2f,2018-01-23,32.62,1,MG,1,computers_accessories,0
ba05479675b661ae63c431bcae09728e,2017-07-18,97.09,1,SP,5,computers_accessories,0
4b69646ae09c307e88da19eb05ee2aeb,2017-09-30,284.04,1,RJ,3,computers_accessories,1
31f0fa0bdab49b86bb8951961ba8f67c,2018-03-26,56.04,1,SP,1,computers_accessories,0
26874945bcbf47606ab08580cf923693,2018-02-09,114.41999999999999,1,SP,1,computers_accessories,0
a5f747164d57e9cdaf58787ec8158e9c,2018-02-18,241.69,1,RJ,1,electronics,1
9f7b176cfbef1c9773aa351fa964e124,2017-05-05,102.02,2,RJ,4,computers_accessories,0
1042722433e7633a6a857a82dcb8d881,2017-08-08,25.1,1,SC,2,electronics,0
36f34e0afd0f39f2a94e0988c4a5047c,2018-06-03,152.99,1,SP,2,computers_accessories,0
2a0359586f9d564e2ffcba4e14cf54c6,2018-02-21,172.21,1,RJ,1,electronics,0
06ba77893723a9357f7e681bf336fb2c,2018-07-18,64.22,1,PA,1,computers_accessories,0
d82b6e7da21a039639022ad9e9bc3e56,2018-04-27,87.02000000000001,1,MG,1,computers_accessories,0
0068468c453d28c8ef3fd089e50a5847,2017-11-24,489.85,1,RJ,3,electronics,1
241c2b89490a7f6f12808716cd51c45c,2017-11-26,288.33,1,MT,1,computers_accessories,1
7a415e8280c3ae4d608481124c4f5d62,2017-11-03,68.7,1,SP,1,computers_accessories,0
f2efe29fe1cac4dcbb6f53f87735245b,2017-10-27,47.69,1,ES,1,computers_accessories,0
af85e6e8c9f67f653b51429df7839001,2018-03-06,364.91,1,RJ,4,computers_accessories,1
1a329557d7819d901a3b2cd102417f30,2018-03-04,35.69,1,RJ,1,electronics,0
809502db5eb0c22781dbd4d0c3ffbac3,2018-05-04,40.959999999999994,1,RJ,1,electronics,0
4be5f1347b9a783d77d8a9f5af069886,2018-02-21,100.24000000000001,1,SC,1,computers_accessories,0
46725d773b27a905cf629f60fa30762e,2017-11-17,233.55,1,SP,1,computers_accessories,1
a77696c7b42da1121205a92ddae7b5c7,2018-08-10,40.35,1,SP,1,electronics,0
96ba203b82627b53d6797d030b330274,2018-03-20,93.16999999999999,2,SP,1,electronics,0
ce66c6a0f60005b066500b1e8f467071,2018-06-01,518.37,1,SP,10,computers_accessories,1
9bcb423a861c6d643c7ce87c0cf4c7c1,2018-08-03,37.58,1,SP,1,computers_accessories,0
8ba38eb02a4a3e3b991c454cff9c9f39,2018-05-25,114.23,1,SP,1,computers_accessories,0
bab00350f5ef0c26654bc8eb1b90ea9f,2018-02-17,161.85999999999999,1,MG,2,computers_accessories,0
3a04af7ae8cc442a2dad55dec73fb2e6,2017-09-27,569.61,3,SC,1,computers_accessories,1
b1ff76b779af8040fa4c9f78afe180a9,2017-06-19,361.76,1,SP,1,computers_accessories,1
1394e025297d62db2c4e7b15df476489,2017-10-31,76.94,1,SP,1,computers_accessories,0
39f7f311dd99e8f71f8d16bda3c615ad,2017-04-05,286.09,1,MG,4,computers_accessories,1
ef9436d5d8ad55bb0f9dc670d8391ee8,2017-11-28,140.1,2,SP,1,computers_accessories,0
2543c6a3c6b09c5f720768e3d6f464d8,2018-06-24,47.0,1,RJ,1,electronics,0
94726dd6ee359e6b201305165dac1d5b,2018-01-07,46.0,1,SP,1,computers_accessories,0
87c8ac1de72a771acb26702730aba866,2017-04-02,38.42,1,SP,1,computers_accessories,0
2f8d9d86fd227f6a31f766d1cc5ef2db,2017-11-19,160.33,1,MG,2,computers_accessories,0
ebb499c608d356e59ebb827f62b25712,2018-07-24,35.54,1,MG,1,electronics,0
4ba6cf8c58812d65edc6a67cf37c4aeb,2018-06-21,64.44,1,RJ,1,electronics,0
63773910895f35751c9a1eb0ba5530c9,2017-08-29,31.38,1,SP,2,electronics,0
7e4b03dd0033e5b679e258243d9df206,2017-08-30,175.35000000000002,1,DF,1,computers_accessories,0
4b8531adbebcd4cee2f85862c7827dee,2018-03-24,195.54,2,SP,1,computers_accessories,1
497463bc831a82dc0db5cdbb85c3a33b,2017-12-22,353.9,5,SP,1,computers_accessories,1
c0ebb2411df290b3d4e15a8409f419b2,2018-07-05,175.3,1,SP,15,computers_accessories,0
d274c6fec283184db0a84729351bf6cc,2018-05-10,40.959999999999994,1,RJ,1,electronics,0
9099e5808d892fd34523293254ddb621,2018-03-08,46.730000000000004,1,RJ,1,electronics,0
85e5ee2172746dd02b91f6d2f3189f7e,2018-01-03,656.53,1,SP,1,computers_accessories,1
8c4d95230ea6b65fa945b79cf07ac312,2018-03-31,85.62,1,PR,1,computers_accessories,0
51ffb9765ad7cfe091821ebd4751dc05,2017-09-17,164.79,1,PR,1,computers_accessories,0
fa28a275f7cbd6cae66e0344f2445595,2017-05-16,354.01,1,ES,1,computers_accessories,1
94c302f23bee09a61c1aab616b01b7b0,2018-04-03,76.56,2,SP,3,computers_accessories,0
4b30d547305dc914c94aaef8f842ebc2,2018-08-10,210.73000000000002,1,CE,2,computers_accessories,1
836128c0637ca6a0c2dbe0c00cf19d99,2017-06-16,77.11,1,MG,1,computers_accessories,0
a95978001177e140008056316fd05811,2017-02-18,214.01,1,SP,10,computers_accessories,1
f49cd89d6dad6dd5759ecf15dfe4bb19,2018-02-19,47.0,1,SP,1,computers_accessories,0
c1e6381e0212521187651df2d8d099de,2017-12-05,55.0,1,SP,1,computers_accessories,0
c3b8117e0c3ab4a5d6db91085a3e7432,2018-01-25,87.17,1,RS,8,computers_accessories,0
362c615940e6d0069585388110f8bab1,2018-02-20,34.0,1,SC,1,electronics,0
b1c09ecb8690220efaee5aafdbcd520b,2018-06-26,162.68,1,DF,1,computers_accessories,0
4082016610cd8b53add011fe068c04b3,2018-01-25,104.86999999999999,1,RJ,2,computers_accessories,0
c65986c7e2864168c83419b46efb984f,2018-03-07,279.78,1,SP,3,computers_accessories,1
151c27c128aed0a8f60f8ed31c5d62f2,2018-03-01,56.01,1,SP,1,computers_accessories,0
f9f7f1e70523c75e60755a32756b264a,2018-01-16,82.52000000000001,1,SP,1,computers_accessories,0
6dfd5e5c5068dadbb8ac93001b69677b,2018-08-01,307.89,2,MG,3,electronics,1
6215b65b1a79cc034605e477320e37c3,2017-11-29,106.1,2,TO,1,electronics,0
c274a2e17f75d6af15fc30bbdb0aa44c,2018-01-05,99.44,1,SP,1,computers_accessories,0
4e4fe0553ce2d62b2b7ab4c81187ae92,2018-03-23,197.8,1,MG,1,computers_accessories,1
d0acc83d2ff6361a1b46385f475b723c,2017-07-10,428.88,2,MG,1,computers_accessories,1
3a3ee9aa5c27f048575edfd6d3926140,2018-06-07,331.06,3,RJ,5,computers_accessories,1
d08cea64b0ea4e19362640cd4b7f5a12,2017-10-29,46.0,1,SP,4,computers_accessories,0
f51fb43d2d69e83cc9cca35f9706798b,2017-11-21,43.58,1,SP,4,computers_accessories,0
db70f8a5634ca9a20586be3dec6ad653,2018-08-04,95.87,1,SP,1,computers_accessories,0
ca77a77fa11ce045321673afb2743d83,2017-07-08,165.81,1,RJ,3,electronics,0
a97a2be3f668f7c6d75a218b2dba8720,2018-08-02,201.43,1,MA,4,computers_accessories,1
59322ccc8917e2a716dfd4f60499b983,2017-06-28,53.33,1,BA,2,computers_accessories,0
cc6084f06931be9f36e97f21edc3c5a0,2018-07-30,166.81,1,TO,1,computers_accessories,0
7a9e6773c0d71852e2a6d24a2101646f,2017-11-30,193.4,1,SC,1,electronics,1
2277cde48c3f407bad730e1dc754edf7,2018-03-26,89.42999999999999,1,SP,1,computers_accessories,0
21a2a72aad2ad28f19974dd4455722db,2018-04-19,73.72,1,SP,1,computers_accessories,0
c5715ae9ef034f7036a9de7a5e9d858b,2017-09-15,320.53999999999996,1,PA,6,electronics,1
f54e13b77fb04661973c69d4ff0a8dec,2017-08-11,52.370000000000005,1,PR,1,computers_accessories,0
46a37629a0e29368f654bab0d2a6cb36,2018-06-20,113.29,1,ES,1,electronics,0
7c0385a35429f81bba270c85f63f4130,2018-08-19,33.71,1,SP,3,computers_accessories,0
39176f8e4a96aef60a2f8df4431ae834,2018-05-10,37.129999999999995,1,RS,1,electronics,0
2c0b15f658bd85594b7943de2c9719fa,2017-09-12,222.17000000000002,1,PA,3,computers_accessories,1
d483bb3f567fb6178f1c27240a01f44d,2018-02-15,146.07,1,RJ,1,electronics,0
2369ff1232ff0d10bb9d924732757881,2018-04-23,525.65,1,CE,1,computers_accessories,1
52c5e13fda94ceb769df5565b3415466,2018-02-14,87.55000000000001,1,PR,2,computers_accessories,0
431edc9c63424518da8f273659cafa77,2017-10-05,122.92,1,RJ,1,computers_accessories,0
1f297fe93c435a51586ee198938876d3,2018-01-04,30.75,1,SP,1,electronics,0
486c20b6af5c5dc6163705a3c6031c3a,2018-05-17,25.09,1,SP,1,electronics,0
74cf1b092d51c72a195a392662615069,2017-12-31,32.379999999999995,1,SP,1,electronics,0
fb7688c98b85305cf636fb26b2804186,2018-05-20,48.230000000000004,1,MG,1,electronics,0
9e4f46493d96c5842aa031c7407d2552,2017-10-26,29.09,1,RJ,2,computers_accessories,0
329033bcfc8c56c7d06fb88f2e60f320,2018-03-07,38.39,1,SP,1,computers_accessories,0
d3762703e4549c646c1f000b5094abea,2017-10-28,44.239999999999995,1,SP,3,computers_accessories,0
1fd97d7745cc7716a0ee9c65235098e0,2018-05-20,46.94,1,RS,3,computers_accessories,0
7f14c64f7f48c0243c290e47dd51cfeb,2017-02-07,31.86,1,MG,1,computers_accessories,0
b2965edf94b570cd52b1d61430a3beec,2017-05-17,46.0,1,SP,1,computers_accessories,0
ec85c27a8b665a26a66f773bef603731,2017-08-03,118.41000000000001,1,SP,2,computers_accessories,0
4059056b2f7cadb9cf31238fc351ca59,2017-08-07,65.05,1,RJ,6,computers_accessories,0
02dade411839b1c334363dc9058e1124,2017-09-18,231.39000000000001,1,SP,2,computers_accessories,1
a78de2cc0d6bc691e86e944979c373eb,2017-07-12,193.99,1,SC,9,computers_accessories,1
cd3f264de33e6d5f97fc058f8fec3958,2017-04-17,386.9,2,PR,1,computers_accessories,1
5598657697983e852a752bb7c10f4d01,2018-04-01,28.130000000000003,1,DF,1,electronics,0
faeccb7dc26c1f48cdfc3881c6644f8b,2017-09-05,31.38,1,SP,1,electronics,0
d9956b0805e324db3f2a546ef216c10b,2017-10-10,3126.5,1,RJ,10,computers,1
01b703d8365608f2b01ed9c076d0b3dc,2018-01-05,59.239999999999995,1,SP,1,computers_accessories,0
f6aeaaa897aaaf586ac05fb8d821ed9e,2017-11-23,874.9,1,MG,1,computers_accessories,1
ad5ca87a6601228af735af74e4077178,2018-05-06,52.78,1,SP,5,computers_accessories,0
e9beb67cf376905f8cd308ef0f02071d,2017-01-23,35.42,1,SP,3,computers_accessories,0
87d3f1164e8055f7438ae314fe816cdb,2017-05-24,257.79,1,RJ,1,computers_accessories,1
5dedf97d50ce7b64e7270e21a30fc97d,2017-11-15,30.0,1,RJ,1,tablets_printing_image,0
396e93059094c4e5ebf8af645cb91e03,2018-07-05,207.32,1,SP,1,electronics,1
cd796930ba8c7ed14c79e469aa87c22a,2018-05-07,78.2,1,RS,1,computers_accessories,0
93a955b7a775ad2a9a9309557360558e,2018-07-28,47.53,1,SP,1,computers_accessories,0
1dc69fc31f0dc327020f749c9008a2b0,2018-03-26,53.29,1,SP,1,computers_accessories,0
7bb862945115522f6861b172c72405b1,2018-03-26,55.04,1,CE,3,electronics,0
685560f41db4ede51af9319e0def06f1,2017-12-04,47.81,1,MG,3,computers_accessories,0
abb750c460089b92cb46419e7d7964a7,2017-05-15,113.12,1,ES,10,computers_accessories,0
57d94aaa6b72ca15b3e4801c6d5c0959,2017-08-10,210.29000000000002,1,SP,1,computers_accessories,1
e4be5aacc6848e44f045dfeb0e005447,2018-02-19,70.66,2,SP,1,computers_accessories,0
575bfb61f87cbd5b35f76ca953e1edff,2018-08-12,137.51,1,BA,10,electronics,0
c7d2e4441e2074bed6ad0cd9ee428f3d,2018-02-24,204.43,2,DF,2,computers_accessories,1
71628d400b400bc93316d9d6245feef7,2018-03-19,101.74,1,SP,1,computers_accessories,0
792bb673f614c5eec62086b083eb9355,2017-10-18,353.42,2,SP,1,computers_accessories,1
7b734c5bc97dccfab80232a0efd694d9,2018-06-07,106.5,1,RJ,1,computers_accessories,0
9a870e988c5cecaa5c381c345f158dce,2017-10-24,81.82,1,SP,1,computers_accessories,0
23976d6dc9224e9d1f9e38a7b6fb03df,2018-03-02,106.38,1,PR,1,computers_accessories,0
2283bc123debf0264cfbdef89f109122,2017-07-11,125.42,1,RS,4,computers_accessories,0
dfcdfc43867d1c1381bfaf62d6b9c195,2018-02-02,115.05000000000001,1,DF,3,computers_accessories,0
0572a001d46280ab9ab95964665ff768,2017-09-05,65.53,1,MG,1,electronics,0
b41c9972504c576d0aef689e13a2df12,2017-09-18,38.11,1,RS,1,computers_accessories,0
0cb87161e7b8247087cc93117f44a6a6,2018-06-15,630.28,1,SP,1,computers_accessories,1
480ee2078a3e46f9d5e2fc737ca22b10,2018-03-04,263.24,1,SP,2,computers_accessories,1
6e82dcfb5eada6283dba34f164e636f5,2017-05-17,385.8,2,RS,1,computers_accessories,1
867c1fae09ee60fcad9d4257bcbe40d8,2018-01-17,75.08,1,PR,1,computers_accessories,0
943124300f49c04925947c81838ab67d,2017-10-23,35.089999999999996,1,MG,1,computers_accessories,0
ed7020a10eed1ef7a4895ad933baa211,2017-03-31,115.39,1,RS,8,tablets_printing_image,0
c4af7035333104ac0c5a20ffbe8884ee,2018-02-14,196.01,1,MG,1,computers_accessories,1
1a9c245550ac4d57455c5e25c866cad4,2017-02-12,124.18,1,PE,1,computers_accessories,0
f51dee029e4d8a8d3cf9a33de36dce7c,2018-01-30,201.07999999999998,2,SP,1,computers_accessories,1
9ccb6719fa8bca71f05094ee18873cd6,2018-06-11,37.879999999999995,1,PR,1,electronics,0
c47dc6fcedbf35d7a69bfb400a3dec69,2018-03-06,90.38,1,SC,1,computers_accessories,0
5b5df11336181a5d1e7a021ea5642bd6,2018-02-20,74.78999999999999,2,RJ,2,computers_accessories,0
de25b0f0bc16aa46db52a0cb9963b764,2017-07-18,213.03,1,SC,1,computers_accessories,1
9e4b90eef41ed5a85e2e2f8bef415075,2018-03-28,21.04,1,SP,1,electronics,0
b9a14e2078e1693e5e4c8c010c83fee8,2018-01-16,81.12,1,RS,1,computers_accessories,0
be178aef757640fe4721501249ae18d8,2017-03-22,38.86,1,MG,1,computers_accessories,0
a90d54c4e730c3f73f5fbf256ebe58e2,2018-05-04,126.64,1,MG,1,computers_accessories,0
f843ccac0632c0896595e1b790d93733,2018-04-23,64.13,1,RJ,1,computers_accessories,0
0700a8e0947d76a90800538ff87da453,2018-04-22,33.230000000000004,1,ES,1,electronics,0
dd2e84f453b5bd5297babe45f1183f84,2018-08-16,33.71,1,SP,1,computers_accessories,0
43e1069a30462196f230706e01f65785,2018-03-06,164.07,1,SP,2,computers_accessories,0
273839c63013993629b3cad503bc92f4,2018-03-22,173.88,1,ES,2,computers_accessories,0
df7f8e668092abf15eef89b947ba2ef2,2017-07-26,88.56,1,SP,4,computers_accessories,0
c05f8f8d85ec06af1b5de0baa7050f4e,2018-08-11,20.27,1,SP,1,computers_accessories,0
3f84b0049b0be014bde59429ca8267fc,2018-08-17,20.38,1,SP,1,computers_accessories,0
fd95c34a9c3218bafb1835cf55a5ae74,2018-08-09,56.04,1,SP,1,computers_accessories,0
4ec3c9f805653722ef9965b81ffe924c,2018-03-20,41.89,1,SP,1,computers_accessories,0
1636a9053d37c67f6463b90121fa81cc,2018-06-12,44.760000000000005,1,PE,1,electronics,0
ed2e531820c09c6a5dd68fe295484148,2017-11-24,398.8,2,PR,8,computers_accessories,1
281312c1f75aca1051527291272b4b46,2017-12-01,46.0,1,RJ,1,computers_accessories,0
7ac7aa6251f124754c968e2a83346b96,2018-06-11,114.47999999999999,2,SP,1,electronics,0
a17a8c999619b6b4a7aec9d534cd56f2,2018-05-16,55.129999999999995,1,RJ,1,computers_accessories,0
d4168014cf49632d19312aa3385b0dbe,2017-12-19,27.34,1,BA,2,electronics,0
2b091bda8d69a64119fa4ec34147f946,2018-03-13,108.78999999999999,1,SP,1,computers_accessories,0
b5572b1a9c58d00d3ad345667cd3a0de,2018-03-13,199.14,1,MG,1,computers_accessories,1
c78d3864787e5e72f651722a8858d8b6,2018-04-29,90.99,1,SP,1,computers_accessories,0
cef8a99d7dd7e35db1b3211b258b6550,2017-11-24,57.58,1,SP,2,computers_accessories,0
119060af27b04f5fae8b2b0e27eef7f9,2018-06-11,84.66,1,RJ,1,computers_accessories,0
92403e7845bd4b2d3d51719fcdde71ca,2017-12-10,79.17,1,SP,1,tablets_printing_image,0
0ae449254770bfec75a99b8d804e5b10,2017-09-11,173.84,1,MG,1,computers_accessories,0
9668df5c9cd95343e4c6282f85091924,2018-05-02,88.54,1,SP,1,computers_accessories,0
c70ddc702499e20988c929a93a3f1c57,2018-01-05,649.1400000000001,3,MG,1,computers_accessories,1
2e266d1d2bf4cdf6d74ee51b92bab016,2018-03-12,173.88,1,BA,1,computers_accessories,0
2a103014bffb0e98ec7019d0c7856548,2018-02-07,93.88000000000001,1,RJ,1,computers_accessories,0
882dd62cfb645823fd2fe550592fd4fa,2017-05-23,101.75,1,MG,4,computers_accessories,0
c943bc78c323d9a46208210c587c2ce4,2018-04-01,21.04,1,SP,1,electronics,0
e713f65c5d4bdb8c51c935cd205c3b22,2018-05-22,63.31,1,GO,1,computers_accessories,0
38bbb94deba996cc4485e25cd0b27a20,2017-07-30,70.17,1,SP,3,computers_accessories,0
43f32db0dedd975e294e98ce23b24661,2018-05-11,1937.64,3,SP,1,computers,1
671d3f16cc641e15fb8b5df50be64cac,2017-07-17,125.22,1,PR,6,computers_accessories,0
9bb11e2059f2b75d3590a4b33f96dfff,2017-11-13,45.53,1,ES,1,electronics,0
df0036e685fb491dbb08531f082ddbb6,2018-08-08,44.28,1,SP,1,electronics,0
349ac0dee57737a2916f90c7d3aabcc2,2018-05-02,138.74,1,BA,1,computers_accessories,0
e14f99f488bd5610101ea33be3ce33d1,2017-03-05,79.52000000000001,1,SP,1,computers_accessories,0
71319d53f28cff9869fa0650f26e9758,2018-05-17,54.38,1,SP,1,computers_accessories,0
8bc27fa525999e4e0a620dd5e5cabb36,2017-12-20,88.72,1,RJ,1,computers_accessories,0
fc14039d9862e0c47917cbb337d06b64,2018-02-08,129.09,1,DF,1,computers_accessories,0
aa7e9053d6514094d6d72f1ef2c2bbd6,2017-12-01,47.81,1,RS,1,computers_accessories,0
184f70b8fee18cd0046c3683f9ab3a06,2017-11-09,71.72,1,SP,5,computers_accessories,0
590bf22b132e188810d97f542a58f3e7,2017-11-20,221.70000000000002,1,DF,1,computers_accessories,1
3b762d0fc1d3436171716bc6c3ae8497,2018-03-07,380.4,1,RS,3,computers_accessories,1
fc8b5696b23d0710ae737ff9c16f80ea,2018-01-15,98.56,1,SC,1,computers_accessories,0
ab960bedab25b686fc5202ccf9be3094,2018-05-08,159.03,1,PR,1,computers_accessories,0
44c20b916ad4112aab925e7ecbd6b1fe,2018-04-12,107.55,1,SP,1,computers_accessories,0
b73095e1b4a660f696d90a6f5446b58c,2017-07-28,64.71000000000001,1,SP,1,computers_accessories,0
28fef81ab1df2696fb04a5353d4ad79b,2018-06-12,72.35,1,SP,7,electronics,0
62d2be1fdefb1437c1d94932ecd95545,2018-02-08,133.85,1,SP,1,computers_accessories,0
ec9a51782b5483ba996ab13bc3bbc30d,2017-11-25,78.28,1,SP,1,computers_accessories,0
6170d8a92e5cd9a59e1f17ffdd5bf6ec,2018-02-24,177.8,1,PR,1,computers_accessories,0
0f45620a11a03ee4bdf8f0877f47ad28,2017-06-10,115.94,1,PR,1,computers_accessories,0
500c03ceb1146ec73ff0263b4d0e0c72,2017-12-06,40.85,1,SP,4,electronics,0
3656fe1c2f4a269235d18fc325aecb13,2017-04-12,96.2,1,RS,1,computers_accessories,0
99a9646b3ae55969f333cc36747297fe,2018-06-21,220.23,1,RS,1,computers_accessories,1
2020bdcbe9edf60fcc9c8a67b9733e2a,2018-03-16,28.59,1,SP,1,electronics,0
9d47e048cd4a6ff635406a2212b0a7f0,2018-08-21,328.69,1,SP,10,computers_accessories,1
e17bd911e20bf0862b784df73f0940c9,2017-10-30,117.16000000000001,1,MG,1,computers_accessories,0
29420ac99e8348dec23b07c28884e584,2017-04-26,92.13,1,RS,1,electronics,0
9914efa57f1a52e1c0a2735c0f927bbf,2018-02-10,234.66000000000003,2,PR,10,electronics,1
72ca7a0edf21ea90416daca244df80ab,2017-12-08,45.2,1,GO,1,computers_accessories,0
2f41dbe3e1e76b3d8092ff2bd3ea676f,2018-01-04,34.0,1,PR,1,electronics,0
f3a5912c19c19f1c1bbbb7a47ed9afc6,2018-08-12,610.92,1,MG,6,computers_accessories,1
c5b0334dd1b5fec8ac7ef5d5721d32d6,2018-07-20,245.9,2,SP,1,electronics,1
462d8e94b8f783ee75c23cbcef73748d,2018-03-27,87.10000000000001,1,SP,1,computers_accessories,0
328ca55e2f1c5493e39c0f3f96156367,2018-04-16,175.08,1,SP,1,computers_accessories,0
96f09035ece72cb1bbff425efa9a372a,2017-10-07,1058.78,1,RJ,10,computers_accessories,1
44ec3a74b2c9dcfe0f2fa9031613065d,2018-06-04,176.09,1,RJ,2,computers_accessories,0
cea5026b69096ddae036dee16fb94afb,2017-02-08,27.86,1,MG,1,computers_accessories,0
0ef3432e1de2a568bf55ba299ad130b5,2018-02-22,27.4,1,DF,1,electronics,0
afbfc4a5b3161e9e1f89056b0b3ed238,2018-02-25,177.42000000000002,1,RJ,1,computers_accessories,0
ce8bc9d1350f5e9b6b22fcf981df3aa2,2018-08-06,79.93,1,SP,3,computers_accessories,0
becbd0e26ba3a2cfffc4d318c2846de5,2017-12-08,218.32000000000002,2,DF,1,computers_accessories,1
ace93d8571d1d9638e9b7b0d70b9b5db,2017-07-24,108.7,1,RN,5,computers_accessories,0
9f13927ccc18f46d4775442f5bda0459,2018-08-09,218.49,1,DF,3,computers_accessories,1
f02b294da37145d798be2c6143628850,2018-03-12,151.61,1,SC,1,computers_accessories,0
2c283d6fe3628e20caec652ad3703c7e,2018-02-09,91.28,1,AL,1,computers_accessories,0
0170e40334131d971605ae70efb33e4f,2018-07-18,37.230000000000004,1,SC,1,computers_accessories,0
69e55e8336714dba1ef5bc0a7c284d38,2018-03-19,152.76,1,MG,1,computers_accessories,0
4b2d035932915aa9c2a0d4d84cd6d3b0,2018-01-31,187.51,1,SP,3,electronics,0
2c3e691445b0edeba4836606bbb095c9,2018-06-05,150.83,1,PR,1,computers_accessories,0
1854a6f99182e2eb617259d3336b7e70,2018-06-02,35.129999999999995,1,RS,1,electronics,0
6f3b34d75d61bdd8ef79ba590a88ba5b,2017-05-13,105.06,1,BA,2,electronics,0
f69d0a58330775f717bb47e9640e4c04,2017-07-11,55.0,1,RJ,5,computers_accessories,0
fa7d72fd5ce0a155a608f0981ef23c91,2018-08-15,30.060000000000002,1,MG,1,computers_accessories,0
1afc78423ebc34ed1e97cb320ac86620,2018-04-02,27.78,1,SP,1,computers_accessories,0
c5a49aa0c426e9c86aeb67a275c1a490,2017-05-17,237.3,1,RJ,2,computers_accessories,1
5d4904af2abec966288d8236c091bbda,2017-05-13,58.6,1,RJ,1,electronics,0
3b49e8b3142b569c258368484a58bcea,2017-11-15,248.76,1,SP,1,computers_accessories,1
53f691559a46605daffc49da7f178bee,2018-05-18,51.79,1,SP,1,computers_accessories,0
e98b495d3efa269c922cf62d18c6e2ec,2017-12-01,255.97,1,RJ,8,electronics,1
6e1e856a0fa5c51efd83408e3f8d1fe3,2017-10-24,54.17,1,SP,1,computers_accessories,0
3710f61b45bb40db596e352722b6937e,2017-09-07,1603.25,1,MT,8,computers,1
af9c840cca8fc0cb05a2f9e9ec923fa6,2017-02-23,193.39000000000001,1,RJ,2,computers_accessories,1
21d601597d3c4723d5e5f81dc1d2c01e,2018-02-28,36.79,1,BA,2,electronics,0
c246fd65fbfdfd5eaf13ee936827a1d8,2018-07-23,148.7,1,RJ,1,computers_accessories,0
0194686a55eb0a869321fb107f4d114a,2018-05-22,209.49,1,MG,1,computers_accessories,1
ef2d13d781a97ea071e0ad0236e35f49,2017-03-29,56.45,1,SP,1,electronics,0
8dcf2ec06339997ba2eb7db51b7076fb,2017-12-04,91.18,1,MG,1,computers_accessories,0
e7dce62b3a446895d10cfb513a4eed68,2017-11-16,36.69,1,MG,1,electronics,0
0f3916a6e4cad3ec561784603b3af55f,2018-04-02,31.53,1,ES,1,electronics,0
fc0505833ea55953cb885d6694daa689,2017-09-15,166.51,1,MG,1,electronics,0
f7dbcda3f48b607b8ed01b6bcd84b92e,2018-06-11,237.61,1,MA,1,computers_accessories,1
9cbace8b4f2406f3a0a9c404d60a2328,2018-04-19,87.32000000000001,1,SP,2,computers_accessories,0
5df41d8270624e3bcd155e2803cd3fea,2018-02-25,178.12,2,PR,1,computers_accessories,0
966f85d6e1a0628e2093a3d24b53805b,2017-04-25,93.72,1,SP,1,computers_accessories,0
887c6b210d8a2d3a1158dfaaec74e786,2018-03-04,80.61,1,SP,2,computers_accessories,0
a82beeeb2b06557b19fe6b182d9f1a5e,2018-03-13,249.49,1,RJ,3,computers_accessories,1
67f8e053cf5ef87dac0a72cc08a49bd8,2018-03-28,104.99,1,RS,1,computers_accessories,0
4a2098244c1910e8e9e9251e2e5faa2b,2018-01-03,72.0,2,RJ,1,electronics,0
dbaabdb0be80480bf6306b5e3c953017,2018-06-04,176.09,1,SP,2,computers_accessories,0
d710c73e401b4a2ac211c25a76f5af88,2017-10-13,82.98,1,SP,1,computers_accessories,0
3733b36d82377a01ed4386abf60df35d,2017-08-13,185.05,1,PR,1,computers_accessories,0
52829e9959fca34bf525c9e260e69e55,2018-03-13,349.11,3,MG,1,computers_accessories,1
23d4f61b839ef6570d6bc7210be91d8b,2018-06-07,107.86999999999999,1,BA,10,computers_accessories,0
09ae00385becd9090c7e85eb465605e0,2018-03-22,189.0,1,MG,1,computers_accessories,0
a7d5e53a5efe34103e6b5b67c497c2fa,2018-02-16,173.27,1,SP,2,computers_accessories,0
d4f0a2e6724782ffec52257b637dc928,2017-05-02,43.62,1,MG,1,computers_accessories,0
6465d3dc9fca8e88c2f2cbe75eaea6f3,2017-12-13,242.42000000000002,1,PE,1,computers_accessories,1
5df35b35ce08d3d6f634eccfeb93a143,2018-08-01,78.62,1,MS,1,computers_accessories,0
9e7752c172e3994115a2cd609a18de29,2017-09-04,1338.41,1,SP,8,computers,1
b4b23a5f1e3af0a90cce47b18af0e612,2018-01-18,274.43,2,SP,1,computers_accessories,1
9e13d10fe3ab7d47882c882943f5309a,2017-08-19,42.77,1,SP,1,computers_accessories,0
fbb38f33f44df110ef060767b70bdfa3,2018-08-03,700.53,3,PA,10,computers_accessories,1
e3cd6d82ade0e89d757b4d900460f1ad,2018-03-09,77.86,1,MG,4,computers_accessories,0
f1860618b7674572f1f08801ab36833f,2017-09-06,1338.41,1,SP,8,computers,1
358001862da7e31fc81214650e2f134a,2017-05-16,54.0,1,SP,2,computers_accessories,0
f8910e655b2182f4389f8fe8d6035aa6,2018-01-10,45.7,1,SP,1,computers_accessories,0
a49dc0169f9bb6d3ac9829bdebd12299,2018-07-21,78.64,1,SP,1,computers_accessories,0
0f79d33b1365193e6f789e898ecc5a24,2017-11-17,173.84,1,MG,1,computers_accessories,0
a61574f3d74d4d3cec6528240b2017ae,2018-03-03,99.14,1,RJ,1,computers_accessories,0
f2fdb2c26514430fe5fc50af581e9d2c,2018-02-28,36.6,1,RJ,1,computers_accessories,0
8b30044038679449c915fdb8f46d6712,2017-09-24,35.69,1,RJ,1,electronics,0
a5db57e596494a2570d250dea03da4ce,2017-10-16,36.69,1,RJ,1,electronics,0
cf4e2fbc22f6efdf6c5988003626bf48,2017-09-22,44.239999999999995,1,SP,1,electronics,0
6a8068cb2233e4e303e48efa7628d7ce,2018-02-23,78.09,1,SP,1,computers_accessories,0
8a86aed13f75de6f6db042ac9465e231,2017-12-12,40.85,1,SP,1,electronics,0
92d8c82bf73dc132d90e6d3d176f33b4,2018-03-01,32.379999999999995,1,SP,1,electronics,0
f4cff4fb06f75d3b4ecebbc7e42fbdcb,2017-07-30,118.41000000000001,1,SP,5,computers_accessories,0
3d4747e5a741a90f0c60acf8ce8399a2,2017-10-16,43.0,1,ES,4,computers_accessories,0
346fa124d404d88a793438c41f21932b,2018-07-22,163.17000000000002,2,RS,1,computers_accessories,0
9125faac1b379b7b9ab4665189739e31,2017-05-10,845.51,1,RJ,4,computers_accessories,1
60e233aaaa492c07368a9bac1c0ee2d4,2017-10-09,765.78,1,BA,7,computers,1
ef71baaa81b69c4e549f11776ec90f97,2017-11-02,98.56,1,RJ,4,computers_accessories,0
845c454659dd4b14bf2cad50319cb032,2017-02-18,139.53,3,AC,6,computers_accessories,0
ab1cc49978a6bc3ae6e76e0d98f5886b,2018-04-27,53.959999999999994,1,BA,1,computers_accessories,0
acfdfe594c452da60406c0a9a0a3d97d,2018-02-03,174.88,1,SP,3,computers_accessories,0
39c1a4a89678bf3fbbcaa3719ba937dc,2018-02-11,20.03,1,SP,1,electronics,0
ede7a83eecd35db0e8db274811529d98,2018-05-12,32.37,1,SP,1,electronics,0
3b81643b1ae987887152ef3e6ce0d989,2018-04-03,114.89,1,ES,1,electronics,0
ed08d32792c528ba9942fd6b9e95cadb,2017-08-30,1140.15,1,MG,10,computers,1
d80251514bbd83a5bb165f6e5667c6f2,2017-12-11,159.89,1,RN,1,electronics,0
483b53ea654d3566427a092cdef047fd,2017-08-03,32.0,1,RS,1,electronics,0
209ee6cc42b6f0628db36da5d69fd1f7,2017-12-12,79.17,1,SP,1,tablets_printing_image,0
bd814ae8402bcbe563ceed37d1b7db49,2018-05-07,44.129999999999995,1,RJ,1,computers_accessories,0
ad3af4ef16116b6bfc7fefc544fc234b,2017-05-18,220.54000000000002,1,RJ,3,computers_accessories,1
3127891eb38cfdbbe6d5603c658c1509,2018-02-11,53.35,1,SP,1,computers_accessories,0
4380a7440c4b9d8e47eed3703ea3a6d3,2017-05-31,97.05,1,SP,1,computers_accessories,0
4b3176150cda3ef1348ba91dfb6c7b32,2017-11-14,46.0,1,RJ,4,computers_accessories,0
cf728450f45f3d3c59784f7539471f1a,2017-05-21,48.69,1,ES,2,computers_accessories,0
81cedc4d2132eb6f512354166e51b187,2018-07-30,30.279999999999998,1,SP,1,electronics,0
779faf56113de193cb40644b3c455c44,2018-04-02,169.92000000000002,1,CE,2,computers_accessories,0
789541101a0e986e13ec3f43c425dcd5,2018-01-29,17.77,1,SP,1,computers_accessories,0
6c7ddb7af21aaa2a8ff9601aad32c94b,2018-06-18,148.0,1,MG,1,computers_accessories,0
4fefc3f74b4239ec72723cde525a1522,2017-11-01,195.12,1,PR,1,computers_accessories,1
ce11b5ccffa8cdf85eead71dfbf66f9a,2017-12-10,173.84,1,MG,2,computers_accessories,0
a169311914e5fbfba32bae481dd1aa39,2018-03-17,54.38,1,SP,1,computers_accessories,0
14fa05104e2d0b8b2fc25c074c5740fb,2018-02-14,107.95,1,SP,10,computers_accessories,0
d314311fb805546efac408edd66415e4,2017-11-18,44.11,1,SP,4,computers_accessories,0
068ded3b756569845d5ede597fe3b9d6,2017-06-04,52.379999999999995,1,MG,1,computers_accessories,0
34d03ba192ebfee7bb55fc8ebd151245,2018-06-04,20.27,1,SP,1,computers_accessories,0
4ee512b414a41f8ed0239751fc1d77bf,2018-06-05,53.61,1,PE,1,computers_accessories,0
07e8a98c9affe8a0d02edf6229912b90,2017-07-17,167.62,1,BA,7,electronics,0
e0d821e9ff2e0fc0823d159792d9a2e6,2018-05-21,40.22,1,SC,4,electronics,0
f49f77badfc3933812e76370092e7995,2017-09-12,77.11,1,MG,1,computers_accessories,0
3ffa9e029879039a01783bc81c868df1,2018-04-17,97.13000000000001,1,RJ,2,computers_accessories,0
aef5267a7266e5536db6ea825b9366b8,2018-01-31,103.16,1,SP,1,computers_accessories,0
33a0cbee893f2c8ed0a6abfdc48926b6,2017-10-26,53.269999999999996,1,SP,1,computers_accessories,0
49bf9682392edd732a6f0a6c9ff7f196,2018-08-15,83.03,1,RN,1,electronics,0
7eae04ada6ffa5ce119fe7526c8d77d5,2017-12-01,658.22,1,SP,10,electronics,1
2421f14e951ee2f1127aaadaa60d9763,2018-07-31,191.28,2,RS,1,electronics,1
027286057add812ecb77ad0b23604c06,2018-03-03,172.84,1,MG,3,computers_accessories,0
0babf33efe3b411528d29e03b76acc5d,2018-01-30,114.84,1,SC,1,electronics,0
2c3bfbf5ecf75f13c01dd54f87ebbc36,2017-07-24,96.8,1,RJ,1,computers_accessories,0
0c58a94fb3bbbbca032e333885e6c2e9,2018-02-15,138.71,1,SP,1,electronics,0
005e5166e99d1e4d0c4f808b0540ba94,2018-02-21,136.7,1,SC,1,computers_accessories,0
50d338eab6621c8872eb362f57f47fad,2018-03-26,378.0,2,MG,1,computers_accessories,1
39f4de18c3b28bba19ed3eeac7b9ee33,2017-09-01,101.12,1,SP,1,electronics,0
3b401cba521461d124e0487ea53bb009,2018-08-04,142.27,1,MG,2,computers_accessories,0
38e9145bfbed86212bf884f4a8420fcd,2018-01-09,45.11,1,MG,4,computers_accessories,0
4bb0dade496fdb8b82cd2fe250996451,2018-08-19,20.27,1,SP,1,computers_accessories,0
d28b9e0b37f4799ddad3d4599b1d160c,2017-12-30,129.59,1,SP,1,computers_accessories,0
35d75af8e37e575e033ae1a48c1236ed,2017-05-16,202.44,1,RS,10,computers_accessories,1
d77c90347fa4a918af7227743da9ecff,2017-09-15,34.589999999999996,1,SP,1,computers_accessories,0
74eb09c234059210020478373826f860,2017-03-28,54.34,1,PB,3,electronics,0
07c25d3d928865cf442fac10a30163c0,2018-01-12,55.0,1,CE,1,computers_accessories,0
b5548f1e1d8138e39efdf8b24c93bbd3,2018-03-23,109.76,1,SP,4,computers_accessories,0
8dfc586b5e7803bddec671925c1ca06c,2017-10-05,50.1,1,DF,1,computers_accessories,0
69179b97c4e4774ae379e88e67339627,2017-09-11,159.82999999999998,1,MG,5,computers_accessories,0
431d455c1221ca2a6d50dcc4da83246a,2017-12-28,114.88000000000001,1,SP,1,electronics,0
88d0690c4598321b6166f806c2da7034,2018-01-30,101.93,1,RJ,3,computers_accessories,0
9870d16ec4826588030fbb115e76ba70,2018-04-11,142.7,1,MG,2,computers_accessories,0
6cd30de23ae80f0c8c7439acece7ecd5,2018-01-23,36.589999999999996,1,SP,1,computers_accessories,0
05ea910f7ffffe471fab783ea0d8e424,2017-06-20,70.0,2,RJ,3,computers_accessories,0
052b7ade468bbc426187ed75fbc1fb3b,2018-04-03,301.42,2,MG,1,computers_accessories,1
0ecc87706e05dcabbbfe5aa29767e9d0,2017-11-01,1087.44,6,BA,1,computers_accessories,1
f9d2e3d2cc060d2d5fbbaef4fba580b1,2018-04-09,34.03,1,CE,1,electronics,0
6aaa7d9d6982325a6d29592aa3aaa7c9,2018-01-28,29.1,1,PR,1,electronics,0
cf44ae3babec65aa61511ec1730bac11,2018-03-01,42.06,1,SP,1,computers_accessories,0
e2638c5bf9a25fab6628686b0ed83f9f,2017-05-24,186.6,2,RJ,1,computers_accessories,0
1d7ee49ee66da430b533a85af951430c,2017-06-01,213.76,1,SP,4,computers_accessories,1
5bdb1effd4c3c8074b27522b4f0f7af2,2017-10-31,101.81,1,CE,1,electronics,0
ef26a1bd5203cf613f8150597210abdc,2017-07-24,215.14,1,RS,3,computers_accessories,1
f7a1e468985217906faa7ad93b8a3f38,2017-12-04,155.73,1,SC,1,computers_accessories,0
7471a79a069f8d195536e2c9c58d05ec,2018-02-13,114.84,1,MG,1,electronics,0
49f70b872d93bbd22ed87d7fe40f4d17,2018-05-07,35.129999999999995,1,RJ,3,electronics,0
17b3d1031f921e564f12f09e7c4b25e0,2018-01-12,27.799999999999997,1,PR,1,electronics,0
33797bbcfc4f22d40110f77692f83c78,2017-12-10,26.35,1,RJ,2,electronics,0
fbdb43f2551a3acd3d9ac5e2ddf92080,2018-08-16,122.55,3,SP,10,computers_accessories,0
01428962dce3b65e5433eaeb16c0f48f,2017-07-13,403.15999999999997,2,RS,1,computers_accessories,1
0794929f95ad2d3371bf525e22a2603f,2017-11-06,181.47,1,RN,1,computers_accessories,0
ea28640cffa87eb4e40d8c864fb46aae,2017-11-13,61.82,1,SP,1,computers_accessories,0
5352e5739f5e5d0fb4d12c4fd4ca8bf5,2017-05-07,43.77,1,SP,2,computers_accessories,0
8ef4bed1022c0f48012b556559e43f06,2018-04-05,200.16,1,PR,2,computers_accessories,1
c9abb9f3b4b71b87bfbc5645a02cf8cc,2018-04-16,185.8,2,SP,3,computers_accessories,0
844d901d8e848347a55c93cd4da2aa87,2018-02-02,469.32,1,SP,1,computers_accessories,1
1c4fa73d581e562be4c787e9d82259cf,2018-01-15,38.8,1,MG,1,electronics,0
51eaae3287e04efba45a51f52098fc88,2018-04-19,87.32000000000001,1,SP,1,computers_accessories,0
d949d4dcea6ae27ff040b9f9f40fac7a,2018-06-25,55.28,1,SP,1,computers_accessories,0
27b286dd0016893043cae6da2f07a2a5,2018-02-13,26.35,1,MG,1,electronics,0
43542fbe2e7b735e5db10cb3588d63d0,2017-10-23,41.0,1,SC,1,electronics,0
9b6105fa4cb14f57b7a7581fc23327a2,2018-02-06,100.23,1,PR,3,computers_accessories,0
d5019697adae49bc605b362a5647971a,2018-06-21,152.21,1,SP,1,computers_accessories,0
a92ac2f2738d0a4b0add8fe65157d5f5,2017-02-02,232.0,1,ES,3,computers_accessories,1
22ecef80997c71139d9679802f02e84d,2018-08-14,67.44,1,GO,1,computers_accessories,0
ecfac5c29a3281d0ccd4cd7b53ae7ece,2017-07-14,26.43,1,SP,1,electronics,0
2356da144f2eb45c2d226126cd72245f,2018-03-04,88.91,1,PR,1,computers_accessories,0
300449403bc51b74937be794d4999da9,2018-01-09,32.379999999999995,1,SP,1,electronics,0
2dedcbba76be1566c5b983e07348d75f,2017-01-31,63.65,1,SP,1,computers_accessories,0
14ed86978b67164350d3dbe3d4f13ec3,2017-08-14,58.22,1,SP,1,computers_accessories,0
1f0c014f0e64850a2020368551656dba,2018-02-22,27.299999999999997,1,RJ,1,electronics,0
2e6d2d54826e3dc0cf96b86f6d029dbf,2017-08-01,62.47,1,SP,1,computers_accessories,0
c3256d0b41fca9e8892884ca21306c59,2018-08-02,93.61999999999999,1,MG,1,computers_accessories,0
e46475bd25ec0611f7ce2a2f0e63bc8f,2018-02-13,114.41999999999999,1,SP,1,computers_accessories,0
79d78a9ea5d396742c0efb562c68e2ed,2018-07-25,38.23,1,SC,1,computers_accessories,0
6f4c22d6819340866bb330c97cb45c81,2018-05-03,98.42999999999999,1,RJ,1,electronics,0
40c47ac0a33ea4a23b9ba2ab87a77f16,2017-08-16,42.089999999999996,1,SP,1,computers_accessories,0
7b497afd7e9512da3d6780bf6b5c9971,2018-03-21,166.59,1,MG,1,computers_accessories,0
8e01476de7658766c75d118e291d2b16,2018-05-28,83.35,1,MG,1,computers_accessories,0
62dc853d2c511ebfb7d441c6c74d811e,2017-11-24,195.12,1,ES,8,computers_accessories,1
ccce262c4b1775baab94c62c954014c8,2018-03-19,299.79,3,SP,3,computers_accessories,1
49d0ecc62e79de0f34766cb97df47cf7,2018-06-04,22.689999999999998,1,SP,1,electronics,0
ad0cbc6e9cc5bce4165e35ad4a42d8a5,2017-03-06,29.619999999999997,1,MG,2,computers_accessories,0
b7b95a33401e50caf4f570d95d028d6d,2018-02-18,202.06,2,MG,1,computers_accessories,1
35c66e9b12fe72dbb0b8d34af424c3cf,2018-08-01,83.67999999999999,1,SP,3,computers_accessories,0
1b73fc583f45c471c55fd8d81945db74,2017-02-16,66.99,1,PR,2,computers_accessories,0
d3909d7239431c7132c3aac806ec6507,2018-02-27,171.08,2,PR,4,computers_accessories,0
7b6e1f2c12c784e2ddc7c71547cb6502,2018-05-03,23.29,1,SP,1,electronics,0
2b6d1ff8e68170b9ff0b3267c3ae9e72,2018-04-19,78.2,1,SP,1,computers_accessories,0
09b584a0cd8717a01d318729fa61a867,2017-08-27,114.49,2,SP,1,computers_accessories,0
c8d07495cb4d7e181efd6c722f77c5f7,2018-03-26,77.03,1,RJ,1,computers_accessories,0
3bdbd9f5f42278fb48aa879475fb33b4,2017-08-24,176.2,1,MT,1,computers_accessories,0
818616212e51e6a1acfdf026e90c75c5,2017-06-17,53.0,1,SP,5,computers_accessories,0
0606be58306f48924f5b44a39cfab9ec,2018-06-07,52.04,1,PA,1,computers_accessories,0
33e5224f58fe2ca5d11f07b36f3fb6ec,2018-01-15,96.9,1,MG,1,computers_accessories,0
62e724c4929b9543648a7443b0cecb74,2018-02-22,90.17,1,MG,1,computers_accessories,0
ca836e631fd3b9408c19cf18ee331e08,2018-04-04,194.07999999999998,2,SP,1,computers_accessories,1
5ca67c75fe0b43ebc7ff9e3711b44162,2018-03-05,45.31,1,RJ,1,computers_accessories,0
ce435884a2e9263799fda4abd28e7ea1,2018-03-18,38.03,1,GO,1,electronics,0
6a840170ff9f5c99f069b8526d8c21a9,2018-03-14,72.38,1,SP,1,computers_accessories,0
b061c1796cd341f652a36bdd8a5aedcf,2017-12-03,79.17,1,SP,1,tablets_printing_image,0
08e33dc1bf04d3cbc2fb5e93fbfcd6c2,2018-06-24,105.75,1,RS,1,electronics,0
7dd7119f5e4a11c202cc89a68c123a14,2018-05-09,27.78,1,SP,2,computers_accessories,0
9827a7b79fe79be87d4d845fbe1e16e4,2017-09-18,31.38,1,SP,1,electronics,0
20fc41b5546587400e8ef6a97936ed06,2018-08-08,173.67000000000002,1,SP,1,computers_accessories,0
cea503481ea27c2c550bc48e007fc0a8,2018-07-11,42.53,1,MG,1,computers_accessories,0
140c901be097e36e0ee9e2249e97dfdd,2018-05-18,38.99,1,MG,1,computers_accessories,0
f5dbaf6c0097869f39c165f8677540a2,2017-05-23,61.75,1,SP,2,computers_accessories,0
f5508c24aa4418c7069ad5a43b06bdee,2018-05-14,25.04,1,SP,1,electronics,0
21c9e1884faf91f5fc65224d92b2ef83,2017-07-05,108.44,1,SP,5,tablets_printing_image,0
b7bad41b595c73cedf79fe679bf246d9,2018-07-15,104.4,1,ES,1,electronics,0
7210d7fc318b9dc764bf75da0bd6c74c,2017-12-30,20.03,1,SP,1,electronics,0
9bbd8492ba2666b178725e2bfc1a8349,2018-02-19,36.69,1,MG,1,electronics,0
642c50cb8d316db5333548a2c0fde4c6,2018-06-29,40.25,1,MG,1,electronics,0
4750713fdb6d170de81aa2c130a28887,2017-12-07,92.89,1,SP,1,computers_accessories,0
0f30693cac68f8597594c35a1dc38a8e,2018-02-26,83.13000000000001,1,RS,1,computers_accessories,0
a6cc4d40b53f7e99ea8ba03cd33ae60b,2018-04-25,175.08,1,SP,2,computers_accessories,0
7a883816859109cf747fc1c602c359f6,2018-03-10,98.71000000000001,1,PR,1,computers_accessories,0
9f5054bd9a3c71702aa0917a7da29193,2017-10-05,1866.7,10,RS,1,computers_accessories,1
05cd5649410dd46b0467669ff19e294b,2018-03-03,189.37,1,RJ,2,computers_accessories,1
939d9e122aaa16bc3792f827d94aa25f,2017-11-03,44.379999999999995,1,MG,1,computers_accessories,0
1b0bc119ea5ac37e73e2275afc7904ee,2018-08-14,1543.25,3,SP,12,computers,1
ae38baf8e79e71e5e32c236c9224109d,2018-05-18,252.51,1,SP,8,electronics,1
a2f9ff7df829bc4345e5cf8b5bab2e85,2017-11-16,59.1,1,PR,5,computers_accessories,0
4699ddfefc61852827c3bc751aff6873,2018-01-20,177.49,1,RJ,1,computers_accessories,0
f35eb04d9a3ff7d7d0465f00f6eead81,2018-02-18,65.36,1,SP,6,tablets_printing_image,0
29e966309fac074840d242051d6a357b,2018-03-15,74.28,1,MG,1,electronics,0
5442b242d10aae8dff9aa365da9bf76b,2018-04-09,218.07999999999998,1,PE,4,electronics,1
694197f98148ec200eaeea667995bb35,2018-03-05,253.69,1,SP,1,computers_accessories,1
0d88c1807ea23596e9a3222c2aad549d,2018-01-30,54.0,2,MG,1,electronics,0
c59691ad2976778e15003aefa6dafaed,2018-07-20,299.18,1,SP,3,computers_accessories,1
a1b57552891d32e63b959ed210edad44,2017-04-24,173.25,1,ES,2,computers_accessories,0
3ce61878d5eed0865d51e364fdd01ac2,2018-02-14,75.58,1,MT,7,electronics,0
f08dc1531373f63ea0779a333ae40275,2018-07-04,29.22,1,RJ,2,computers_accessories,0
10af96a0689260134307879127ac1952,2018-04-12,113.19999999999999,1,MG,2,computers_accessories,0
9391a350faf505bf6880c4d747f26e4d,2018-07-27,79.7,1,PR,1,computers_accessories,0
2421a2b1bdf7d442b13675a1667d915f,2018-01-11,53.05,1,CE,1,computers_accessories,0
8dc3550fe0754e1c7b777cba6109f525,2017-09-14,190.37,1,RJ,5,computers_accessories,1
28a77826d03dfad917f9b8d43d06341e,2018-01-06,168.02999999999997,3,RS,1,computers_accessories,0
2330997bb48bfc161534281ecbda1739,2018-06-20,68.35,1,PR,6,computers_accessories,0
99482042fe756df3f9ce2adbde9b7c7e,2018-06-01,35.129999999999995,1,SP,1,computers_accessories,0
c43428e158013a24ec4a18007fd99082,2017-07-31,61.800000000000004,1,SP,1,computers_accessories,0
63cf60878903ad6824697ecfa2bba46d,2018-02-28,26.65,1,RJ,1,electronics,0
09f8cd8a102b3f3fa2d5db0c6aee489a,2017-09-15,810.13,1,PI,3,computers,1
dc06d3b11cf4f6499a6fde2c1beda13e,2018-07-09,162.66,1,ES,1,computers_accessories,0
909fe8229847328fa7b5fa59b253ba25,2018-08-09,85.49000000000001,1,RJ,2,computers_accessories,0
f8b1f5bc1c01359c4cc4e611c257ff2b,2018-01-20,92.5,1,PI,3,computers_accessories,0
688777dd259c99e7554f3901ff653a54,2018-06-28,175.3,1,SP,1,computers_accessories,0
dda00bd9d2607be3fdb9db2abe33b9b7,2018-05-18,87.32000000000001,1,SP,1,computers_accessories,0
a13c2dd333f7fc6e2cc260f2e307ae0e,2018-02-22,177.49,1,MG,2,computers_accessories,0
5d6ca8d2f39c609dc330b731dc5777cb,2017-02-17,38.68,1,SE,1,computers_accessories,0
d36b13fdc087b62c490a9db5c0e0a913,2017-10-04,96.8,1,RJ,2,computers_accessories,0
ac5bec9923eff67a7b009e9b911568d8,2018-07-13,32.37,1,SP,1,electronics,0
84b0b638cd0168c9b746cca306bae3dc,2018-03-02,62.28,1,RN,1,electronics,0
b84a7eeb925e2c96bd6cd7796394ece5,2018-02-04,99.74,1,SP,1,computers_accessories,0
122f75d9c2b30dfb21ca6950ec587b90,2018-05-11,2638.64,2,SP,10,computers_accessories,1
52b7fa35b1e5c8bdea5869804dced415,2018-08-26,94.63,1,RJ,1,computers_accessories,0
3ee6f1a94cd7b1aa622553fd94a3aaf3,2017-08-16,382.82,2,CE,10,computers_accessories,1
48684d386e644dd78838cd828e1e4cc7,2018-02-07,137.32,1,RJ,1,computers_accessories,0
0d36ae23909d6afcc7030279ef2f921f,2018-02-03,173.27,1,SP,1,computers_accessories,0
f13789f42f165f45674bdfb75866ce1b,2018-08-08,62.86,1,RS,1,computers_accessories,0
720c168395983625e42d1596d5cbc08d,2017-09-20,44.53,1,ES,1,electronics,0
cbe1b25dcc644c1107175a532b85549c,2018-03-15,40.93,1,ES,1,electronics,0
4b38fe7b90551ded1ee61140282fba02,2017-08-03,23.72,1,SP,1,computers_accessories,0
495b9ae2b9c128e387b6c48ddfa390b0,2018-03-19,59.84,1,TO,1,electronics,0
e832fe7f7808b5f981ee02746681d40e,2018-02-23,119.94,1,RS,10,computers_accessories,0
324fa8fbfb831d603c99858e4ee49d14,2017-12-04,279.1,5,MG,1,computers_accessories,1
9056740c184b71423eeb08f38af4b3e9,2018-01-15,30.439999999999998,1,BA,1,electronics,0
bd9d0b4bd72874264d4f1467b4d51323,2018-02-10,35.55,1,SP,1,electronics,0
55bfbfa061b18e10920a841846c3f932,2018-02-22,140.63,1,SP,1,computers_accessories,0
7733e69c809ba91635d96e87932641c6,2018-05-11,43.959999999999994,1,BA,4,electronics,0
44f2785218ac7e69a0a6b5a334961b4b,2017-06-12,779.9,1,RJ,1,computers_accessories,1
e3cd7760d76646f3a871df5eb3eaa849,2018-05-19,31.130000000000003,1,MG,1,electronics,0
dd96d2bc36b1b3227d9defe815e46b7e,2018-07-09,25.38,1,SP,1,electronics,0
b69b78a1865e7b379d633794c80ef7d2,2018-05-03,103.13,1,ES,1,computers_accessories,0
8da1b0cac91830c54472e2f91579aeff,2018-02-15,186.27,1,SP,2,computers_accessories,0
38fc86c0e01c22306be55394abbbeb3c,2018-01-21,197.03,1,SP,2,computers_accessories,1
343214a6de71b79c0166799ba08e148f,2017-11-24,59.17,1,SP,1,computers_accessories,0
5c4a0229b56d3c41da2609ef3f048293,2017-06-09,86.76,1,RS,1,computers_accessories,0
600f11f2924877daf80111221c047491,2017-09-27,45.0,1,SP,2,electronics,0
31b39339d93a6949e2f2addf798d8904,2018-07-29,114.49,1,SP,1,computers_accessories,0
d167a1099cf2b9ccd885c665394f5fd9,2017-07-29,170.82000000000002,1,MG,3,electronics,0
7f6d16fab3bed015ec202cc66b21283f,2018-03-29,31.130000000000003,1,SC,1,electronics,0
830189cecc91f11c9dd9405976aa5538,2017-07-07,125.42999999999999,1,MA,2,electronics,0
c01f191e1c46c4246cac196674e22bdc,2018-05-14,158.92000000000002,1,CE,2,computers_accessories,0
c15f5ea47fd3c921cc356e8b581da5ab,2017-11-22,176.71,1,SP,2,computers_accessories,0
2ab0885da6ade32952b1dbf3a58ea165,2018-01-08,293.77,1,RN,1,computers_accessories,1
36df1ef65b497a01a02122e94735f13d,2017-08-29,31.38,1,PR,1,electronics,0
97d03d6144f96be066dcfb67ba92f4c5,2017-07-14,77.08,1,MG,2,computers_accessories,0
187866e696f75b2a1383f04953c53cd6,2017-09-25,152.19,1,SP,1,computers_accessories,0
a557df88b44a07cf9885eb897089f0f9,2018-02-12,138.24,1,BA,1,computers_accessories,0
ef40203169e7aefdd11556dd6629b657,2018-01-25,218.73000000000002,1,MG,1,computers_accessories,1
dad7fd1c4434137c836f09ae15ec86a4,2017-07-18,185.05,1,GO,3,computers_accessories,0
a7dde6878527f0d1731d370978ba2849,2017-09-13,41.85,1,SP,4,computers_accessories,0
984cefe3260707e1f6fc38b18b2b276c,2017-05-08,102.05,1,SP,4,computers_accessories,0
7e439a3cffba90d9a5d684e4033d66a9,2018-07-20,138.24,1,RJ,1,computers_accessories,0
414a59b4de3aa1d952cc6c75d79d628d,2018-03-03,43.95,1,SP,1,computers_accessories,0
eb9d487086fb088d41b254e6985e26e0,2018-04-24,93.91,1,SP,2,computers_accessories,0
36d603f12540763fd9e99b6eabb53caf,2018-03-26,92.83,1,SP,1,computers_accessories,0
548cef769a379d873b5a602a8bf39af6,2018-02-13,87.67,1,BA,8,computers_accessories,0
dbbe850a4424a2c03caa29c644644511,2017-07-23,34.0,1,RS,1,electronics,0
2851b4d871e918b7328baeb639dda2dd,2018-03-25,472.62,2,RJ,20,electronics,1
6ab837ed3e0f1ef51f147c0aad2f4cf8,2018-03-27,206.72,2,PR,1,computers_accessories,1
fb216ce0d45ab76957e7bb2cf19cbac8,2018-01-01,128.18,2,RJ,1,electronics,0
c36722bf525388104790764a7917ca07,2017-05-09,63.65,1,RJ,2,computers_accessories,0
b6918562ae8b764ad6d0022da12051fb,2018-03-20,154.57999999999998,2,SC,2,computers_accessories,0
cf24aa38581b80bec680b5ceb9fb3085,2018-01-23,179.84,1,SP,1,computers_accessories,0
ee8f5d7599c575d8f8eb1a2ea7d66686,2017-09-05,40.1,1,RJ,1,computers_accessories,0
a5a8d8582dc652909c4e2fd3599e7c74,2018-05-03,311.6,1,MG,1,electronics,1
4688d8a3d2db532497201af1f0f69376,2017-03-30,433.07,1,MG,10,electronics,1
c7a7c97d430f40628efc0f1e41f723b1,2018-07-05,318.19,1,GO,8,computers_accessories,1
eb7ce104c1b5f7a6aed28135fa4ee5e0,2018-03-12,125.32000000000001,1,BA,1,electronics,0
fb8d3c9c828695a80f48d03b0675ea08,2017-11-24,73.96000000000001,1,BA,1,computers_accessories,0
e072ad0e4dabf06b9e381c614c27c903,2018-02-25,433.12,1,RJ,1,electronics,1
75adb6f5207887f03b547194819216fa,2018-08-11,52.84,1,RJ,5,computers,0
23cb8b17a53535670161bb4171633ce4,2018-01-23,148.03,1,SP,3,computers_accessories,0
d5b01c154bfa35f8f18cf115336714f4,2018-06-19,151.05,1,SP,1,computers_accessories,0
e4986bb2932a43462ff2ff1751af9ae5,2018-04-11,47.129999999999995,1,SP,1,computers_accessories,0
708819b15b92924c2b0045e5e0a41c5a,2018-01-17,65.0,1,SP,1,computers_accessories,0
24161cb9857591fc2fe821db0c4dd3b0,2017-11-20,832.0,4,BA,1,computers_accessories,1
041cbce90c076b8e9eb9f79112a59899,2018-03-24,193.72,1,SP,2,computers_accessories,1
8c9e1d21a726356a014631e7339ac1c8,2017-03-21,89.7,1,RJ,1,computers_accessories,0
ebfd75154f8fdbc98038250a80a41875,2017-04-26,56.45,1,SP,1,electronics,0
afa3e30ab7bdc8d5e7770d1d189076a8,2017-09-26,95.21000000000001,1,RS,8,computers_accessories,0
048d1e40afa8d75641833ebbb74f85b7,2017-12-04,184.11,1,PR,1,computers_accessories,0
b23f0b276fa55094ad39dda33c542976,2018-01-07,32.42,1,SP,1,electronics,0
c911e05e122d374b5c4e8af53751f999,2018-06-03,142.54,1,BA,1,electronics,0
8927ff5642f163b8ea13371f33cca0f8,2018-02-02,25.5,1,SP,1,electronics,0
4aed2e7583609a6a24a9fb2c7b6403f2,2018-01-06,36.69,1,MG,1,electronics,0
6e58a0efc826a4a4fd29592260be773d,2018-03-27,85.62,1,SP,1,computers_accessories,0
110ac0768c3e3a78e2937b1cb1ea3395,2017-06-09,40.6,1,RJ,3,electronics,0
f483c3a05f63d1b1c82df2e3a91e5d86,2018-06-10,225.3,1,MS,8,electronics,1
9f632adcd34b1ead76a916ea1a887c9c,2018-07-10,202.98,1,SP,5,computers_accessories,1
eef6b4895c4293f0b17e5fff1bac3c2d,2018-04-12,219.21,1,RJ,12,computers_accessories,1
abe6c06151a1d6382d63f49beb812f40,2017-11-27,76.83,1,SP,1,computers_accessories,0
8fae71b6f454805690863b38407497c1,2018-04-09,270.99,1,SP,1,computers_accessories,1
0309a18e1e836baa9cd7289da085b4e1,2018-05-03,49.29,1,SP,1,computers_accessories,0
d83c0f39f97da394609c05ada10110a8,2017-11-26,31.38,1,PR,1,electronics,0
10fe58b85b6fe7ecb21c99fd55c4720f,2018-02-19,35.69,1,MG,1,electronics,0
e0ea34baecdf184089f368a8ba575907,2017-06-16,91.18,1,SP,8,computers_accessories,0
891ba4502e28c6f12a1413e7b915c15d,2017-07-17,44.1,1,MG,3,computers_accessories,0
f78c8c3b43d996a8ff2d7be6a2eb5e8a,2017-06-02,189.16,1,SP,1,computers_accessories,0
c33af7b181d4da454737cbdb08450735,2018-05-04,123.13000000000001,1,BA,1,electronics,0
2914fce44eea46f09d61ba460bef0afe,2018-05-14,127.69,1,SP,1,electronics,0
dbb728f551a0cd006a52d16c47834040,2018-02-25,55.4,1,MG,1,computers_accessories,0
579c04f647cacb17047677baa1282eaf,2018-03-14,76.08,1,BA,1,computers_accessories,0
ea272a0dfeb78b446aa525554dc50a70,2017-05-06,63.510000000000005,1,RJ,3,electronics,0
60064a8ef6cf5a49ed3b7edbc7fd9eb6,2018-03-04,67.53,1,PA,1,computers_accessories,0
87e6012cbee71826e51d13439f497eb9,2018-01-25,37.8,1,RS,1,electronics,0
b60cb82db24efcb2f5d0df26426c3af2,2017-07-05,54.0,1,RJ,5,computers_accessories,0
eb3496e5ea096b0366a2e552fd7ab470,2017-09-08,55.53,1,RS,5,computers_accessories,0
80db8ac25fb7d41df0043cb440bb659f,2017-11-26,226.9,1,SP,1,computers_accessories,1
6ec38f8d4862b74a1539b8e6ec91fa8a,2018-05-14,46.129999999999995,1,SP,1,electronics,0
b35a64cddcdbf617db3d9a4cce11f60a,2018-05-10,47.129999999999995,1,SP,1,computers_accessories,0
01c22546c4f9914e232006df82d96e0f,2017-09-09,33.0,1,RS,1,electronics,0
f522ddf23e3ce51e2ad669c0c55f75af,2018-03-08,116.27000000000001,1,RJ,2,computers_accessories,0
3b1f8d68684710eac0cad28d412dcaf8,2018-07-31,88.29,1,RJ,4,computers_accessories,0
1d812d7b785dff5e4568cc8f7e76f230,2018-02-22,57.599999999999994,2,MG,1,electronics,0
ee2f74bd4af6f0a1995488fbd5c978ec,2017-11-12,37.0,1,RS,1,electronics,0
ea61ed29f4c6dd7b047e92ac87e73392,2017-07-19,75.53,1,PA,1,computers_accessories,0
03fa4271f18542d22ecbb7eb41802ada,2018-04-19,98.98,1,SP,1,computers_accessories,0
dbd0a0b89b3fe516f8534b0f5de08534,2018-07-09,116.78999999999999,1,MG,1,computers_accessories,0
2ae4b7aa9e05e499dc71a87e27f0017c,2017-11-22,21.43,1,SP,1,electronics,0
747948a9e0576dc3881e63a32fa5ce47,2017-12-19,28.75,1,SC,1,electronics,0
3f04e710beea0fa7c09842c227f005ad,2018-08-03,164.63,1,SP,1,computers_accessories,0
08b9d47b3be61595c61eddc50b42ee02,2017-07-28,219.72,2,SP,1,computers_accessories,1
bcc8085a0288cf3353fea3d79ae6b9a0,2018-05-13,27.78,1,SP,1,electronics,0
4e1d5bf07ad851a6470d6b28cfd1f1e6,2017-01-30,70.9,1,PR,5,computers_accessories,0
c0c7bd9b0f4864ea4d1e2671ce38bff8,2018-02-25,44.0,1,SP,1,computers_accessories,0
dc825a422ff7a8e462852fc476ba5686,2017-09-27,1640.6,1,SP,8,computers,1
c285661a8320d062c60574830bae4199,2018-01-03,690.6800000000001,1,SP,4,computers,1
f1375aa56cb0446176623bce0a650bdc,2017-04-29,86.09,1,MG,8,computers_accessories,0
c78ebbd697d902b76f0b9381f22b17cd,2018-04-17,253.28,2,MG,3,computers_accessories,1
c2774b819e7538c28284f005fd38edcc,2018-02-05,169.49,1,MG,2,computers_accessories,0
babc844d408abfa49b0c875fcc3738d4,2018-08-18,98.64999999999999,1,RS,9,computers_accessories,0
36c7fab784bf8876dca0c2c59183e692,2017-02-14,52.519999999999996,1,RJ,1,computers_accessories,0
718b0347307048ab53739ec0458eb9a4,2017-12-23,207.31,1,BA,3,computers_accessories,1
c61c0270f78b8e83946c5ea769c2cff9,2017-05-17,117.93,1,SP,1,computers_accessories,0
ae9a9e54b4927c718d4e66073b5acf33,2017-09-19,96.8,1,RJ,1,computers_accessories,0
ff27e1834865dc01e39567836980d12f,2018-07-13,171.12,1,SC,2,computers_accessories,0
70ee39a40074e0c39dda6d286a77d5c5,2018-06-25,418.56,2,SP,1,computers_accessories,1
4639d13dd176fbaa7ea1b4429449b8ef,2018-01-10,250.48000000000002,1,SP,1,computers_accessories,1
7e7c6416e3aece73d5dda3fc6f33a044,2018-03-31,90.38,1,RS,2,computers_accessories,0
b25c35510098745aca28d8d04a7eaa11,2018-03-17,94.71000000000001,1,SP,1,computers_accessories,0
3f72f100dae2b5099ad6e5a486e95ec0,2018-03-05,22.79,1,SP,1,computers_accessories,0
7254ba1421bac35de5d5da660715bf0e,2016-10-07,176.85000000000002,1,SE,3,computers_accessories,0
89a9df2136d41c99322bcfe6f0c1c7cd,2017-03-28,120.32,1,RJ,10,computers_accessories,0
0dfd5d2f0b9f06775f9630defe80d510,2017-07-27,46.84,1,MG,4,computers_accessories,0
83b02487c4caa3adc52a33d673606551,2018-08-20,21.89,1,SP,1,electronics,0
407c6c87763b40c6ecbdf86ce3e07d76,2018-07-10,49.66,1,MG,1,computers_accessories,0
db627a1f4bb56a7887ec7709535da727,2017-04-24,98.14,1,SP,7,electronics,0
67514fcb055f334d27330858482a410b,2018-01-19,169.43,2,PR,1,computers_accessories,0
9d440eeeb611d4b50ec1cee0ca410507,2017-10-03,31.75,1,SP,1,computers_accessories,0
942a2811a7a6e202eec1790c6b69be88,2018-01-09,203.78,1,SP,10,computers_accessories,1
c97448e24a8f892f02dcf3089103346f,2018-01-03,44.1,1,MS,3,computers_accessories,0
b6124eb66f799ee6f995083761816983,2017-08-17,277.12,1,SP,5,computers_accessories,1
dfc227d5e6d4ba1e696be1e730e9e796,2017-09-22,32.379999999999995,1,SP,1,electronics,0
f9e4b658b201a9f2ecdecbb34bed034b,2018-02-03,194.12,1,BA,1,computers_accessories,1
4f20f374acaa47920134df2f634691da,2018-01-08,117.9,1,SP,1,electronics,0
37681095e51224168a55b7a4ed598359,2017-11-28,190.37,1,RJ,2,computers_accessories,1
5c26d05602b6bf6463faf31fe5031c1c,2018-02-11,32.379999999999995,1,SP,1,electronics,0
2930e165d2d299f01940b519c86c7ee5,2017-05-23,57.53,1,MT,1,computers_accessories,0
a87a5ed1e5a7211124791f4ee820ddfe,2017-11-21,341.88,1,BA,1,computers_accessories,1
3339caccb4f94a45abaf8ed1990cfc36,2018-01-22,16.78,1,SP,1,electronics,0
b153954b30a6a686b88cf18a599b4382,2018-06-03,37.230000000000004,1,RJ,1,electronics,0
2db55bc45408ca33aa8ff88bbe7fc720,2017-07-13,28.689999999999998,1,RJ,1,electronics,0
53b788f7cb182a99dbcf654bbdf21933,2018-07-08,93.19999999999999,1,MA,1,computers_accessories,0
20e7a6f048b842f51258e0b90b76339b,2018-01-29,97.86,1,SP,1,computers_accessories,0
d74e29bbba41049b6c17603fd9fabc58,2018-04-18,125.57000000000001,1,PR,6,electronics,0
c79ed1b056f284598fb15ad333c2cf78,2017-06-19,250.84,2,RS,2,computers_accessories,1
c7873fbbe3a42117a53be238d9b734f3,2018-04-27,16.39,1,SP,1,electronics,0
3baaa5448af22fe09f43c61e6f2591bb,2018-03-26,27.79,1,SP,1,electronics,0
b5af0ae994e0a12e8246da3f7170f54e,2018-04-01,162.82999999999998,1,MG,2,computers_accessories,0
8fd361858abba7604b18a32f16483a8d,2017-05-22,80.57,1,RN,3,computers_accessories,0
4ce2a78f4b4b1166f0e04bbdc825f7b3,2018-08-16,266.51,1,RS,3,computers_accessories,1
10edb7acff4cd11eb43b993548b67f95,2017-09-29,463.93,2,DF,1,computers_accessories,1
439a1c71dfd435cc08d15b98b9ea6c43,2018-02-23,31.71,1,SP,1,computers_accessories,0
619476e805415f3f855b5e0f2494836d,2018-02-19,279.51,3,SC,5,computers_accessories,1
bdd3ff4ef47b27548e0f1337fd6d042d,2017-09-19,82.10000000000001,1,MG,3,electronics,0
561e6fec91c4b5771dad3f613b72c699,2018-02-06,91.86000000000001,1,RJ,1,computers_accessories,0
2306c7661204e073c32a8463bb750335,2017-11-25,40.01,1,MG,1,computers_accessories,0
f4e69e26765d66772006b9885e1dc6f5,2018-02-24,21.43,1,SP,1,electronics,0
3ac0ffb709352d438749d4c180e10781,2018-01-27,310.3,1,SP,1,computers_accessories,1
edb81087bda65895772e72d1a5daa686,2018-08-06,75.17,1,SP,1,computers_accessories,0
d7defcb8f59419ce565959f595bbb988,2017-03-10,95.67,1,SP,3,computers_accessories,0
d077976b2620a58d80c6bb4bd721276b,2018-04-02,45.79,1,SP,1,computers_accessories,0
996186a13b77eec25041bc5bfec0b19b,2017-06-08,55.69,1,SC,1,computers_accessories,0
8e65fdbf220572dfd3430631b5d89947,2017-07-26,98.18,2,ES,4,computers_accessories,0
6c269e3a9b9ff5370697cb124cbc63ce,2017-05-08,188.03,1,PA,3,computers_accessories,0
6277bde22948356c8a5aa66e61f4a720,2018-04-09,72.86,1,SP,1,computers_accessories,0
e03e8192ecbedf3c6493ae3c01ba21e3,2018-07-01,45.03,1,PR,1,computers_accessories,0
4d9e31ff85efba399f614db862300f50,2018-06-11,115.25,1,SP,1,electronics,0
fc395bfc7bc0ca54d0fa3e4cc90d055f,2018-04-21,69.32,1,PR,1,electronics,0
808bf4092870d798031105528ece9e37,2017-03-26,112.27,1,RS,1,computers_accessories,0
422dc200156c43d69ba21c16beffd57e,2018-04-08,180.22,1,GO,4,computers_accessories,0
b1d5bcea9a62e23247030b3e1f814ef3,2017-05-12,40.01,1,MG,1,computers_accessories,0
5e2c33d2f30f75167981f86a98b727cf,2018-06-29,143.82,1,MG,1,computers_accessories,0
293e34b72465ae7478f59d4d0b3e58ba,2018-07-17,32.37,1,PR,1,electronics,0
2c559a6f1ac48c4f100f4775a1362ea1,2018-01-10,1083.2,2,SP,1,computers_accessories,1
cc79900e669a12933cc02b37c489fe00,2018-05-11,97.43,1,DF,1,computers_accessories,0
4bfda23ff0ed8665aa9113bfb4130bf3,2018-07-26,682.98,1,BA,4,computers,1
d8f911c371592e1eb0dda906493c91f3,2018-06-08,167.01999999999998,1,RJ,1,computers_accessories,0
5abf4d5854dbe45f295e2c7dd390073f,2018-02-19,16.78,1,SP,1,electronics,0
cfe0e21a3b8390e60daf26aa2ad9538c,2018-06-04,258.23,1,RJ,9,computers_accessories,1
2fd334a4961f67b10314902c51de811b,2018-01-22,29.439999999999998,1,BA,1,electronics,0
7ff9b10e71f943448ffa7bcb62acd1aa,2018-03-02,93.22,1,RJ,1,computers_accessories,0
9d252a6e320b8830dde812ffd93b4a90,2017-09-24,171.85,1,SP,1,computers_accessories,0
4671212f0e4f559c957baffa7a97aec5,2017-09-27,232.06,2,MG,1,computers_accessories,1
223f47f5cccb611b2c3058c1bbba5a4b,2018-01-13,107.00999999999999,1,SP,1,computers_accessories,0
8a30a7cb26760b8664fd07de75bba294,2017-06-18,37.0,1,MG,3,electronics,0
db2f0b731c53190c15527344d01f22f8,2018-02-18,38.78,1,BA,1,computers_accessories,0
385de16f1457125fdef85002bdc4f7d4,2018-08-16,167.59,1,GO,2,computers_accessories,0
bc4ab4df5ac77edfd72c1832a24e72d8,2017-03-23,58.8,1,SE,1,computers_accessories,0
20e8787aafedddc04670cbfd2c24953e,2017-07-14,64.1,1,RJ,1,electronics,0
477d8df8acc3c2b3f1fbb4e41c4f7f32,2018-06-28,103.87,1,SP,2,computers_accessories,0
a641046de06615446028b4d7e35c6940,2018-03-26,203.08,1,SP,1,computers_accessories,1
f6b737b2892803a060990f8483c2f014,2018-02-22,86.15,1,RJ,1,computers_accessories,0
481108b01977381d1a999e86ca953938,2018-02-19,194.12,1,ES,2,computers_accessories,1
46658d903ac296a4187c4869bd2a3939,2018-08-17,104.92999999999999,1,SP,1,computers_accessories,0
c2c7eaa5d10a2d1abe8f0948534ef196,2018-02-27,67.69,2,MG,3,computers_accessories,0
510d53ecef0e951a4c0cf058f579b626,2017-03-27,603.03,1,SC,6,computers_accessories,1
d6d22504739cdf3c8ebce460d0a08199,2017-04-12,175.32,1,PR,1,computers_accessories,0
a7a9af59fd37637073e26e33f78d015f,2018-08-14,128.17,1,RJ,2,computers_accessories,0
1de6e7f62ac6216f4c6b407eaa28d6e8,2018-06-03,82.39,1,SP,1,computers_accessories,0
1fb291320c9a5276869ee9f50fe885e2,2018-07-25,73.18,1,RJ,1,computers_accessories,0
667e8016c1467476000d4dde127343ac,2017-09-19,65.1,1,SC,4,electronics,0
b04367fb19ad3f39d1222e76b9b2ed85,2018-04-17,77.73,1,AL,1,computers_accessories,0
7c456a887b23a75268a45a224d191c52,2018-04-18,194.26000000000002,2,RJ,2,computers_accessories,1
f5ce5c20560cb88a5e940f660077ba1e,2018-03-06,187.76,1,RJ,1,computers_accessories,0
e1c236043073a6a483972402917e8cc6,2017-12-24,61.1,1,MG,1,computers_accessories,0
3cc14e2cf62e0a0d4d469d77141dfac3,2017-05-19,259.6,1,ES,4,computers_accessories,1
f7df7f91530ad835a392fbdccf183a22,2017-10-03,41.379999999999995,1,MG,1,computers_accessories,0
e689f14f838f1f7eceb75090e3c6cddd,2017-11-24,37.0,1,GO,3,electronics,0
9a012c7e7148025de0f013812c6f2e51,2017-12-10,35.0,1,SP,1,computers_accessories,0
7ff3ee6ebd4a25304259d862bad701ea,2017-04-06,95.8,1,SC,1,electronics,0
0f39e640d202449c6fd3aebf9b09f1fd,2018-08-15,40.269999999999996,1,RJ,1,computers_accessories,0
f53fa17609006c9c6669b5371ce08044,2018-08-26,26.38,1,SP,1,electronics,0
b66cbfeca2b3978020caceb7a64093c0,2018-01-20,177.49,1,MG,1,computers_accessories,0
10a6730b0b333e2b017dd139a0530f19,2018-02-20,126.99000000000001,1,PE,10,electronics,0
e6c26291ecafd46c4c94b0fa0904b589,2017-05-23,216.1,1,SP,8,electronics,1
aa6ca3b40dae9e69a867b8b50d18434c,2018-04-07,35.75,1,SP,1,electronics,0
4b0e0e0eba7274a1ee0fdeb53d17ea99,2018-03-21,158.54,1,CE,1,electronics,0
55c5a129994903e122566941b7c4189d,2018-07-15,51.67,1,RJ,3,computers_accessories,0
4649bedb89b61c0d443ab07ece8b17ac,2018-05-09,99.52,1,RJ,1,computers_accessories,0
085c76ec2a854d66417d0dddc622adb0,2017-05-09,56.09,1,MG,1,computers_accessories,0
38920184572395a482db42cb4c8e1067,2018-01-04,431.92,1,SP,1,electronics,1
b8f907da9cac0beecc557cc50b6b02ef,2017-03-03,95.67,1,SP,1,computers_accessories,0
478e0f644b5e774c5ba7f6196c77fc61,2017-05-18,237.3,1,SP,1,computers_accessories,1
6f78a74ebcd33afa2bccc0c0a82ff04a,2018-02-13,84.82000000000001,1,MG,1,computers_accessories,0
513aeb569eda09cb3e7bf6aae2ddcdc4,2018-07-31,447.68,1,MT,4,computers_accessories,1
ba8725726da21140bbe12319d7369d39,2018-08-07,118.19,1,MA,1,computers_accessories,0
241a5c06b9d7d5cdc9df0d2157f5be9e,2018-01-10,267.12,1,SP,3,computers_accessories,1
5b82c22a00fe66ed0c0802552bc2d8dd,2018-05-15,51.230000000000004,1,SP,5,computers_accessories,0
5b6e82f76cdae6678ce541e6f72c9b01,2017-06-25,82.98,1,SP,3,computers_accessories,0
5fdab414c63ae3857866968ef3104328,2018-06-23,44.24,1,RS,1,electronics,0
6d6175b9c1b238c3d6b510b070f96ed1,2017-12-21,207.27,1,RS,2,computers_accessories,1
e2b6ff8b7152f1c7bf320b17088bf731,2018-08-09,104.19999999999999,1,SP,1,computers_accessories,0
3c140d933d3475ec823f9b748ca5c49f,2017-12-12,1381.83,1,RJ,12,computers,1
50a3da0c0ed16ef14182ca96382849cc,2018-03-28,106.6,1,MG,1,computers_accessories,0
88fdf07e2e8bcf581835191551224be7,2017-07-07,117.23,1,SP,1,electronics,0
b919d851cfb225ed3aaad31f248ed88f,2018-08-08,30.22,1,RS,1,computers_accessories,0
72b2fcda503003e4694141745d12c2ee,2018-08-18,57.07,1,MG,1,computers_accessories,0
244e91c4c416908e17829094e3eb7aa6,2017-03-28,42.46,1,MG,1,computers_accessories,0
17510720f670481600a76f4d188d7b5b,2018-01-14,30.09,1,PR,1,electronics,0
690a163db7b76c6d6a2b166293f0c87f,2017-05-13,511.32,1,BA,5,electronics,1
5da572f1c63aacf97fb438f54d622546,2017-07-23,107.25,1,RS,3,computers_accessories,0
7f943a5cd90759046667677f4cb74b0f,2018-05-15,30.48,1,SC,1,electronics,0
8332829ddb8a92e5e730111419b90bc2,2018-07-03,122.43,1,PR,1,electronics,0
b6230773d920876bc61d03d8b93263a9,2018-05-16,160.51,1,AL,2,computers_accessories,0
319bc0c166b503154f66246b54a1751c,2017-05-05,43.95,1,PR,1,computers_accessories,0
9888a5d5164497efd85f110e29cac580,2018-07-23,31.79,1,SP,1,computers_accessories,0
0872f22df707596feed1639609f6eba7,2018-01-30,100.24000000000001,1,SC,1,computers_accessories,0
139896d70810e6830d07fa89403ac91e,2018-01-07,163.26,1,MG,1,electronics,0
af0dd2a67b9f1bc277c83ecb2df57f99,2018-07-12,203.15,1,RS,4,computers_accessories,1
90da6c29892f7992fba135aae37af2eb,2018-04-16,98.34,1,MG,1,computers_accessories,0
87070dc27c09158806c987c8845912e5,2017-12-31,21.48,1,SP,1,electronics,0
56fa59437624f620d5695b5cbe89526a,2018-02-17,102.66000000000001,1,SP,1,electronics,0
80ef7b40d74026eaedfecd11cf473a65,2018-06-23,26.83,1,RS,1,electronics,0
421deffec215845f8632fb3543789f86,2018-08-24,103.69,1,SC,1,computers_accessories,0
e3e1cd5b453de646c076ea5da017da13,2018-04-13,112.11000000000001,1,ES,2,computers_accessories,0
e11884595cc1ab95ac7a14344bc412d6,2017-06-14,45.0,1,PR,2,electronics,0
38f3f9b07a8b12e3b5b699ea7297932e,2018-05-01,31.11,1,RS,1,computers_accessories,0
ba2a82359a00bf0bd1f5ae32527a5a40,2018-08-17,73.8,1,SC,1,computers_accessories,0
e15f1e584322c33341bb95913477ae2a,2018-04-02,102.0,1,PR,1,computers_accessories,0
2d472b4b2d08108565852ca0782507f2,2017-09-14,1690.95,1,SP,8,computers,1
026054570865201773b27b2748af1217,2017-12-08,35.0,1,SC,1,electronics,0
7f3be4acbc6f640562b088d72add56b9,2017-11-27,77.6,2,MG,1,electronics,0
5979684d63c8a62e550943dacdd1231c,2017-12-07,44.53,1,DF,1,electronics,0
382dc35d6a778251ca13cf1a68a5128d,2018-02-28,133.49,1,GO,1,computers_accessories,0
3040894afb173b3e85c8f03508f46a51,2018-02-16,94.3,1,SP,1,computers_accessories,0
96b8bacb04c05e3e178f33bf738f357b,2017-12-21,74.05,1,PB,1,computers_accessories,0
37069a22c82db05d43b447a96abf4af0,2017-12-21,55.0,1,RJ,1,computers_accessories,0
59e87cfa722bf039f1379c56d0f97e07,2018-08-17,32.18,1,SP,1,computers_accessories,0
0c03662cf0a2be624f6cfd189de46224,2018-04-10,818.12,1,PA,10,electronics,1
9bd2751f058566408b3584868d9e0c2d,2018-01-23,86.83000000000001,1,RJ,1,computers_accessories,0
4a422e8c9f64de121752b33d4571f783,2018-02-19,164.1,1,AL,10,computers_accessories,0
0e5864ac7bd0aaa12bf5e9eb866e63f8,2018-06-08,58.129999999999995,1,SP,1,computers_accessories,0
20e871f0177ed08afbde20c48b9ab83e,2018-06-24,32.37,1,SP,1,electronics,0
aa07f635676a372d30a2ed5b2c5e5f0b,2017-06-23,170.13,1,PR,8,computers_accessories,0
e5ab0577510f6cf1d376b14deab49b24,2018-06-22,87.66,1,SC,1,computers_accessories,0
fb469bc8a14b598d891a004c34546078,2017-11-29,32.379999999999995,1,SP,1,electronics,0
595ea00662b10b0cfeed71a17c7df49a,2017-12-12,27.75,1,GO,1,electronics,0
204438d765af0adaf4edd282a01c735e,2018-08-08,78.42,1,SP,1,electronics,0
ae4580214e2a8a708272e357b88d4ec4,2017-06-07,52.379999999999995,1,MG,5,computers_accessories,0
2ab0be5175c93d7e68f1d91459183a87,2018-03-29,28.880000000000003,1,RJ,1,electronics,0
901db8b5147279a8318455a65fcd653e,2018-02-22,29.1,1,RJ,1,electronics,0
3becc6bf91be2f15e6373b353532e294,2018-03-28,144.78,1,PR,2,computers_accessories,0
34196d9c6207a12879fa5ac8b3585a20,2018-05-08,30.82,1,SP,3,computers_accessories,0
9978e0dbae7672b5995553acd12ea6f0,2018-03-10,134.19,1,RS,1,computers_accessories,0
6ca01767c49571ed5701f01124f6540b,2018-01-02,47.84,1,SP,1,computers_accessories,0
563d79c663703464db20c1c8d6b49b44,2018-02-05,35.69,1,RJ,1,electronics,0
72af7514238e36c16453f0a9146ecb52,2017-12-01,28.71,1,SP,2,computers_accessories,0
1bd87f39c9bb8c699ef042b3e79ac18d,2018-03-19,183.65,1,RJ,2,computers_accessories,0
9b2504f4428a8a4d047d22a966df321d,2018-02-20,26.68,1,SP,1,electronics,0
7fdb63849c1ce634d770fbf407dbca1a,2018-04-27,171.0,1,MG,1,computers_accessories,0
4ab51400bd3a6c748fceb579fb4502b3,2018-05-05,112.25,1,SP,1,computers_accessories,0
2a743fc30067036b7910663ced5a0b7b,2018-06-11,139.25,1,SP,2,computers_accessories,0
8d7de30c33f737a080cdd433ec8670e4,2018-04-04,107.24000000000001,1,SP,1,computers_accessories,0
d838d4f27cfd8fefb3ad286dda195b12,2017-09-11,217.06,1,RJ,1,computers_accessories,1
c6c5a3bd6cdccabdc09336d43f4897b0,2018-02-20,101.03,1,RJ,1,computers_accessories,0
ce4fa279c37bd40295b4f0658ea359fb,2018-02-13,218.84,1,SP,4,computers_accessories,1
b081a26ca9566254713995a623e0941e,2018-08-06,224.82,1,SC,10,computers_accessories,1
902540001de909e522ef26569c6a2c8e,2018-01-14,219.58,2,SP,1,electronics,1
1a5c3dad7f8ccf75ce213a3726a25af2,2017-10-23,209.4,1,PA,1,computers_accessories,1
9423ef61917b540d13c95424f195e0a9,2017-04-26,74.61,1,PA,1,computers_accessories,0
2db80b6de1f777a374265d6b873a9c6e,2018-01-21,28.75,1,PR,1,electronics,0
be898fe8e3213cd0d57464c0b1284b99,2017-12-01,619.65,1,PA,6,computers_accessories,1
130661e5b5e7e4e1948747351cbf14a7,2018-03-27,31.99,1,SP,1,electronics,0
04a38c066d7f34688a58ac150102619e,2017-12-03,37.769999999999996,1,SP,1,electronics,0
e7df3fcd195fafd25a46f580fc96c9f3,2017-12-01,30.09,1,PR,3,electronics,0
b0ff3393cff8b64e9150a65b49220259,2017-11-25,27.0,1,MG,2,electronics,0
7694252f454aa20f5bc63f72363c3167,2017-07-28,51.78,1,BA,1,computers_accessories,0
86e883b47142d3549c534112623c0de4,2017-12-10,166.68,1,SP,3,computers_accessories,0
bdce854b86e3fe8851225cb4d17f0776,2018-05-04,18.94,1,SP,1,electronics,0
c233a5be39263e6b4d380d2af589ff09,2018-04-05,142.7,1,MG,1,computers_accessories,0
83962168dce2d06a69a7e27082962069,2018-02-09,42.69,1,RJ,1,electronics,0
60aed0a4eba0e424eb3cac85017fd752,2018-06-18,170.14000000000001,1,RN,10,computers_accessories,0
25d411068cdabc418a1c4c90020d4426,2018-04-13,27.79,1,SP,1,electronics,0
311033a32a090c758aced7844f53d0b3,2018-01-16,112.39,1,SP,3,computers_accessories,0
686fb1c21e29924074b592b5c2ebf96b,2018-04-23,277.2,1,RJ,6,electronics,1
bbc914b2842d3c32f438b913b31f0ff8,2018-02-27,167.39000000000001,1,MG,2,computers_accessories,0
b5201a0b6f9977a55b5e41b5af2817be,2018-01-21,38.71,1,SP,1,computers_accessories,0
c030f7ca1f3c2efd8ebcfa44d922c8ff,2018-03-14,92.07,3,SP,1,electronics,0
ec902ac3921edfeace159efd4f973840,2017-10-13,769.96,4,RS,10,computers_accessories,1
c5931c69b3085bba2cdb9c348ec86719,2017-05-21,24.09,1,MG,2,computers_accessories,0
64a34c8ee5041e4d48d904db6dade006,2017-07-06,30.0,1,SP,1,electronics,0
bf2965e4058cb6bfdeb4b81435f90829,2018-01-09,240.13,2,SP,4,computers_accessories,1
5e5d6b5f5e7801991be4d2299bfa37eb,2017-05-28,239.35000000000002,1,AL,1,computers_accessories,1
24bf227d444a1df7957f78e6f03bc5b6,2018-07-23,114.77,1,SP,1,electronics,0
f334fd16605daff29477b725df9162cb,2017-05-21,27.98,1,MG,2,computers_accessories,0
e80adaeb250096a2042a63c4b3d20bcf,2018-02-21,351.32,2,RJ,1,computers_accessories,1
700aa498c8151678850324adc6729e07,2017-09-07,42.69,1,MG,1,computers_accessories,0
44e9b033432b09e965d73f10f3a6d179,2018-02-19,53.0,1,SP,1,computers_accessories,0
70d5edd4381ab253c2c35262ca31386d,2018-01-08,64.00999999999999,1,DF,1,computers_accessories,0
f47658421aaceefba81600b78cdad724,2018-01-09,36.0,1,RS,1,electronics,0
4149b65aa3b1d53132e515241909e7ec,2018-01-08,220.58,1,RJ,1,computers_accessories,1
36edc30bd66f88355cadd2129f0dfcd3,2018-08-17,247.71,3,SP,3,computers_accessories,1
57e15b65e74748b2b3c1a146dc123d1c,2018-06-09,77.47,1,SP,2,computers_accessories,0
4a908627ddc9e257e5e9123ac4394e41,2018-01-10,298.08,1,PR,1,computers_accessories,1
071429b44ba39c70ea22550070670c00,2017-10-25,133.11,1,MG,5,computers_accessories,0
08288e829c6b9a810a4392bbc30545dc,2017-11-26,31.38,1,SP,1,electronics,0
4393a63adeef0f3e606c78bd143f044d,2017-09-01,56.89,1,SP,1,computers_accessories,0
df85c824523500d4066a0dbdb5d95bed,2017-02-21,3602.47,1,DF,1,computers,1
8ae7da80a0ae007c1d30c6ff5dc3bf26,2017-12-07,205.54,1,RJ,4,computers_accessories,1
4376d8f153985c918a99d7765693594f,2018-01-31,46.0,1,RJ,2,computers_accessories,0
ada8c2a84a276ae03d468f7acf56ad36,2018-02-15,34.8,1,SE,1,electronics,0
21bf30b67562ae46581be368cdd971a6,2018-06-21,171.22,1,RJ,2,computers_accessories,0
2c06e4f488be0af43964ad30b123034e,2018-05-11,52.75,1,AL,1,computers_accessories,0
5a509a6537686bc8e701a4461631e965,2018-05-21,103.65,1,SP,1,computers_accessories,0
2a4cf847d8e23123b4421ef7f7dc3d9f,2017-08-31,46.0,1,SP,1,computers_accessories,0
64f25972cba1c6faca4f32c7ac90e3c2,2018-08-03,158.07,1,SP,2,computers_accessories,0
ea65d548a7f45a2343930a3223974a21,2018-04-04,203.08,1,SP,1,computers_accessories,1
c1790253dbc3ea071a2405222e2fe8e4,2018-01-25,50.62,1,SP,1,computers_accessories,0
b42c74ef741f507b421d3dfb4949178f,2018-08-26,127.99,1,SP,1,computers_accessories,0
3af06414a3acfc16eadcc64c0b6a8f7c,2018-04-20,195.86,1,SP,2,computers_accessories,1
6a0bb0ba8a97dd4ed115462820be7e1f,2017-10-13,88.84,1,RJ,2,computers_accessories,0
94781b7e571ded2ff6f80434f6fe2a43,2017-09-25,1653.6,1,SP,10,computers,1
4ab1a1bf9908b4d876f0706c742fb14d,2018-06-21,32.43,1,SP,3,computers_accessories,0
b31abb023394a29b43fecccb03f6f2b1,2017-07-19,29.689999999999998,1,MG,1,electronics,0
bd6ecd69ddc8e3e5d85b46ec59f7b4d6,2017-06-22,177.68,1,RJ,4,electronics,0
f50f1c49197676d5ae6f4657605cb8e4,2017-02-14,266.96,1,RJ,1,computers_accessories,1
278684c636289c6fba43aff030c66603,2018-01-13,64.0,1,SP,1,computers_accessories,0
24731473d1e50127ea300c02766ec195,2018-04-02,46.129999999999995,1,RJ,1,electronics,0
b269f9c95ab6ee9fbc0a887627851d9d,2018-02-08,56.37,1,BA,1,computers_accessories,0
f98a06b99cbcc7caef174bc5efa78a31,2017-09-10,234.64000000000001,1,RS,2,computers_accessories,1
57e19d283d4caf90389cbfe35f490f06,2018-06-15,40.95,1,PR,1,electronics,0
d1461b47bb0e00b0b697e55de4ab15b4,2017-09-26,48.69,1,ES,1,computers_accessories,0
0647d9d193d898f2ff46c9e91a3c8c4b,2017-05-09,837.84,4,PR,1,computers_accessories,1
46aedb619e3a9e3883a8d51d58269e4f,2018-06-20,38.23,1,MG,1,computers_accessories,0
41fe3abb11743c0c0403af8721d23feb,2017-04-26,110.3,1,SP,3,tablets_printing_image,0
6eb4132d1d991320ff5f03a7cd28561c,2017-08-22,44.34,1,SP,2,computers_accessories,0
d486a71c67c351a4aadf0b3bd096a712,2018-05-15,33.28,1,SP,1,computers_accessories,0
b267fbd57af5b01a2d8b334b4215a51d,2017-07-10,56.620000000000005,1,PE,2,electronics,0
4a29a61983d3ffb4f13646aa9ee9aab6,2018-03-10,45.37,1,MG,4,computers_accessories,0
73e0f16a25c4d33221c6032d3bdb2680,2018-04-16,410.36,2,SP,5,computers_accessories,1
6fd59e3ae7e24c50131f6bc97c4c7776,2017-10-31,2913.48,2,SP,10,computers,1
59023d9e8757da4a343b81debedb7cd9,2018-02-25,28.75,1,RS,2,electronics,0
61478fcfdfbc524f57df31651d8f38c9,2018-06-25,342.16,4,SP,1,computers_accessories,1
26e1b052ba34536f5766198e15bed1c2,2018-04-03,38.129999999999995,1,RS,1,electronics,0
cabb82ac5d6b551aacf169d7ceccf521,2017-10-10,120.09,1,RJ,1,computers_accessories,0
2d0805e3e830d6d2d694ee7a3aa58502,2017-12-15,28.75,1,RJ,1,electronics,0
36869aecba8d52a09823c891345e0e32,2018-02-27,194.59,1,SP,1,computers_accessories,1
68a5e21e84986b92e9de694590c5a22d,2017-09-12,37.13,1,SP,1,computers_accessories,0
9a707aec48fe07465e8219dd3b52225f,2017-12-27,122.80000000000001,1,SP,1,computers_accessories,0
95b898c9e7cf03e527bd45abe58a4d55,2017-08-04,169.82000000000002,1,PR,10,electronics,0
ef62be15e919755500885ea4b14c86c1,2018-05-22,88.22,1,SP,1,computers_accessories,0
9371a323185fe5bc627ed3065bf2fcd8,2018-03-22,156.38,1,SP,1,electronics,0
8458aabbdd88fb4ce4d936dc46fb1024,2017-08-29,17.78,1,SP,1,electronics,0
4bac61800c1e9be95b1fc49a6b859c64,2018-05-11,341.24,2,MG,1,computers_accessories,1
4c7061e57405537a32f8c9dd0a194d68,2017-05-30,1058.1,5,SP,4,computers_accessories,1
64320e0f5e1ada4c014e87b66072b89a,2017-12-17,21.43,1,SP,1,electronics,0
9f48540472ff9c80a0d3b67b66f9885c,2018-01-28,102.66000000000001,1,PR,2,electronics,0
054df8d1a5ab3cf520be20c25d98f5f4,2018-05-12,59.92,2,BA,1,electronics,0
c14b0a3faf28a3052b92646eeae4799a,2018-08-01,68.62,1,SP,1,computers_accessories,0
6029e6bd42b7734db7fa0f091ed018d3,2017-09-22,253.17000000000002,1,SP,1,computers_accessories,1
68619ce8e1d093c01359eb9d2dd22120,2018-01-10,53.620000000000005,1,CE,5,computers_accessories,0
7d42eb0f5a0a60cb5b96a044a3fb4668,2018-07-17,37.25,1,RS,1,electronics,0
9b4c32557fa9eadd42717fd0f2e255a9,2018-03-28,92.6,1,ES,1,computers_accessories,0
d8f468b709cfc1078e9574824a4e16ad,2018-01-08,258.24,1,BA,3,computers_accessories,1
e39540a5cc5d31832456faa0dab449c1,2017-03-14,29.619999999999997,1,MG,2,computers_accessories,0
9cb899ec49b7c2411eae41cd5977de2f,2018-01-10,87.34,1,MG,1,computers_accessories,0
4c06d7e5a8a5c7b432366e7c923644c1,2017-12-24,35.0,1,RS,1,electronics,0
2fbee332e76a2d78550523b89f33f153,2018-03-26,153.04,1,RJ,1,computers_accessories,0
798f872475163b012f68c583819f0a39,2017-11-24,24.73,1,SP,1,computers_accessories,0
c539e0e8403e4e2f09aec95e073a9f85,2017-09-18,183.84,1,MG,1,computers_accessories,0
a4baf825ed3f84d3dd4b6b97ea951fa1,2017-03-22,741.75,3,SP,1,computers_accessories,1
260d235e25b0be20b5688b8a76ae2f09,2018-02-21,53.0,1,SP,1,computers_accessories,0
4097cef4d604217aad3f625bf6105066,2018-02-19,57.629999999999995,1,RJ,1,computers_accessories,0
5943920d752512f211b074b874e73526,2017-06-11,131.26,2,RS,2,computers_accessories,0
5f5a937b8e63ac95df2db115354de971,2017-12-23,681.42,1,RS,1,computers,1
b8cbbd0b8e359a458ae7dbb7b012ee98,2018-02-09,57.77,1,SP,1,electronics,0
35ea8c2abca283eff2f0d5c1168bf31c,2017-07-22,46.0,1,RJ,2,computers_accessories,0
35c2d3179daf2ef475f47ff2d29c068e,2018-08-13,200.35,1,PB,2,computers_accessories,1
a493d659436f51198ebdd0ced8ec7d7c,2018-05-14,177.69,1,SP,2,computers_accessories,0
efa54a340757446b16f891404fb529c2,2018-02-06,89.67,1,SP,1,computers_accessories,0
5cbc7c89712aae49a2bb1c98be72f597,2018-02-24,157.4,2,PR,1,electronics,0
499a762fa72fde835e39b03db3b95cbf,2018-08-25,39.97,1,SP,2,computers_accessories,0
a37d916ab96889e59db281905a87514e,2018-04-15,82.75,1,MA,1,computers_accessories,0
2e79e51b96cf9b836ce81f55548d018e,2017-10-07,61.620000000000005,1,CE,1,computers_accessories,0
9c83e600b8c156f1b50b753f30e93634,2017-10-30,84.05,1,GO,1,computers_accessories,0
4eeb6af486bf2c0e8e600162bdf2e391,2018-03-06,28.880000000000003,1,MG,1,electronics,0
f2ff1f78a5733d7178e393c543100e0a,2018-08-07,62.0,1,SP,1,computers_accessories,0
6714663b6b3db5c838d7590c6a7600e3,2018-02-10,173.27,1,SP,1,computers_accessories,0
0b685cd6f272b410ca1a0cd1fbf0a548,2018-07-24,88.19,1,PR,2,computers_accessories,0
4d55408f3a98afa1d4f3087d4a24005d,2017-02-04,65.64,1,MS,1,computers_accessories,0
55ab9db2aba357eaf4c98300f85b2189,2017-09-19,264.48,1,RS,5,computers_accessories,1
c1b3677443e3acb2a07e47d81889e571,2017-09-12,303.75,1,RS,1,computers_accessories,1
974489a317d3b3f2e471a3e8d05ebeb1,2017-02-13,62.83,1,SP,1,computers_accessories,0
0c63eb238a8ea5d783171577db5d7f70,2018-01-11,28.799999999999997,1,MG,1,electronics,0
135226fc55b64c0e3cc388a3c12f039a,2017-06-08,931.53,3,SP,1,computers_accessories,1
5a7ca318214b5a70fd94e277af9643f1,2017-11-24,74.36,1,RJ,7,computers_accessories,0
c78fd57b912d62acf68d11da7a7c500b,2018-01-08,36.69,1,MG,1,electronics,0
35439f221b37eefcebad6204ba171769,2018-07-09,71.75,1,SP,1,computers_accessories,0
9ac146c59c6dae84516a85362fdbbebf,2018-07-28,38.36,1,SP,1,computers_accessories,0
97b8321bc75e9fb96dbea17675d11ee1,2018-03-09,43.22,1,MG,1,computers_accessories,0
0dadc99af57f4654592d80bd83ee5a9b,2017-08-04,258.05,1,BA,1,computers_accessories,1
1ee34237b5f6da17a68b98f9f27e4a4c,2018-07-27,142.27,1,RJ,2,computers_accessories,0
f30d36b6eb144a416117bc67041fb160,2018-02-18,157.55,1,SP,1,computers_accessories,0
faf6aa5bf56ed187250988325e866dd6,2018-04-29,68.85,1,PB,1,electronics,0
847d8edecff82bfad703e42e7a849201,2017-12-05,88.55,1,RS,1,computers_accessories,0
d20ba57abdbb252ebfe1fad543a12751,2018-06-15,207.93,1,SP,3,electronics,1
dbf4e3f97023c5490b058fba8b675191,2018-04-20,27.48,1,DF,1,electronics,0
38f0291ed11ee2f2f0cf35ef8931e374,2018-06-04,189.0,1,MG,1,computers_accessories,0
1cf7cea9bec060a9fd57a36b4c032c82,2018-01-08,62.910000000000004,1,BA,1,computers_accessories,0
b47199dcd5708031fdb48f2e28c4c28e,2017-10-13,175.18,1,SC,5,computers_accessories,0
d0e9399904d8a9d40da9642d0023383e,2018-03-11,98.71000000000001,1,SP,1,computers_accessories,0
a6266e7ddaed38f2674271c50964d50b,2017-11-28,25.5,1,SP,1,electronics,0
af91d510d187f304483d1081272ad705,2017-09-25,51.519999999999996,1,SC,1,computers_accessories,0
feb1faba52af0ff624c197d3dfdc7019,2018-03-28,136.56,1,SP,1,computers_accessories,0
15f29653eecf60489d5e04389f448526,2018-04-20,134.15,1,RJ,1,computers_accessories,0
715db622428425d51cc31f65a8b82eb0,2017-12-02,84.27,1,SP,1,computers_accessories,0
3f70fa55743ebe05b4b94594c082dfc4,2017-12-13,25.5,1,SP,1,electronics,0
0efa0c45020bf70a48af010afcf0a3cc,2018-02-28,563.26,1,SP,3,electronics,1
2e7f50a8fb8e08f64107c829ddf4ba84,2017-05-16,83.23,1,RJ,2,computers_accessories,0
74db91e33b4e1fd865356c89a61abf1f,2018-02-15,20.03,1,SP,2,electronics,0
3b106e10a8c576552a457e61f1e8c90c,2017-11-24,152.48,1,SP,1,computers_accessories,0
865e82f5110c9e32b37dc8909994c6da,2018-02-11,31.38,1,PR,1,electronics,0
df906ca18e91f3bf9c6f0c2a41d54a94,2018-04-08,143.93,1,PR,2,computers_accessories,0
978314826289d9ec86d6d6a627eaf810,2018-05-05,103.13,1,MG,4,computers_accessories,0
86fe069057d591923b2a30a47b2fa5ab,2017-11-17,47.0,1,SP,3,computers_accessories,0
8531a53599c482d78f5eab067187c7fd,2018-02-11,196.01,1,ES,2,computers_accessories,1
a6e72869e355a73024a941ae6ec91919,2017-08-12,275.11,1,SP,5,computers_accessories,1
e58d507c1730fdc2137d1fd497049a68,2017-12-11,52.379999999999995,1,MG,1,computers_accessories,0
8e5eafb4c60eec3b291d9703cca5157f,2017-11-28,25.75,1,SP,1,electronics,0
c1ba2eff47cfb7e4dc93b12ee08f21ed,2018-07-13,216.5,1,ES,3,electronics,1
894ad6777d752962423e37b3d4e8a83a,2017-10-04,238.05,1,RO,3,computers_accessories,1
cbb7694680a105281d391bf7002c0477,2018-05-03,178.21,3,SP,1,computers_accessories,0
419db5644c25cb5226f64b9b0e4897c8,2018-07-10,161.12,1,SP,1,computers_accessories,0
3a48968afb1c79c3f512c758c202537c,2018-07-31,89.0,1,SP,4,computers_accessories,0
02855eb3e469890c3b741adb0fd64f71,2017-05-12,104.37,1,MG,1,electronics,0
9dec900f8c20ecbaefa8e27242060a67,2018-02-28,54.7,2,RJ,1,electronics,0
7e19584d74aa3faaf95a90fb32c68502,2017-10-22,43.58,1,SP,3,computers_accessories,0
0f2335c85eae6c232fa46499d5e1e3d2,2018-06-11,222.03,1,PI,1,computers_accessories,1
230571d6e34263b58881343939b5baea,2018-07-11,21.79,1,SP,1,electronics,0
675dac8b73cb0d20fa633e864deb7e1e,2018-05-18,323.8,2,RJ,1,computers_accessories,1
2a0f3e45a35626fe09681315beafbb10,2018-02-20,102.03,1,MG,1,computers_accessories,0
68e3cd57e173ebad230c2879e6c78401,2018-04-07,21.04,1,SP,1,electronics,0
21207148c7a901f242180548ca68698f,2018-06-20,177.31,1,SP,1,computers_accessories,0
f17270c61aed8f1df00b8dfff634d06e,2018-06-07,32.37,1,SP,1,electronics,0
12cebf41d5735b3a901bc60d2a26566e,2018-05-11,37.129999999999995,1,RJ,1,electronics,0
e8157cf4fcea528ade55ec61d5cb074e,2018-03-24,39.95,1,SP,1,electronics,0
a269f07880aaf28f6c7d476f8b56bcbe,2018-03-13,93.41,1,RJ,1,computers_accessories,0
dec5dddbabb890eefc4bf9e0b66ad1bc,2018-02-19,186.27,1,TO,10,computers_accessories,0
f1947038bdbb0dc6cfbb332abcd60221,2018-07-22,374.59,1,PB,4,computers_accessories,1
ed60d6a05819396ce59802cc9c78007a,2017-10-14,293.59,1,ES,2,computers_accessories,1
ae64e2ba5ff3e9ffe94fa1c7b844b745,2017-11-26,60.83,1,ES,1,computers_accessories,0
b4d84c94b807c15d5499ce40b6122efd,2017-05-11,360.26,1,SP,10,computers_accessories,1
57c28fab977b1d61c2b5612548fda073,2018-02-28,47.0,1,BA,3,computers_accessories,0
906be41c08c186ca1b3152e6e9a04ed4,2018-04-19,185.66,2,SP,1,computers_accessories,0
f5aa1edb9fcb689d509794aafb9ee0dc,2018-01-26,67.79,1,PR,1,computers_accessories,0
d52d8b400bb758fb5b25ca1af464f814,2017-11-24,296.19,1,SP,1,computers_accessories,1
d809c236053cf2dc908107360b97302e,2017-12-03,41.0,1,RS,1,electronics,0
b626a11507dbce56f74a5b1b1a6af615,2017-01-23,37.95,1,SP,3,computers_accessories,0
04689f2d82bbf4efb4cd3300961d4211,2017-06-11,95.21000000000001,1,SP,4,computers_accessories,0
4410b6f844fd4511b1ce28083c2f2eca,2018-01-23,112.73,1,SP,2,computers_accessories,0
f489949dbe23cf9313deb342913ece0c,2018-05-10,1436.46,1,RS,1,computers_accessories,1
1e14de13248e098b9bc206b9387602eb,2018-05-18,18.94,1,SP,1,electronics,0
0e66712947a6d0ae935240a304775a17,2018-04-06,200.16,1,SP,2,computers_accessories,1
8d8a1fb20cc3bcbed0c51fd0c70bc538,2018-02-03,211.86,2,MG,3,computers_accessories,1
d19cf6ec40b00db56211b4db0a663266,2018-04-25,244.5,1,RJ,2,electronics,1
71af6bdc7a6b64f062547bde7036b353,2018-03-26,178.36,2,BA,4,computers_accessories,0
531abf2d5cc78f7a49d9ba560cbbfe7a,2018-03-02,88.91,1,SP,1,computers_accessories,0
2b0991a89bd6f0e75a51275d3d1dfe71,2018-07-18,62.99,1,PE,1,electronics,0
6f7ea3cb9fdeb4cb0d48e1933d792a56,2018-02-28,391.96,1,SP,1,computers_accessories,1
f3c3a7ba1b89f8248dbb8e42813efad5,2018-04-04,179.82,2,SP,2,computers_accessories,0
cb2fbc8c6e48dc4954fc8cb1034900f0,2017-03-08,62.83,1,SP,1,computers_accessories,0
f83cf3c2b67fa69e65f769bbd1b06396,2017-10-17,78.18,1,RJ,6,computers_accessories,0
b11f3e9b7dec8dbe0c00f5bbb408126f,2017-07-23,89.2,1,SP,4,computers_accessories,0
4d830da4d207262a3965ac4429084d52,2018-06-09,72.85,1,AM,6,tablets_printing_image,0
cdbd1e3a663df0944666a04a273b2acb,2018-04-12,119.06,1,SP,3,electronics,0
a0a3bd3b31454d0f4722b5d1744333cd,2018-01-04,406.48,1,RS,5,computers_accessories,1
af7f48cf036eff2a82e44332f7d36f2b,2018-08-01,89.08000000000001,1,SP,4,electronics,0
76662f6f2a490cb74e7b97984991501f,2017-11-28,21.43,1,SP,1,electronics,0
a3c65630607c982f54a3df86ba0ba76a,2018-05-14,21.4,1,GO,1,electronics,0
5795989efabaace15f06689b3ab3c4c1,2018-03-27,29.29,1,SP,1,electronics,0
97868e4c884bc85f4501ae0a66181cc9,2018-01-28,172.84,1,MG,2,computers_accessories,0
1266cc122d380586b104c2f5380f1210,2018-01-15,36.69,1,MS,3,electronics,0
73a1720b600ec93e0cc37c3266c01452,2018-03-14,313.53,1,SP,4,computers_accessories,1
931b5b510d21c486fe86269b2e36fedb,2017-11-28,20.68,1,SP,1,electronics,0
ff5389bcdbdb32ac8cd49d2a6055cb7c,2018-05-19,30.22,1,RJ,1,electronics,0
554940826c32f26dead171bcb9011775,2018-07-28,72.87,1,SE,1,electronics,0
0933defa4766a375397a4b9c9eaec017,2017-12-23,102.35,1,PA,1,computers_accessories,0
6d5e97cf16f53cf50376b0baecb62595,2018-02-12,38.71,1,SP,1,computers_accessories,0
9e1c9e249d55ea95fe0f9510c2e47862,2017-09-13,155.73,1,SP,1,electronics,0
64f2b30c7d2cad0b1b608642a0a84e25,2018-06-21,20.29,1,SP,1,electronics,0
1d90d600c94da3f52f85add77a68fef1,2018-02-08,91.86000000000001,1,MG,1,computers_accessories,0
c1eb421afe27745d1845f27fdbd14e45,2018-03-12,246.46,1,SP,1,computers_accessories,1
3144812170fbb0c3b71bbd757609f605,2018-02-27,173.27,1,SP,2,computers_accessories,0
9c8251fb4af72d0b0ddc81fdb467a43f,2018-05-15,108.05,1,SP,1,computers_accessories,0
8e44452897e7b8506246a37a8f63f686,2017-08-07,194.74,2,SP,1,computers_accessories,1
fbfd9608b0061e4cc1412e28450a83e8,2018-08-17,184.95,1,ES,2,computers_accessories,0
66cee61c0f071d6ed238ba9d17e5b785,2018-01-24,105.17999999999999,1,PR,1,computers_accessories,0
51c5baf43551103a236f5b44e3686b67,2017-12-06,100.95,1,SC,1,electronics,0
442a8a32e7ffcfcc05413962b75de9c8,2018-03-01,245.06,1,GO,1,computers_accessories,1
ce9f805d159a577d0f5dbf252a5bf577,2018-07-22,44.18,2,SP,1,computers_accessories,0
c39b81b2bd8d2abfff5240c18350f9ea,2018-04-05,28.880000000000003,1,RJ,1,electronics,0
ea1ecba1228b210007951b4a8f12ec3a,2017-11-26,92.87,1,MG,1,computers_accessories,0
f5972017f8fc7597e9a878118ca8c19a,2017-11-02,215.31,1,ES,1,computers_accessories,1
22a00704584f0604e80afe6b4ce031ad,2018-08-16,37.58,1,SP,1,computers_accessories,0
209af0f4be00475004ee6a0b9f37ba66,2017-05-22,235.2,1,RJ,5,computers_accessories,1
ee4a95415255b5c54189071b8c1a2c53,2018-05-06,138.74,1,BA,2,computers_accessories,0
8618c8cd264cece4218bfa403bdc4b14,2018-08-07,151.05,1,PR,1,computers_accessories,0
c642b243037172b9fa789eec22ab713c,2018-01-16,278.38,3,MG,4,computers_accessories,1
eb0caa123b85c891ef895115c39f5fd5,2018-08-16,33.71,1,SP,1,computers_accessories,0
d02832494d9e665c9647bc990b1c24ee,2017-05-19,576.55,1,CE,10,computers_accessories,1
d91f3753f6627409e794b7af521e7cb9,2017-12-20,190.37,1,RJ,1,computers_accessories,1
b96a0998be02fcdd701b834f5d66f235,2017-08-08,166.32999999999998,1,RJ,1,electronics,0
6bf83087dc6176ce753398bf1a976f0b,2017-10-17,986.7,6,SP,6,computers_accessories,1
cd7d5eba4ca59e359249279469aa4f7a,2017-03-27,165.21,1,SP,1,computers_accessories,0
52d737a419e3d5424beb6b55abd83bcb,2018-05-21,163.24,1,SP,1,computers_accessories,0
9322ed60e16ee4ff1efe8145cb66060f,2017-09-01,1250.81,1,SC,4,computers,1
bedae8df4e37a65ccbec319872296b89,2017-03-16,433.07,1,RJ,3,electronics,1
c5c439c95db69979fd8f66c6eec564e5,2017-07-24,112.94,1,PB,3,computers_accessories,0
80d96347e69c438801f589825dbf0d66,2018-06-25,295.40000000000003,2,MG,4,computers_accessories,1
91342c574ec0463ab295f7591d0fc8ac,2017-05-06,87.03,1,SP,1,computers_accessories,0
d67ab4b4a971f5584ab838fa8ed37d34,2017-09-29,179.38,1,PR,1,computers_accessories,0
c6c0485c02e45b1f484c318d540257a1,2017-07-11,77.78999999999999,1,SP,1,electronics,0
64f30c3979fdd4ceb17f8c398d2806f9,2018-01-18,124.34,2,SP,5,tablets_printing_image,0
6ee581ec3ac977c27a12f79caee568ed,2018-03-16,21.85,1,SP,1,electronics,0
7114c189256c666ea43b7230a66ff2a7,2017-07-26,360.6,2,SP,1,computers_accessories,1
da412f433b02b51c714944e4bdb8f723,2017-08-13,128.2,2,MG,2,electronics,0
7bf8bf550bb28dfd0e4a5e4a69f73edd,2018-02-18,157.55,1,SP,2,computers_accessories,0
86fb6e774be23ed33e81228e64739851,2018-04-09,48.959999999999994,1,GO,4,computers_accessories,0
0db84a5169c0effbdd6695e38e354ada,2018-02-27,145.56,1,SP,2,computers_accessories,0
2ceb986b3043c2f73ab7577c6a41830e,2017-08-08,192.49,1,SC,4,computers_accessories,1
73caa517a379fdc2810530959d560647,2018-07-26,70.85,1,MA,1,computers_accessories,0
45ec085d1fc0e1539bd857ad32f45c99,2018-02-14,27.77,1,SP,1,electronics,0
5b85161bbdf02ed28bb2bac6db1e87f7,2018-04-15,93.58,1,MG,9,electronics,0
1ffded15ce20a1a518490765dc37cc9c,2017-04-23,28.52,1,PR,1,electronics,0
3b50e88820d1c12c90d08d5c8efb49a6,2017-07-29,52.0,1,SC,2,computers_accessories,0
ffd84ab39cd5e873d8dba24342e65c01,2017-10-04,65.36,2,SP,1,computers_accessories,0
1991b586044e1a42934aa179003b8f2f,2018-02-08,689.4300000000001,1,MG,4,electronics,1
2ab07a57988e8be8693cdf89f88fcafe,2018-05-14,213.53,1,SP,2,computers_accessories,1
ef61fdf80c9616f588668f63379461bf,2018-01-11,225.22,1,MG,1,computers_accessories,1
265e55efc16ce4c05ab0504ca0a32603,2017-06-27,600.09,1,SP,10,computers_accessories,1
7d0144fb77e164cc237e6aa0cb4d3a01,2017-08-26,65.0,1,RJ,1,computers_accessories,0
dde27525b15a17fe5d8b8503e60143c5,2017-08-08,722.76,3,SP,1,computers_accessories,1
3efba7364d1d66dba86a76169ba169bc,2017-10-07,409.36,2,GO,4,computers_accessories,1
7f3be76847c89f58b912a7adf2d77f3e,2018-06-08,37.83,1,PR,1,electronics,0
58edc4867c66375b07bb99a5ff66e843,2017-06-03,61.05,1,MA,6,computers_accessories,0
26fa3a32106a673d1c0797ad04f15c81,2018-02-10,87.55000000000001,1,SP,2,computers_accessories,0
98d15743f8e48c8e46b0798e8620a0e5,2018-03-18,89.91,1,SP,1,computers_accessories,0
4d4aac37e91472a2cbb36ee91d35866f,2017-02-14,69.75,1,PR,6,electronics,0
0040a56893444cb56cba7cfe2225e34e,2018-01-22,119.29,1,BA,1,computers_accessories,0
55205d82f3b72a235f58195bd491b1a9,2018-08-10,69.81,1,BA,1,computers_accessories,0
3b85cb67e49cb00b5c0a3d83592a1fc0,2018-05-12,203.38,1,MT,2,computers_accessories,1
535ce049550012e1ffc2d07a327eceeb,2018-05-03,377.28000000000003,3,SP,1,computers_accessories,1
2b7c67fca0696d8eae5f3deb33637a2f,2018-06-11,31.11,1,RS,3,computers_accessories,0
43a9357b0136ea0479069accd5ea0676,2017-12-13,173.84,1,MG,1,computers_accessories,0
d08c7396fb82ad39db681f6692a7e112,2018-07-02,152.62,1,SE,1,computers_accessories,0
f55a684badae11bd4d494dd474d82130,2017-09-06,1338.41,1,SP,8,computers,1
7e428638464d2ac1a885d50644f3d831,2017-05-21,46.0,1,DF,1,computers_accessories,0
3bae20c7f7ad4cf125d51f381c55f8e5,2018-02-25,89.57000000000001,1,SP,1,computers_accessories,0
08796d7a1fa345c5bce8f3f53435e21c,2018-08-16,88.71,1,SP,1,computers_accessories,0
6c8409ca697ac1cdf422adf792fbf759,2018-04-28,188.06,1,SP,3,electronics,0
574d6172ae1179b6855da44fa76d9741,2018-05-02,203.08,1,SP,10,computers_accessories,1
3b87bdeebf83a71ad36dff15f95892b9,2017-12-24,152.09,1,SP,1,computers_accessories,0
d250f8e317f2d2e56ae505561a800dce,2017-11-06,212.73,1,SP,1,computers_accessories,1
665f584a60984d1eeb1a0ac9c18585c9,2018-06-07,108.5,1,MG,1,computers_accessories,0
382fe4c08d9dc3aec94cd1aeca20b992,2017-11-27,44.239999999999995,1,SP,1,electronics,0
76103be5bcccf8ca4360b4ae36af30e8,2017-10-31,102.38999999999999,3,SP,1,computers_accessories,0
1445ddbb9a2054e295d0ae5b14b1cade,2018-03-18,110.33,1,RJ,3,computers_accessories,0
2b99bf6a37b3b643b24ca08289526f96,2017-07-09,44.35,1,SP,4,computers_accessories,0
e0bf284ffb712aa8780b96e701b6ff6d,2017-03-23,134.55,1,SP,1,computers_accessories,0
03c1d25d82f404ea1fdfae8eb0b4c314,2018-01-22,117.04,1,RJ,1,computers_accessories,0
315098e810ac2e1d1f22bf3db2a143e3,2018-01-22,172.84,1,MG,2,computers_accessories,0
c90fb992daf8f63f00c1f7819f0897ab,2018-02-19,214.32,1,SP,1,computers_accessories,1
dbe7275504c44f616bb3af98bcf94819,2018-02-22,37.8,1,RJ,1,electronics,0
dd25c0d770dfe6c63eeb2949b311267d,2018-05-07,17.29,1,SP,1,electronics,0
40dabf508156f3a0348eb2a656562b99,2018-02-21,97.62,1,SP,2,computers_accessories,0
73d5294ae18f1a7bf585f09e68bff19b,2017-08-30,59.05,1,BA,1,electronics,0
e0ee14b660378f233bb2e93a868cffb6,2018-02-08,102.11999999999999,1,SP,1,computers_accessories,0
f1e21bf02dd5a9f69c64397ef7bd0433,2018-03-19,82.50999999999999,1,SP,1,computers_accessories,0
f3f65564546eca69a8247a280e51a77b,2018-02-02,856.86,3,SC,10,computers_accessories,1
b59976950624cdf5b8be6b9fddcb2460,2018-05-30,53.61,1,MG,1,electronics,0
0c6829c9d92a6bb545d7bf1734d094c6,2017-11-23,155.32,1,SP,14,electronics,0
1e87c390d13bfd98cb5d56ae28b3c86a,2018-06-21,155.23000000000002,1,SP,2,computers_accessories,0
f757fc88a9be2d57259be12e45955e7f,2017-11-10,165.82,2,ES,10,computers_accessories,0
6cd679600ca2abd4f9de83447ba7023c,2018-03-31,162.06,1,SP,2,computers_accessories,0
92332bfe0b5269414ff8497677a10d5f,2018-03-03,114.45,1,MG,1,computers_accessories,0
fe5fdaa8ac452f9ef81b55b329d3b087,2017-11-12,159.85,1,MT,1,computers_accessories,0
a913ec1db6048950ba773ec6b408eeba,2017-03-27,114.78999999999999,1,MA,1,computers_accessories,0
d8bf77c1506e2e7d360d527098156a30,2017-06-09,414.18,2,SP,5,computers_accessories,1
0f26ca22e6ca8daaeba3f8b5c03f2769,2018-02-15,36.69,1,MG,1,electronics,0
6286969c45053d1fd12f25d712734b67,2018-01-16,35.0,1,RS,1,electronics,0
84d965c9482e83de042bcb2ed7330012,2017-09-25,202.87,1,SP,1,computers_accessories,1
cf68118a73d946c12f379bfcaa85e9f0,2018-07-23,50.46,1,SP,1,electronics,0
3a0fca622908ee6ccd5f9f2ff9e41d91,2017-11-27,44.71,1,SP,1,electronics,0
23e7258eff14f598753311325d867bbb,2017-10-31,21.009999999999998,1,RS,1,computers_accessories,0
e357bd17c927530e59b1740987b906d9,2018-05-06,104.43,1,SP,1,electronics,0
35d68a1aa52f9ac1fa9aaaef9fadf355,2018-01-25,78.37,1,SP,1,computers_accessories,0
0e33e4ed66579e92794c46a5232e51dd,2017-07-28,44.0,1,SP,1,computers_accessories,0
b4accb9267acaa3fa236556695bc497d,2018-02-14,153.09,1,SP,1,computers_accessories,0
0e98b09e43ae533343cdcb8b766dc4f1,2017-08-07,303.34000000000003,1,MG,1,electronics,1
1f7db95b8fd2c7432d59242430cb2163,2018-02-08,90.88000000000001,1,SC,1,computers_accessories,0
bd8ff252732819c1375fb43d9c3cf529,2018-04-01,80.9,1,BA,1,computers_accessories,0
48083a08d73ffd64fa2455e0ac576af5,2018-01-24,42.69,1,RJ,1,electronics,0
6771f603cb0053ec81ea51a2569ffcd5,2017-05-20,160.75,1,SP,3,computers_accessories,0
d23957cc89dc81d6073de66716d2cf82,2018-02-07,323.71999999999997,2,MG,6,computers_accessories,1
7310c8820f4c9ee1ca0e4283b7c2130d,2018-04-03,31.880000000000003,1,MG,1,electronics,0
d6d0323138c510e3816e00ac900d17b0,2017-09-01,279.7,1,SP,1,computers_accessories,1
cd23f3689cab3a020096a36f849bcd20,2017-12-14,60.75,1,MG,5,computers_accessories,0
b6a751bb917e5695cb0f957cc45d04f9,2018-05-06,35.61,1,MG,1,computers_accessories,0
17c9fc03d3e268df0aa30810b0e74e9f,2018-01-18,254.01000000000002,1,SP,1,computers_accessories,1
b01e3ee0b1aa883fb12d7161e3d979fc,2017-12-31,46.0,1,SP,1,computers_accessories,0
ea8a57a7184a47803131ab57b37e3d8b,2018-03-22,103.78,1,RS,1,computers_accessories,0
1449e2bfe7a48a4534cd242f0d60e414,2017-12-30,255.14,1,BA,1,computers_accessories,1
0aaf81645c52d55b9baff5411037d070,2018-07-27,77.24000000000001,1,SP,1,computers_accessories,0
591bbdc0cd7aae35890765d570a3f0b1,2018-03-05,55.84,1,CE,5,computers_accessories,0
36d9dbdecdcaa6c6811f7f272e447ec6,2018-02-25,40.01,1,MG,4,computers_accessories,0
6fd9c0f6410977614b5a56d7cdafbfeb,2017-11-18,70.94999999999999,1,PB,1,electronics,0
598e800e9ad9acb037af33b097ae436d,2018-03-18,173.88,1,PI,2,computers_accessories,0
39af2b85fcc6f1bd12289081f36b4a03,2018-03-26,84.52000000000001,1,SP,2,computers_accessories,0
ce5cc8db5db3cf165759073512ba3d82,2017-05-21,47.71,1,SP,1,electronics,0
c2ddb96ac5a19ac184bc09cbd3c95522,2018-01-14,122.80000000000001,1,SP,1,computers_accessories,0
894f6e0db677f7c543348befc4ecc7da,2017-09-07,872.6,1,BA,1,computers,1
f70c3715f767524c73970266ba6b859e,2017-06-08,28.0,1,SP,1,electronics,0
e06c161158d144e9f0f0d5d4c15f5f86,2018-05-12,43.22,1,SC,1,computers_accessories,0
f3e80ce79cc543e78b626ae391d7ee5a,2018-07-23,77.24000000000001,1,RJ,1,computers_accessories,0
6493662503709d0182824311f551c45a,2018-05-10,56.94,1,MT,1,electronics,0
e20563c6d7e937815ecdf726ecf3e178,2018-04-03,173.88,1,PI,2,computers_accessories,0
39c41eff1afea8c296062328350b9ab9,2018-07-13,38.14,1,SC,2,computers_accessories,0
c0c9eba73d421ff348cf87bd24ca5609,2018-05-21,85.37,1,SP,1,computers_accessories,0
9d2aa61b374fac5dd063f36fefa602e1,2018-03-15,28.93,1,DF,1,electronics,0
091a28ca837aa39b709aa41c0ca3d24a,2017-09-04,109.08,1,AL,1,electronics,0
c7977a0bc84c2c27cea943159176bebc,2017-12-05,129.14,1,RJ,1,computers_accessories,0
093a73d7cb4b891645273a1879e6161f,2018-04-16,37.129999999999995,1,RJ,1,electronics,0
274a1c50ff2991f27b21bd8465c43882,2017-12-16,96.31,1,MS,1,computers_accessories,0
4a544fe98dde76d5f78dde8a2a1986e7,2018-03-21,85.62,1,SP,1,computers_accessories,0
4f4830984a832508339321d903174164,2018-03-11,45.22,1,RJ,1,electronics,0
d3a2d71aecfd58b0ddd6b9d7b56ed55d,2017-07-24,101.71000000000001,1,ES,3,computers_accessories,0
71ffc719d4d2f2dd4f358a699fe72fac,2018-02-01,173.27,1,DF,2,computers_accessories,0
dc0ca34b53f7a8ca4217e1dd6b32496e,2018-05-22,30.23,1,RS,1,electronics,0
9435ca9f9a67ac50e1fef5dbd0c29518,2018-04-16,82.03,1,MG,1,computers_accessories,0
cb2acc8f1def3d443b4716cdc8188102,2017-11-22,35.69,1,RJ,1,computers_accessories,0
b84ecc7b64445484f0775bf89f139fcf,2018-02-12,119.92999999999999,1,MG,1,computers_accessories,0
4dbb5ab859405ac1cb171f7cd93e7f3a,2017-11-25,47.0,1,RJ,1,computers_accessories,0
d245a4f2e759575b2586b033bacdea52,2017-06-05,253.08,1,SP,3,computers_accessories,1
fb43ba30432ed7ccec662861d4959252,2018-01-06,27.68,1,SP,1,computers_accessories,0
11976fce6f2db8eb99598a3951b25137,2017-09-28,114.02999999999999,3,RS,1,computers_accessories,0
c9890157779e80957a453686f65ed097,2018-02-05,27.75,1,ES,1,electronics,0
8aa40dadd2c1f011024a9f8656853103,2017-02-26,113.86,1,MG,1,tablets_printing_image,0
9dc7367f5323e820036ac781a73715ba,2017-12-04,44.79,1,BA,4,electronics,0
f19aee0ec494fa468b59ae57ea6af345,2018-08-20,882.87,1,RJ,10,electronics,1
3d46adb746f95277b8567c00b7bbfc22,2018-05-11,35.19,1,SP,3,electronics,0
520fa39fa9e4c0c4c59fa056a911ec62,2017-12-18,26.35,1,RJ,1,electronics,0
479715da59efdc67c1722f985a94d18c,2017-09-03,42.0,1,RJ,1,computers_accessories,0
6ef946c23a02ae5e2cfe4779ad34d805,2018-01-09,167.51999999999998,1,SC,1,computers_accessories,0
011fcb4fabb3e142579ad63472b11227,2018-02-10,23.1,1,RJ,1,electronics,0
f408600ecfb1900d32519ca61e34e4f0,2018-01-22,34.35,1,SP,1,electronics,0
2242566da9e4bf1d65f3530015a389e1,2018-01-08,120.07,1,SP,1,computers_accessories,0
52cc3e73c44b95c3e54b97771869da1b,2017-08-29,48.69,1,SC,1,computers_accessories,0
8a01d49b3b06384490c34a71c6b5c384,2017-08-24,30.0,1,RS,1,electronics,0
dcfdded3a6760b4e0ce1ef27aaf65b89,2018-01-11,527.03,1,SP,3,computers_accessories,1
e6cd4f25f98e93b4ee451af4b06c777c,2018-01-17,189.37,1,RJ,2,computers_accessories,1
44411d47c4ceddd847c094ee77fcbf45,2018-07-28,37.25,1,PR,1,electronics,0
7602bfb77ab1d67fd9412ad0a048a221,2018-01-12,35.9,1,BA,1,electronics,0
e313e28018f250ccec7488220bbfd285,2017-06-12,44.379999999999995,1,MG,1,computers_accessories,0
757c7e312cf79371dc63f370336ed41c,2017-11-15,57.09,1,RJ,2,computers_accessories,0
fe650e72e3f39d6c3a0e3d87da7971cd,2018-03-26,59.78,1,MG,1,computers_accessories,0
844cf907092829d721bd444fc47377b5,2018-06-08,16.39,1,SP,1,electronics,0
1094e838b998a10c8faf3bc0b77906df,2017-12-03,83.74,1,MG,3,computers_accessories,0
40a9be4510459ae28841128e5938153f,2018-08-14,83.73,1,SP,1,computers_accessories,0
554e0040525310e842d969553ab5b594,2017-11-30,57.5,2,ES,1,electronics,0
21af570a43e64c302adcbe61ad045303,2017-06-05,187.55,1,SP,1,computers_accessories,0
877a74a0ee5c1f719f39f4f11d2fc19a,2017-11-27,2759.88,2,MG,1,computers_accessories,1
1f2c730715e25c512d5beee0f697bedb,2017-08-21,66.34,2,PR,6,electronics,0
a9ca52be3b3e9d4dc6b7d66e2712b35f,2018-03-26,20.29,1,SP,1,electronics,0
a688c7001406d268e4d8779ab25573a1,2018-01-30,522.34,2,SC,1,computers_accessories,1
4e296794d96b6f50740af9a477b6e9c6,2017-10-23,385.57,1,SP,1,computers_accessories,1
7a329b60eae7f23f2633872c2682bf88,2018-01-31,190.01,1,SP,2,computers_accessories,1
9e079abd2ca9af66e7584c00d6551890,2017-02-16,49.519999999999996,1,MG,4,computers_accessories,0
fe041ba1c9f54016432fa6ee91709dbc,2017-12-06,203.78,1,SP,4,computers_accessories,1
ea153a1ffcb167446901237714816a03,2018-07-23,25.67,1,SP,1,computers_accessories,0
7b8ad11294a3f23e9695000ab5f07a42,2018-07-31,23.38,1,SP,1,computers_accessories,0
a4e0f89a82f1347a0ec0c4a2f3bc2722,2018-06-12,152.62,1,RO,2,computers_accessories,0
746f5cee378062b6502e0138b72969a7,2018-01-07,75.57,1,MA,1,computers_accessories,0
f62bcc40f1e01d7e8a16053541c8b8ef,2017-11-30,31.0,1,RS,1,electronics,0
de9e0f42dd4a42ac4a00c027dc44eea9,2018-03-11,100.46000000000001,2,RS,6,computers_accessories,0
e528f5fb562c9053119f71d32acb91ba,2017-10-18,79.9,1,RS,7,computers_accessories,0
a74e83bef10070f30831ad61d579a408,2018-07-18,35.95,1,SP,1,computers_accessories,0
4fb7f20700ef54b2bad00ee038997999,2018-04-18,44.129999999999995,1,SP,1,computers_accessories,0
d66019cee9362dc5fb477e354c7cedf2,2017-05-19,32.79,1,BA,1,electronics,0
d5244670e213108e7d21f54a42548613,2018-08-11,122.43,1,RJ,10,electronics,0
322b584bcce9a2ecb8d00ca5de3ac302,2017-12-11,409.29,1,MT,10,computers_accessories,1
984d4e0bbcbf4680816e91b76477a8d1,2018-06-27,37.58,1,DF,3,computers_accessories,0
e53516f14e3cc830f4afa84315707e9a,2018-02-17,33.4,1,MA,1,electronics,0
739677eada57f8079787189697f71d74,2018-03-08,171.0,1,MA,10,computers_accessories,0
a0c743456ff5737ebbcdaa56c9b2869b,2017-11-20,49.53,1,RS,4,computers_accessories,0
a12362add53762f2cdf644889917fea4,2018-06-06,58.129999999999995,1,SP,1,computers_accessories,0
53d6fdda7e6cd60c16d5051f00ac2af3,2017-08-29,1225.05,1,BA,12,computers,1
d32642f6d232b67e805b482eb0beae4f,2018-04-19,19.64,1,SP,1,electronics,0
66c8850e9f6bc2f81873165c41901706,2018-04-01,48.54,1,MG,1,computers_accessories,0
becfef8632cb82841c516ee0270695e9,2018-02-21,48.69,1,BA,1,computers_accessories,0
941d8ea654e3550842584075b13918ef,2017-06-18,105.08,1,MG,5,computers_accessories,0
45ab6766f52882fd2bdcbcc11cb9a392,2017-05-23,212.12,1,RS,1,computers_accessories,1
61746b0be79904d743172e06cb874018,2018-03-09,90.57000000000001,3,SP,1,electronics,0
05f0c78f07cfc889061aba07e9eff066,2018-01-26,102.32000000000001,1,SP,1,computers_accessories,0
fb3ed0c8db7703fbb2d80419bfa7576a,2018-01-03,32.379999999999995,1,SP,1,electronics,0
ce6773b2916ebbc43dcaa762c0c6f9b2,2018-07-30,31.419999999999998,1,SP,2,electronics,0
26c0e220263a4fc921bee00916855eaf,2017-11-28,112.64,1,PI,1,computers_accessories,0
72440dd8694d68e0ec2dd68e3fc3cbab,2018-06-26,97.58,1,RS,1,electronics,0
d9547df3c08b9a1d75ac31317de05c25,2017-05-11,36.1,1,MG,3,computers_accessories,0
7fd63c1753363cc09b87c6c2176b4d93,2018-03-28,37.72,1,RJ,3,computers_accessories,0
fff8287bbae429a99bb7e8c21d151c41,2018-03-17,456.28,2,PB,4,computers_accessories,1
ce536b5da70fdfb483a7de09c5a3e189,2018-03-26,56.04,1,SP,1,computers_accessories,0
107dd1a330a238450ede59d055f43fbb,2018-03-19,197.99,1,CE,2,computers_accessories,1
b740e269153085cde628edc64b3ef029,2018-01-09,55.0,1,PB,1,computers_accessories,0
b9f3d81dec070aef9c5771e70dc92db3,2017-12-04,76.69,1,CE,5,computers_accessories,0
ca978d2459ea2c5ef6d5fde02be26b9c,2018-03-06,108.59,1,SP,3,computers_accessories,0
8194f59689e6129d3bd13dce90d86c2b,2018-01-18,214.41,1,SP,1,computers_accessories,1
4a8a7a258a9aea5f2d644c863f0c1450,2017-03-30,41.68,1,SC,4,computers_accessories,0
08e617c0a81895c4d5f6ab1e4a20fad0,2017-01-27,137.95999999999998,4,SP,1,computers_accessories,0
d908e170d2b2f6e8a4ebe7dc3bcba4c4,2017-08-02,210.31,1,SP,9,computers_accessories,1
9b969dc1831f8b2f90581c70b2a98820,2017-11-27,144.63,1,SP,5,electronics,0
d3f9832594bb9037370cdf8bdcd052cd,2017-12-15,152.0,1,AP,2,computers_accessories,0
a1fb0092d4374d4f3a232d9fff762b14,2018-03-20,162.82999999999998,1,MG,1,computers_accessories,0
aa906fa25e77d1ba6d307e13b461ac48,2017-11-10,56.660000000000004,1,RJ,1,computers_accessories,0
5c7d0a72d5ce2ffc03f4a86238abcd9d,2017-09-06,257.79,1,SP,1,computers_accessories,1
343d0d5dcda28198afc688aaa821762f,2017-11-07,27.98,1,RS,1,computers_accessories,0
c0abd38f3c86c3d4996c94bcf99df796,2017-08-29,1232.85,1,DF,8,computers,1
ff6ab7a209609f6d415e5465e903bbe0,2017-10-31,26.68,1,SP,1,electronics,0
483ff5a41552b4071ff9d8bef07c6ee7,2018-02-16,243.11,2,RJ,3,computers_accessories,1
6243a6ba7e6150edfa7227f96c72de74,2018-05-14,45.129999999999995,1,PR,1,electronics,0
6390d8596b48fe36ecbd508af3770dec,2017-11-24,696.0,1,SP,1,computers_accessories,1
eb1d0d94d6bc790ec20faa649d68f58e,2017-08-05,44.379999999999995,1,MG,1,computers_accessories,0
0f6b7fd8b1ca2b342b4629b5c8a4435b,2018-05-28,118.48,1,RS,1,computers_accessories,0
aa6f6f661c3e88e007c6cb03ca1e55e3,2017-10-05,126.57,1,SP,1,computers_accessories,0
9823427fadb4fca57cb5e1d4d2b07a8b,2018-01-26,194.12,1,SC,1,computers_accessories,1
d0b199e7a170e05f24540eeb3fd3b278,2018-03-09,45.120000000000005,1,MG,4,electronics,0
035c01a45e289b155db4e47cf39b29d3,2018-08-06,93.80000000000001,1,SP,1,computers_accessories,0
d536b84091b6a78e8ee96dc108b21a8e,2018-01-31,86.15,1,RJ,2,computers_accessories,0
db219864b2403e1856929bf85948989c,2018-06-19,210.58,2,DF,1,computers_accessories,1
1b951d324afaebc435f2fcac5f8fef1b,2017-07-06,129.36,1,RN,2,computers_accessories,0
175dce49b5ee048156291ea4dadd9f57,2017-03-02,27.64,1,SP,1,electronics,0
3a1400b5d4dd3082a4bc8a64d66f6d90,2018-03-20,65.22,1,SC,1,electronics,0
c067fd2a8d499e47d3399202a11d268d,2017-05-10,357.13,1,PR,4,computers_accessories,1
d482a118baf85884aef656c9d75c5c8e,2017-10-30,117.07,1,SP,1,computers_accessories,0
07420892c4caddea9908f3e55218a5ba,2017-11-14,182.20000000000002,2,SP,4,computers_accessories,0
d233396e96f47b3dd9eeb52c797dc56d,2018-01-31,51.379999999999995,1,MG,1,computers_accessories,0
5cc52573e9c54f9546ad4e8fa7183c69,2017-08-27,51.09,1,MG,1,computers_accessories,0
8c62ac6305c0078f826e3db23723a27f,2017-07-11,99.74,1,MG,1,computers_accessories,0
a614d00ec4aae901097a6c85ad8033b7,2017-06-14,54.0,1,SP,4,computers_accessories,0
5f53ad559baa843298f7772942dbc6fb,2018-01-20,165.71,1,SE,5,computers_accessories,0
57ee82f12deff0a89b3429c8fc1b4bb0,2017-06-21,383.72,1,MG,4,computers_accessories,1
a23d7ad984b39e2cebe34619c1774cd0,2017-04-18,207.98,1,SP,1,computers_accessories,1
cbd69e60b3e3e708684855cf2ee1a6c8,2018-05-15,38.28,1,SP,1,computers_accessories,0
63bf3dbf1c64d993b4b9eecac8fecc48,2018-02-07,55.96,2,MG,1,computers_accessories,0
a2277bc3fbc7188630d4b36e34e8cc43,2018-06-13,69.17,1,SP,1,computers_accessories,0
022ba76c6e0c4336514521a8cd4b8fbb,2018-06-17,120.82,1,SE,1,computers_accessories,0
5245b2a0d8f76eae66a2e6c81528e430,2018-03-18,218.27,1,SC,1,computers_accessories,1
d71112c1e6312bdd9d6543a9b6902789,2018-04-02,80.56,1,SP,2,computers_accessories,0
4fb3509d3efabb076843cd252a3e5562,2018-07-16,134.18,1,SP,5,computers_accessories,0
60b4528b577937165a412ba177de3606,2018-07-18,30.060000000000002,1,MG,1,computers_accessories,0
3018245b4917c2d6e6ad5deb7a5cc600,2018-03-04,29.74,1,BA,2,electronics,0
c8552e53c39ddd0a833f474899d5a966,2017-10-19,165.39,1,MG,1,computers_accessories,0
183c26d5b5da5d721efce979e918d1ff,2017-08-25,83.23,1,SP,1,computers_accessories,0
9e90b00b6d923fe64fa53888a5643760,2017-05-31,585.12,3,BA,10,computers_accessories,1
36db19001f33a6f23042adbc4a0e30a5,2017-08-28,1240.85,1,RJ,8,computers,1
d5242ba9470b26e23e540d936c9c59b0,2018-03-05,289.84,1,SP,3,computers_accessories,1
17154f3e0cb2f2ecf1f80653696ec3eb,2017-10-30,95.42,2,SP,1,electronics,0
12e5dd0c975bc753570697dfc4901596,2017-05-30,66.1,1,RJ,1,computers_accessories,0
94392cf6467d0d71ec5fcab718cf3094,2018-01-05,220.58,1,RJ,1,computers_accessories,1
7a1fadde9a014947dc553d03acec903c,2018-05-08,56.31,1,AM,1,computers_accessories,0
613d338b0c2fb3b1dd0a73d6f3bfbdcc,2018-01-09,68.7,1,SP,1,computers_accessories,0
b75a194685421be6ebb7b18c2ec9faa3,2017-11-06,265.68,1,SP,3,computers_accessories,1
3cf387bb14e9db171ccbb9b87ea607bb,2018-02-27,161.02,2,SP,1,computers_accessories,0
12b565379c9d4cf9752858a558325014,2018-03-07,112.25,1,SP,1,computers_accessories,0
dca570055f40d024d88a2d48de7e502e,2017-11-11,174.04000000000002,1,SP,1,computers_accessories,0
07bf5c685616f41e3e2ec06b6f5623ff,2018-02-26,98.13,1,SP,1,computers_accessories,0
8a5631237c1d8626971f2867b25c076e,2017-05-11,912.79,1,ES,10,tablets_printing_image,1
d6000a48fcae57594e206e24ad3db5a8,2017-06-24,46.0,1,SP,2,computers_accessories,0
eed8debf59615c453bc1ebeccc519bb1,2017-10-26,167.20000000000002,1,MG,3,computers_accessories,0
3311cd7f364b477a3538e0f96acc9403,2017-10-13,73.38,2,MG,3,computers_accessories,0
c69e067f9b64eea56517834d123baf0e,2018-02-22,66.11,1,ES,6,tablets_printing_image,0
4f8fb49bd955f713c79333a0a2d9da57,2017-12-26,672.41,1,RJ,1,computers,1
2383d9fafbf6a8af2c96b3ffd0c70280,2018-02-25,44.519999999999996,1,PR,1,electronics,0
fe59965bfbf484aee4f2503efbd933d6,2017-11-27,64.1,1,PR,5,electronics,0
156254aa58b87bb7bad0f9e82f9bd5f9,2018-02-01,189.37,1,RJ,2,computers_accessories,1
b431ef5386c1579fc784586883d7ac91,2017-07-08,46.0,1,DF,1,computers_accessories,0
7b2e06fd0a893c5d11fbebd65c872ed1,2018-04-11,88.37,1,RJ,3,computers_accessories,0
1f31a04201c7a177ad2e98405b18f8ef,2018-03-12,26.29,1,SP,1,electronics,0
9378f7fb4dad9527f338b16cd75fc196,2018-05-18,117.00999999999999,1,SP,1,computers_accessories,0
fcbfb4bc844bc55598f7c04fb2b7c294,2017-11-23,144.56,1,RJ,2,computers_accessories,0
c32a0539c59defb972213eea546f29a8,2018-05-14,89.61000000000001,1,SP,2,computers_accessories,0
237377b772b133dc1eae831d81a1005c,2018-01-29,31.71,1,SP,3,computers_accessories,0
c41906f7053eefe5d449b6b4507fb216,2018-03-19,31.64,1,CE,2,electronics,0
cf3c027d09d7b808bb4bd79207ae6df0,2018-05-10,1305.51,1,MG,7,computers_accessories,1
26721f2618b745ded2575dc7bc35dd08,2018-04-17,49.92,1,PE,4,computers_accessories,0
518a27a223dd20b3d2030d2a5d9574e8,2017-08-09,312.59,1,SP,10,computers_accessories,1
ebe68f8677e52fa72bb060f50dad8e1b,2018-01-09,31.189999999999998,1,BA,1,electronics,0
2ce7fb3d9314c0a8e4e8c04eb1224919,2018-06-10,56.9,1,PA,1,electronics,0
9a7fc3b0802afc9b2b46c1e2f323a738,2018-07-19,133.68,1,SP,1,computers_accessories,0
a46673a644bf3ee145a6afe288ed3e92,2018-03-07,171.0,1,RJ,10,computers_accessories,0
bcbca462c055855afe0cb0df7b6a09f9,2018-03-12,35.959999999999994,1,BA,1,electronics,0
18498dfc9ebdeca5bcf52d70409adb15,2018-01-15,61.69,1,SP,1,computers_accessories,0
52fbc14060ffe1b2c4ab8657fa248084,2018-02-18,31.38,1,SP,3,electronics,0
27d206cb406ccf1605103f9e5339f004,2018-01-03,29.7,1,PR,1,electronics,0
02d84940c88e0c1c91ec65aeb663578d,2018-02-03,190.01,1,SP,1,computers_accessories,1
6f9f51617d16189c2f4cd4e84f92afce,2018-05-02,52.39,1,SP,1,computers_accessories,0
98efe48952662e6a45a1dc51770039d2,2018-06-16,98.14,1,SP,1,computers_accessories,0
1f04f45771eed910a8d58e5c52604660,2018-02-19,77.15,2,MG,4,computers_accessories,0
0a00e9b0112a0e7ba031426a31659196,2018-08-06,174.32,2,RJ,1,computers_accessories,0
3f44656d9d3ebf0e6a4932454ad04ca0,2018-01-02,28.7,1,RJ,1,electronics,0
b9ae09da0b039cc190c9d1cb607a4392,2017-11-02,1479.51,1,MG,8,computers,1
c76a39319cf13b7f3b9e3bded3315f86,2017-05-11,84.23,1,PR,8,computers_accessories,0
1dc515b4707d902bf791694a88e51d83,2017-10-20,173.84,1,MG,2,computers_accessories,0
51b961a61693c869d201aee32178ad77,2018-02-22,38.8,1,MG,1,electronics,0
bf5026cff67c23ae27d65510d8ddf30e,2017-05-19,103.55000000000001,1,RS,1,computers_accessories,0
798e490407d2a787a92d3b4769cd94a1,2017-11-24,100.73,1,SP,1,electronics,0
12e4a8a3ce5999f5d237b1e27b06c60c,2018-08-06,378.38,2,PR,2,computers_accessories,1
d6b59aff700e82a5581e74b3856fbaab,2018-06-24,43.2,1,SP,1,computers_accessories,0
feea392f967ca802356423ab50673a92,2017-12-14,130.57,1,SP,10,computers_accessories,0
e919a8a3ee2a37858e8b5136a6ac5fd4,2017-08-16,85.83000000000001,1,SP,1,computers_accessories,0
fb7adb432e30eeecceeca74ee261fc36,2018-05-25,35.06,1,BA,1,electronics,0
d646d163f7d7fceab2954628f695a033,2017-11-07,55.050000000000004,1,DF,1,computers_accessories,0
b9bf94ff5b1f62b2a075bca13eb69bdc,2018-05-02,213.79,1,SC,3,computers_accessories,1
ebd0eab2867a20cb181ae2222a511546,2017-06-19,170.84,1,RS,1,computers_accessories,0
5b18b03607394168a3dd744501c2dd00,2017-10-13,35.089999999999996,1,MG,3,computers_accessories,0
18b0e5ee71617b58ca825b6ea8d94255,2018-01-13,68.73,1,SP,1,computers_accessories,0
2158e65196d4219c8f22cf686e1cc8de,2018-03-15,57.129999999999995,1,SP,4,computers_accessories,0
bb98c9fdb30b2e14fede53a445d2b5aa,2018-05-05,165.18,1,PE,2,computers_accessories,0
242abbd943f7575e312d33f95699a6e2,2018-03-20,200.35,1,GO,2,computers_accessories,1
a36377eeeea09365dfc5cf7e79207cbf,2018-01-24,172.84,1,MG,1,computers_accessories,0
45f7d9a94705872dad55bc0c688f9cfd,2018-03-26,292.2,2,RS,4,computers_accessories,1
55e6b6da22f9fc2e3482b436eeea7da3,2018-01-18,221.98000000000002,1,MG,3,electronics,1
b6cc6c3ee09a6542d7cb6fa9a4e13a9f,2018-01-03,26.68,1,SP,1,electronics,0
809c4ebcc270057a021dc813195717e3,2017-05-16,70.29,1,SP,1,computers_accessories,0
f19f30f5a7f8617f580ec6633c0c8c6e,2017-11-24,37.0,1,MG,1,electronics,0
c5f5087eaff455f93653900411e34432,2018-03-06,141.88,1,PR,1,computers_accessories,0
31a6cbe67abc9e5414688f0f59681ec0,2017-06-23,93.38,2,MG,8,electronics,0
11a132c691ba6602d0cad2e1eea1bc14,2018-05-12,206.08,1,RJ,3,computers_accessories,1
de05dd73ee1b5a964eaa56f814c49851,2017-01-21,35.95,1,GO,3,computers_accessories,0
4b3b2a4d7cfb8d3ffdc5d92337550ae9,2018-01-23,97.62,1,SP,1,computers_accessories,0
cfa5f05fcf442b5faa1cffd73b4fd9ee,2018-07-02,28.880000000000003,1,MG,2,electronics,0
3e341725cddb1523a88a68e64d7ce0cf,2018-03-12,48.78,1,SP,1,electronics,0
81fb90c1485e2ff8b2fdd37b0472ba9f,2018-04-06,92.57000000000001,1,SP,1,computers_accessories,0
0acff4874d0f6558ab78a80bb4c8a3ff,2017-03-11,30.86,1,SP,1,computers_accessories,0
23c9d37f66d443b16767321d11d70821,2018-01-16,36.0,1,RJ,1,electronics,0
877ee05a3ef8f89df314644a0136090c,2018-08-21,148.0,1,SP,2,computers_accessories,0
20eb5996ce527db33024aa9f2bea69aa,2017-12-12,27.75,1,SC,1,electronics,0
b7867c80a94b0b3e95293f637d913dbd,2018-03-15,189.56,1,SP,1,computers_accessories,1
3b28f0058ea921e275c87efadc8f7c32,2017-07-31,37.53,1,RJ,1,computers_accessories,0
69697763300040978b1c88f1bb60ad24,2017-10-27,190.17,1,SP,2,computers_accessories,1
d64ee3fd40afdbc9f1d4af84423995ed,2017-07-03,46.0,1,RJ,1,computers_accessories,0
a985d695ba083a66246dd48086ad4cab,2018-03-14,77.28999999999999,1,MG,1,computers_accessories,0
9f2b23380dcf7e8f6984dbbf19bb3e3f,2018-03-01,175.10000000000002,2,SP,1,computers_accessories,0
ef3defd6c98b9391dfe8737b97117d5c,2018-04-19,126.64,1,MG,1,computers_accessories,0
a6bd51bccacef7aef150dd6a39f26e42,2018-06-12,84.13,1,SC,8,electronics,0
1a0da2935bfb1baa0def0327be1a7563,2017-11-24,207.27,1,MT,1,computers_accessories,1
63f040d4a7b09c928627e309f6c17552,2018-06-07,54.18,1,BA,2,computers_accessories,0
0749bdde40245b5fb3b375dadfd4ebe3,2018-02-20,71.38,2,BA,1,electronics,0
c8e75378d45ac6daae73b7ff2d236798,2018-07-04,71.44,1,SP,1,computers_accessories,0
8c2ce23c23c5fb37140ee0a5462e4e53,2017-05-09,106.06,1,BA,1,computers_accessories,0
d418f98c27bf805b915d01108230ea55,2018-03-06,28.93,1,GO,1,electronics,0
5daa05e23e3d4dc6b95c1fa49dbfab7f,2018-06-04,22.38,1,SP,1,electronics,0
4328f885375acef4b6fc70a1d39b429c,2018-02-27,169.49,1,RJ,2,computers_accessories,0
b6e916862e541946569d34420c6e9145,2017-10-11,36.69,1,MG,1,electronics,0
529bc1df87311518b0facbd66aa23964,2017-07-03,84.23,1,SP,3,computers_accessories,0
d6235477014458ade86158040370fca8,2018-03-03,62.21,1,SP,6,tablets_printing_image,0
543dbae182bd4940d1db691141165e0a,2018-02-20,91.26,1,RS,1,electronics,0
22e3e9f45e1ed459c57f99675f92a1ac,2018-01-15,214.41,1,SP,5,computers_accessories,1
7b1dc739a78d04563a4fd62f5a6b454f,2018-01-03,36.0,1,RJ,1,electronics,0
882cc2d9218a566e31934f8d5dceb1fd,2018-02-01,34.089999999999996,1,MG,1,computers_accessories,0
b5b45b75641df9adb6a1a1609bcb77f9,2018-07-31,108.63000000000001,1,MG,1,computers_accessories,0
0707e2f91c707859b79e711d852150c8,2017-03-24,52.95,1,DF,1,computers_accessories,0
52a96c4082dfe660d01acfdc740c4f61,2018-04-24,165.07999999999998,1,ES,8,computers_accessories,0
db4cb930416730b7d23d9a87bc67b497,2018-02-26,96.93,1,PE,1,computers_accessories,0
1ce630b94c04093fbbb40498068f46b0,2018-03-28,189.0,1,MG,1,computers_accessories,0
c2ef874559083f9b66c092fe59f382b2,2018-05-03,19.64,1,SP,1,electronics,0
d1ee985bf7378b46fd1058b35c8132da,2018-08-07,119.19,1,BA,1,electronics,0
4fded332eaac22d47981cbf6eb6e7eb5,2017-07-22,175.86,1,MG,3,electronics,0
0f2fc60f7acb6782b5490389a5a89c08,2018-07-26,44.870000000000005,1,PI,1,electronics,0
95247e44ffe87a1402f04c0023650fb4,2017-07-18,204.98000000000002,1,MT,1,computers_accessories,1
f299e3cfbddf9de401e1f1adf33cd788,2018-02-22,534.32,4,RS,1,computers_accessories,1
0f8415c6898be42b337b26a77fcecbee,2018-08-01,442.63,1,SP,1,electronics,1
b71f2bcb304134cd03bb33a3f86a5a46,2017-11-07,44.379999999999995,1,MG,4,computers_accessories,0
632d5f1544d56eb72ec8566d324f4d06,2017-11-29,27.75,1,ES,1,electronics,0
bff58e0e0d9a5f132abe7c2204b156c8,2017-05-22,108.44,1,SP,2,tablets_printing_image,0
1ecda016913167c1bc9dee2cce81c7da,2018-04-26,138.74,1,BA,4,computers_accessories,0
44112fd5bb8ad2e4ce496e28c8c4258e,2018-03-06,175.08,1,SP,2,computers_accessories,0
e05db2f0411d7fe6af92d64c6fc4bf9d,2018-07-11,83.73,1,MG,1,computers_accessories,0
2d9a709258fa92bdd1a64e72bbf839d1,2017-04-25,44.42,1,SP,4,electronics,0
742aea07dd8f1cc25098f44089301a0c,2018-03-21,48.28,1,SP,1,computers_accessories,0
72f14114cc84c8ee7e687e6a1233f396,2018-05-13,117.79,1,RJ,1,computers_accessories,0
7a0e460794b2d836da856ca4c3db095f,2018-07-01,50.239999999999995,1,SP,1,computers_accessories,0
a1370d5fa6508c13787ae000e5d2ad77,2018-06-20,37.58,1,SP,1,computers_accessories,0
63c1f65a4171fb69929e4fd2652f5617,2017-09-29,136.6,1,SP,1,computers_accessories,0
c32bd7da48be8ce34e8e656099ac3fca,2018-03-21,85.35,1,SP,1,computers_accessories,0
411d2a5826116cb819444537c0d0360d,2017-11-10,31.38,1,PR,1,electronics,0
edbfaeb8ad1b74d2dd3fa417465617fe,2018-04-19,878.48,1,AL,15,computers,1
1ddeff2fa520dc8916dc524bd3b0e58e,2018-08-06,66.05,1,PR,1,computers_accessories,0
5bbb9f480d85449ab94a389f7cdae20b,2018-01-08,336.34000000000003,2,SP,4,computers_accessories,1
879b58a815d7bde03a866d8db6454ff0,2018-02-03,190.01,1,SP,1,computers_accessories,1
ca710aeaf469a14db2f46bf1bf7f5c54,2018-02-17,623.1,3,DF,1,computers_accessories,1
51bd57353e3e9dc73134394fac6f3ba5,2017-07-02,111.19,1,SP,10,tablets_printing_image,0
0b375c9434c495b5759da891d8b26bf4,2017-09-18,119.94,1,RS,1,computers_accessories,0
7e3154615c510971dc93f2d63397b3db,2018-06-15,46.3,1,RJ,1,computers_accessories,0
4245512813e76dedfec361b0da793222,2017-06-21,186.56,4,RS,1,computers_accessories,0
8c1538f82eb9eab8cad2da706a90df93,2017-06-16,30.75,1,SP,1,computers_accessories,0
a657eafd7fea4c928535644e36a20108,2018-01-24,196.01,1,SC,2,computers_accessories,1
1b15974a0141d54e36626dca3fdc731a,2018-02-22,2202.4,20,SP,1,computers_accessories,1
bcb761f4d8fa749e23ae01bebabe8b78,2018-01-11,36.0,1,MG,1,electronics,0
f076e6d4f9afe2b9f866bc0dc20abc6f,2017-04-05,59.95,1,SP,1,electronics,0
2e9d8685e015feaba98d02e5544583f6,2017-08-30,1240.85,1,MG,4,computers,1
c5bc852c581a2a4b56aacec903138baa,2017-04-10,316.79,1,RJ,3,computers_accessories,1
93ae3d70a721582a8c0a1d28d804f947,2018-08-07,207.18,2,MG,6,electronics,1
4c7bd0abf84a8261c6d1af7ebb5819ad,2017-05-27,30.0,1,RS,1,electronics,0
78ef246c8a753452a6464f1f66603fac,2017-09-25,88.56,1,SP,1,computers_accessories,0
ef43444651cdedfaefc1123e4acd02aa,2018-05-28,293.76,4,SP,1,computers_accessories,1
20d3cca1f6e329c19da781f029eed0e8,2018-05-18,92.9,1,SP,1,computers_accessories,0
f28a15daf894f299ef995958883bcaa7,2018-07-06,92.79,1,SP,2,computers_accessories,0
ef8c51f3610d990552701e064e71291f,2017-11-17,2028.75,1,SP,1,computers_accessories,1
9d801d85cc51d478469f2e1b0f9a9cf8,2018-04-11,55.22,1,GO,1,computers_accessories,0
4df0b86780c89ad52e85659f63466a85,2017-12-09,27.78,1,SP,1,computers_accessories,0
b2a791af09fe22457639f9c0f7bdb1cf,2018-01-22,284.63,1,RJ,4,computers_accessories,1
225d7c8785527da15a95cb218ebb07d5,2017-04-10,55.96,1,SP,1,electronics,0
aa171699ddfdc0a2db68be25bd08ea2d,2017-03-14,88.84,1,MG,1,electronics,0
07e481567db300783aa22d7cd202f1b8,2017-05-22,427.1,1,SP,3,electronics,1
79727706d7b541683bd5e4f0d1554076,2018-04-27,58.129999999999995,1,MG,1,computers_accessories,0
dc3f21586424183d783b18a97b5bee0c,2018-01-21,47.85,1,SP,4,electronics,0
4f83719808124739d1936b272a2a3750,2018-05-02,735.47,2,SP,10,computers_accessories,1
bea9b92d7a14b236b96eb9fc71c28e02,2018-04-25,40.22,1,MG,1,computers_accessories,0
024d56279184e5cb942d9abf28fc14e6,2017-05-21,97.21000000000001,1,MG,4,computers_accessories,0
e5d6133b023d919f6aa7a4b3e33eca78,2018-06-10,21.04,1,SP,1,electronics,0
0629053d0e1e598c7a5048031e19e31b,2018-06-25,50.6,1,RJ,1,electronics,0
27d100303d20caf196f550e504ba6240,2017-03-18,83.24,1,RJ,1,computers_accessories,0
f5c1445b3732010dc5ad14eff121f7d0,2017-11-27,113.16,3,SP,1,electronics,0
b40a0752445a5228f3063cc30201bb11,2018-01-17,31.38,1,SP,1,electronics,0
8304f049f874798b19276d475a0b1851,2017-12-08,27.75,1,RJ,1,electronics,0
c082fba06abf4ecfda79646a32f64954,2018-03-02,106.0,2,RJ,4,computers_accessories,0
4c3bec2f85aac1c764e1597247d92b0e,2018-03-27,101.94999999999999,1,RJ,1,computers_accessories,0
e980f0348ae8c85c6eb7e23e9ee42b27,2018-02-26,196.01,1,MG,2,computers_accessories,1
c11457253eefe1635e2c7acbf249aa1a,2017-11-06,181.24,1,PR,4,computers_accessories,0
a1c5f3004b6d0b17e7c63521c8971be1,2018-04-18,171.0,1,MG,2,computers_accessories,0
c1ab86138a2e18e81c0390d8d9f96f86,2017-11-28,36.01,1,RS,1,computers_accessories,0
fc68d45fcd6b69813ab9159228c0b81f,2018-08-22,23.880000000000003,1,SP,1,electronics,0
f9b08c26496de3604c13a613383165b0,2018-03-07,38.849999999999994,1,SP,3,electronics,0
1c5e5f8876d71c023da34d2abd4c9f26,2018-02-01,100.23,1,MG,1,computers_accessories,0
98b3b28db55c9f6e365c56f05004d3b5,2018-04-20,113.55,1,SP,3,computers_accessories,0
a90923ac16a91b92fe65f33d0858827b,2017-07-18,38.379999999999995,1,PR,1,electronics,0
c1eab66ff6c440a9f5d92f83b8f10550,2017-10-29,1373.83,1,CE,10,computers,1
460e04c3cfd044ed625de3225dd24d4b,2018-04-16,417.37,2,RJ,8,electronics,1
0e7ce85328efacb39ce2cb345850b969,2017-06-02,230.06,2,RJ,2,computers_accessories,1
106d8484bb6bb4ff239daff27fc4feb6,2017-06-12,28.0,1,SP,1,electronics,0
7d0f5759a0eac0f20456bb8a36547bf5,2018-03-19,97.77,1,SP,1,computers_accessories,0
9c319e5a1a2056f61e9f44bd5be2f11b,2018-08-08,151.63,1,SP,2,computers_accessories,0
6a8456c9e88a7b8905c7fede59f25b5d,2017-05-19,53.71,1,SP,1,computers_accessories,0
3a594497943c5d46c735d2b2417f43b6,2018-01-21,35.69,1,RJ,1,electronics,0
58203fd5634402dfe49f2fb7ff670f47,2018-01-08,229.72,1,SP,8,computers_accessories,1
e55b8c5adaece78a8727257a535b0156,2018-02-02,108.1,1,SP,1,electronics,0
29f86ab2838875a2fa6f612f9e21d421,2017-08-19,31.75,1,SP,1,computers_accessories,0
4703d00191e1f41e4d2f979ff7612729,2017-09-15,190.37,1,RJ,10,computers_accessories,1
3d48ddecaa9e06e1bb64461135dd7be2,2017-07-12,121.09,1,MG,1,computers_accessories,0
b55d2a96491140f09e6d673289453c24,2018-03-07,36.95,1,RJ,1,electronics,0
b7be5a34ce10bf066ff8013867a3f004,2017-03-31,30.700000000000003,1,BA,1,computers_accessories,0
0c40becf669d1e6da9a8af153c382799,2018-04-07,38.93,1,ES,1,electronics,0
4c6f0636c0c9ee094350e2ed1884c068,2018-02-15,68.0,2,SC,1,electronics,0
9c6939a937801d0069e9086f8ee2beee,2018-01-11,256.43,1,RJ,2,computers_accessories,1
03c6fd082fce47bdd5e0dc1f81a9626f,2018-05-12,98.34,1,RS,3,computers_accessories,0
9387d427f564a63a5d9e87418dd48a54,2018-02-18,61.1,1,MG,1,computers_accessories,0
37660ed0022803717d2eb7bac4300621,2018-03-03,20.68,1,SP,1,electronics,0
52b97b975715b37423f069909d441a50,2018-04-09,87.85,1,PI,1,computers_accessories,0
d9abc12fab04ae2bd6cd0a45a66ca19f,2018-05-22,153.82999999999998,1,SC,1,computers_accessories,0
228733587bbf9886c728aa6bad66fe57,2018-03-02,35.55,1,AM,1,electronics,0
8b5780447e4ee0bfdd231f03e725a3aa,2018-01-31,144.65,1,SP,2,computers_accessories,0
dde2fb922a5e542ca84560b67901f351,2017-02-14,558.96,1,PE,5,computers_accessories,1
4fc507af490f1dfdd4eefcc6a0144b40,2018-01-27,120.43,1,SP,1,computers_accessories,0
119f5a78ea23b1b012dfe576225b5d10,2018-06-29,38.41,1,SP,1,electronics,0
21be81b09ccb9f3d183ce25919c8c30f,2017-08-08,388.6,2,MG,2,computers_accessories,1
98a09776f1286cbe1bfaa2379e33ba8d,2018-06-18,94.04,1,SP,8,electronics,0
e6c31d156f3b4cbe1942da11b01e386f,2017-05-19,378.25,1,CE,7,computers_accessories,1
33bf2ecd9c887519e7c11288384fa270,2017-06-20,150.09,1,RS,7,computers_accessories,0
89e4480fbd3d9e4798dc09b84ec53334,2018-05-10,159.68,1,PE,2,computers_accessories,0
16c3ca58f55e1752c30c707a7612b879,2017-04-17,34.86,1,MG,3,computers_accessories,0
6500414804835661998007480dff5709,2018-05-06,20.29,1,SP,1,electronics,0
87dc3fd7007c4660f83c57f210061b28,2018-08-15,303.68,1,SP,4,computers_accessories,1
93c244c6bb63cafcde3117a2b2a5e151,2018-05-03,195.86,1,SP,10,computers_accessories,1
c53d2f2ce4d10360456c69e19f991aff,2018-02-07,472.63,1,SP,1,computers_accessories,1
b62001b38d12c99ffbafa1c609797348,2018-04-06,2241.64,2,SP,1,computers_accessories,1
3bc0b582f495fdc4dbec054f04f9fa3a,2018-04-15,21.99,1,SP,1,electronics,0
de57d3e5ce7ac9d723a9572aac2b7fc3,2018-07-28,87.16,1,SP,1,computers_accessories,0
a89c99af44728fa4a6353bc609820a3d,2017-04-03,162.13,1,PA,12,electronics,0
14ca875b00d9cb1dccb7149f17a31fdc,2018-05-06,51.959999999999994,1,MG,2,electronics,0
6dc3e3b2cee53031d832943548d16db9,2017-11-13,32.379999999999995,1,SP,1,electronics,0
c6be81e3c1e9e15e5893e19d7ce49647,2017-01-26,63.01,1,SP,1,computers_accessories,0
ea0ea2ab3f42182e8f428012daf9834b,2018-06-08,189.0,1,MG,1,computers_accessories,0
c1a3ddd24fa595bc9977071be7eab467,2018-06-20,83.45,1,RJ,1,computers_accessories,0
12f3b807beab1531c618404375262147,2018-02-11,39.03,1,AC,1,electronics,0
363814e98fb75811e4465c3b7fc84ca5,2018-05-31,91.91999999999999,2,BA,9,computers_accessories,0
a32a6f021e727df428f98b6a9f2f4df7,2018-04-04,193.65,1,SP,1,computers_accessories,1
40c8cd121d8e213fd48d0f30c9ed71e5,2018-06-04,33.28,1,SP,1,computers_accessories,0
c383ab7c64e3ee1503e3574b22e37dab,2017-01-28,86.9,1,PE,1,electronics,0
1f70c1dfe04e99af2bd64337afa0613d,2018-03-01,88.94,1,MG,1,computers_accessories,0
f3b0e97ac641a7d5658fb2b26fff0ec7,2018-07-02,18.87,1,SP,1,electronics,0
add98bb9caa9f37e7d0702845c3a5db5,2017-02-07,31.86,1,MG,1,computers_accessories,0
8cff0b9c9223d214d619f483f51b8979,2017-06-12,53.09,1,MG,1,electronics,0
077d6b93c4e88d06b124cf24fb67a28e,2017-06-17,104.37,1,RJ,1,computers_accessories,0
9ba78ea9b6527e1882ae9c8a47c8f4b4,2018-01-26,84.17,1,SP,1,computers_accessories,0
ea694a00fc5ee055808a425d0b1b8699,2018-02-03,25.5,1,SP,1,electronics,0
b925013f2e110c15dd382961cf7e6538,2018-04-18,186.5,1,RO,1,computers_accessories,0
76575700bd0fef8974ff82601ad505bb,2018-04-17,47.74,1,RN,1,electronics,0
44699b6718b35247c4ae1e798d0ec533,2018-03-21,117.38,1,RJ,1,computers_accessories,0
1457abef78cd241e85fd946503cb4e16,2017-10-27,1373.83,1,RJ,10,computers,1
11bfb5214a47c5a12e3dab8cac01c304,2018-02-19,192.91,5,RJ,1,computers_accessories,1
d682106fb1b9944e800954febfa1a0e1,2017-11-13,54.17,1,SP,1,computers_accessories,0
4ac97698600fa74206fd156b0bcefa6c,2018-04-25,189.0,1,RJ,1,computers_accessories,0
e24482f15e14b7c0adfe34b1c0542e43,2017-08-11,32.0,1,SP,1,electronics,0
c4f3f1fa5eadd2ee5d28be9bb77361bf,2017-12-04,37.72,1,SP,1,electronics,0
cecccaa359491439461332bbb0dad3d5,2018-02-28,206.84,1,RS,2,computers_accessories,1
db55d12cb2a29fdf6814668f79a90b1c,2018-03-03,20.75,1,SP,1,computers_accessories,0
eee39147362c420a076b96cfe10c8154,2018-06-02,175.08,1,SP,2,computers_accessories,0
2c323f358d850442d6bc5ab01cda8608,2017-07-14,27.0,1,RS,1,electronics,0
c36c62b3930f8c218cb3d6de52107992,2018-04-06,37.78,1,SP,3,computers_accessories,0
67796dbbc55a23910220b90d80294285,2017-09-15,75.17,1,SP,1,computers_accessories,0
c4a1796b7d23ecebfc720e4dcd2744a2,2018-02-05,95.67,1,ES,1,computers_accessories,0
ce70855bb79f7086da0e4974f7324ac1,2017-12-10,47.84,1,SP,1,electronics,0
588650778ae3d824e5ff92a2bc391b9e,2017-11-29,40.089999999999996,1,RJ,1,computers_accessories,0
0e8644614e6e4e3a5a0eced489c045be,2017-08-28,53.05,1,MA,1,computers_accessories,0
ce567b5a7b6da61e51d45dfb2e1553c6,2017-11-25,35.69,1,MG,1,electronics,0
39bbf01b4fdb433927dd3fa6177607da,2018-05-29,22.38,1,SP,1,electronics,0
fab28f3d1cfbe171566884703d82682e,2018-04-21,20.75,1,SP,1,computers_accessories,0
7b70ed12304671aecd4d8fef24017f5b,2018-06-05,57.230000000000004,1,RS,3,computers_accessories,0
f5685731d11d379083cd2f148a40f1c4,2018-03-23,85.62,1,PR,3,computers_accessories,0
363fe8f62de97e4334f5c88e3d9e73a8,2018-03-23,89.91,1,SP,1,computers_accessories,0
35a972d7f8436f405b56e36add1a7140,2018-08-29,93.75,1,SP,1,computers_accessories,0
c1414100e5e04a4b7a2ddb9b080ec71b,2018-04-02,34.129999999999995,1,ES,1,electronics,0
7e429b54c3c0a8b4206c8d42b6a55bf8,2017-07-12,479.42,2,SP,1,computers_accessories,1
0438652a8cef245640be57b30610a4fb,2018-04-03,972.48,2,SP,1,computers_accessories,1
89cbe85970695c78a58dd5f1d0e0fd35,2017-12-09,190.37,1,RJ,1,computers_accessories,1
bab4c3b7d9e904b2e991490cd65ccae7,2018-02-08,86.15,1,SC,2,computers_accessories,0
eaa96511c925f79170baaff57cd261ec,2017-10-31,35.0,1,RS,1,electronics,0
4ffd6039e12a24d2083cd4a4dda4791d,2017-06-01,257.11,1,ES,4,electronics,1
779f3890fa0528852a6d4c46cd5772cc,2017-05-29,51.09,1,MG,1,computers_accessories,0
3f6a663f694c4e450b66eb8ecbdf73a1,2017-05-28,260.56,1,SP,1,computers_accessories,1
44bce00bb8a4926420b68edb36e04fbb,2018-02-03,137.28,1,BA,1,computers_accessories,0
85e710051891004eca4f527adcadd0c3,2017-04-21,429.51,1,SP,1,electronics,1
9f2c42d6f142a06f2c575576ad53adb3,2018-08-11,146.4,2,PR,2,computers_accessories,0
4584d6304fea8191d84facfb8370ef4e,2018-03-17,71.85,1,SP,1,computers_accessories,0
a18986d0ee0fd3e2c6fe3fdd23ca31ca,2017-05-04,217.9,2,MS,3,computers_accessories,1
bec2a4b30521bb90ef689feeadb8decf,2018-02-05,99.74,1,SP,1,computers_accessories,0
3b096d44d833b0bc4714a1ab1ba9d563,2017-09-10,43.0,1,SP,1,electronics,0
9f8a784a4565b08782de30ee2f76935d,2018-04-11,83.51,1,SP,1,computers_accessories,0
9330e9298742ceea6f94f67a4c6dd785,2018-02-15,34.0,1,MG,1,electronics,0
1800047130a05e584deadf5893a3c74b,2018-08-22,35.95,1,RJ,1,electronics,0
a0f71283b8cf0eeaeb3bbba7894ae11c,2018-08-11,78.8,1,PR,1,computers_accessories,0
2c5925c8d72a163016e91d103b67ac9d,2018-04-17,34.96,1,RJ,1,electronics,0
48ae7c42ef48317f964c51175915407e,2018-05-21,32.37,1,SP,1,electronics,0
3e79636f6031f6b4f05b671928369588,2018-02-19,400.64,2,RS,6,computers_accessories,1
2fac55edfd9754d1a0e7ecc67d48d08d,2018-06-18,118.1,2,SC,1,computers_accessories,0
2f80e75d1ecbb82164966f64abf451fc,2018-02-23,186.27,1,SP,10,computers_accessories,0
52763116adc954bc1620d419789e7e7c,2017-12-20,25.79,1,BA,1,electronics,0
d8d4fd7b15d5b9cb93926c29f7f3066c,2018-01-25,214.82999999999998,2,RJ,1,computers_accessories,1
dd5371622a32b1a8fc1726facf274115,2018-04-25,19.64,1,SP,1,electronics,0
641ad3cb05f84cf88956f08997234c7a,2018-01-29,155.43,1,MG,2,computers_accessories,0
4f85d5b9b7d5cdc7e7f6ceb64aa47f5b,2017-08-11,148.04000000000002,1,BA,4,computers_accessories,0
e85c92ee6a3ba1ef47e41c23286314d9,2017-02-10,3736.22,1,DF,10,computers_accessories,1
315525dbd71c2330c3f38a92d8fbba32,2017-07-11,77.08,1,SC,1,computers_accessories,0
0119e98feb97441cb456c010c25b04ff,2018-01-22,104.96000000000001,1,MG,1,computers_accessories,0
a4003dc7a43aebf4aa6543e230de8de4,2018-08-01,132.72,1,RJ,2,electronics,0
a2fa22a393056c36e59fc9059b443433,2018-06-08,230.34,1,RS,1,computers_accessories,1
814948d5529f58dfc7bf33ac7f6adba4,2018-02-12,147.97,1,SP,1,computers_accessories,0
505bf01f1db6a65a3696e66ed7d44500,2018-02-04,53.05,1,RN,1,electronics,0
201a1768a7050d53fdc64d42ff882422,2017-10-16,53.09,1,RJ,1,electronics,0
bd2fef198085db0b586b9c71aa2d35da,2017-03-27,3024.08,1,SP,1,computers_accessories,1
6687cfa8becfa1f96e707fea36a8f5e4,2018-02-10,92.69,1,SP,1,computers_accessories,0
1861e4e81b5e158dc1b6007cd95a61cd,2018-05-07,55.94,1,ES,1,electronics,0
29c69ae727d8bb736031fca3caa080a9,2018-06-25,36.22,1,SC,1,electronics,0
8a170c32858870f69d7a3477fcca9a4b,2017-09-05,64.05,1,PA,3,computers_accessories,0
6bd24c02ac923942e7428dde3797ecd4,2018-04-25,43.93,1,SC,1,electronics,0
8f5b71cb7b725a21f373cf39ddf4bfbb,2018-05-10,219.77,1,SC,2,computers_accessories,1
febdd8913edff4946861c4fb4e191828,2018-07-16,237.15,1,MG,4,computers_accessories,1
150d57489c190648d7496031f9d449d3,2017-08-02,83.23,1,RJ,3,computers_accessories,0
e0eaf809859a6844fa893ae9c9af2ddc,2017-10-11,190.37,1,RJ,1,computers_accessories,1
fe51b7fac3bea42115fa1c3b8973cba7,2017-12-12,44.379999999999995,1,MG,1,computers_accessories,0
1a20ab8b4c6dc17ffd5ec843d425e039,2018-01-26,356.88,3,SP,3,computers_accessories,1
68c266b203d2b5b9e4f724d2b0bf532f,2018-07-03,35.55,1,RJ,1,electronics,0
91582e33b7943eb270559a4e9acbd44d,2018-01-19,52.8,2,RJ,4,electronics,0
3e30da31e3bf405f3a0b771a7d935322,2018-01-18,168.52,1,ES,2,computers_accessories,0
a9d6b730b2ad516caeb90d9fd52c7300,2017-07-23,66.69,1,BA,2,computers_accessories,0
014e36af18c280a94d880a16b2f00713,2017-11-01,85.38,2,MG,1,computers_accessories,0
5680b2a510b3058b5b17603c79ebcf67,2017-09-23,44.0,1,SP,4,computers_accessories,0
ea5297250d0c2563b690058187a05981,2018-06-27,95.44,1,RJ,1,computers_accessories,0
8bae398ae3bdca643616198d918aa8c6,2018-05-02,40.959999999999994,1,RJ,1,electronics,0
21d84fdbaead25cecf565df87958cbb0,2017-12-23,195.12,1,MS,1,computers_accessories,1
66c76ccb13c70d0badbc7764358ee4c0,2018-03-27,184.57000000000002,1,SP,1,computers_accessories,0
087e4c8f6ced94c453d434e9b2490e69,2018-03-08,72.05,1,MG,1,computers_accessories,0
a97ed6ffd3a1daacc526d95fe844c8a5,2018-05-14,19.64,1,SP,1,electronics,0
a452f232f2844160f507c536f84d9ffe,2018-02-05,40.629999999999995,1,CE,1,electronics,0
afa28a40d797205357162090d6381e40,2018-04-03,62.83,1,RJ,3,computers_accessories,0
0115abf6b892040abfdd5bdfcb6b2c51,2017-04-20,207.98,1,SP,1,computers_accessories,1
03c16ffcf7b8792fa870d8cd7abc4b7f,2018-04-25,150.28,2,SP,8,computers_accessories,0
4e569a26328664b975f0fea724647fe9,2018-07-20,32.43,1,SP,1,computers_accessories,0
1cbf9273aec786608192e5e3ccdc936c,2018-01-31,97.62,1,SP,1,computers_accessories,0
a03ba18c4454de2b89c3950fadd3748e,2018-03-19,181.32999999999998,2,SP,1,computers_accessories,0
ada812c7806382c3085a5f5024bc17ca,2018-07-18,37.25,1,RJ,1,electronics,0
104a4ed42832085322a2ef0d1649b284,2018-05-10,194.19,1,MG,10,electronics,1
6367e1839d93eed7f1f74c9fe5daecfb,2018-01-20,57.89,1,SP,1,computers_accessories,0
63427723caf2bf22cb154f3d26951677,2017-04-10,118.28,1,SP,10,computers_accessories,0
6a5c76325c753e637e28d3efd69e0a0b,2018-08-01,43.17,1,RS,1,electronics,0
635607b37cf3b851396ef5a76be8b89f,2018-07-26,36.68,1,MG,1,computers_accessories,0
53a72dbf29b3890aeae332e05c763169,2017-12-05,190.37,1,RJ,3,computers_accessories,1
fae8533726bd31cbcb92d9bdcaf5e92f,2018-08-01,77.21,1,MG,1,computers_accessories,0
5fe1e6d0ef84cf34adf79cdc569a3b72,2018-02-06,28.75,1,MS,1,electronics,0
eea701bd5c437bfaf0e473c9012e9aae,2017-07-24,155.73,1,SP,6,electronics,0
cf2b1b5aa5205a5c2e895d05702ba9fd,2018-08-10,24.88,1,SP,1,electronics,0
cdeb08f89f720090a01797f553cc8fcc,2018-07-16,175.3,1,SP,10,computers_accessories,0
1265611726ff5db3cbc89ad405de41f2,2017-11-17,178.59,1,RJ,2,computers_accessories,0
8e90c3fae41af15f01fac3ca5b6037fb,2018-03-07,238.19,1,ES,10,computers_accessories,1
f7772489190a216873e672f837696a40,2018-02-18,44.69,1,SP,1,electronics,0
6b08bac55e7aba141d62c13bc3cb97b0,2017-11-29,113.75999999999999,1,RS,1,computers_accessories,0
3fd7b46e6db1b2d7094ad6a73685ccc5,2018-03-13,27.48,1,RJ,1,electronics,0
48c1913bab1f9f2b5452dfb560fa1ec7,2017-04-24,98.88,3,SP,3,computers_accessories,0
6ce409ae9fc35c1c78c3190b660a23b4,2018-02-28,180.8,2,MG,4,computers_accessories,0
adab4e8363237e2879135c67b6b73451,2018-03-28,198.4,1,RJ,1,computers_accessories,1
38422c08f54da1ce80e0a5eb373d7d82,2018-06-29,118.88,1,RJ,1,computers_accessories,0
2ae87534d2afc8b5a768988977c8d582,2018-06-30,218.49,1,SP,3,computers_accessories,1
faf9e0472c5a8f99fbb6cc573aa3cb66,2018-02-23,20.03,1,SP,1,electronics,0
9b305f3b1cd4ea12832c2b90372b961e,2017-04-29,58.97,1,RR,1,computers_accessories,0
ab532e8d49a6cd8848ec641843b39b93,2017-03-14,45.64,1,SP,1,electronics,0
1e077c24035d25ddca3736f56d3e19a8,2018-02-20,100.34,1,RS,3,computers_accessories,0
7e8641c6ba8f77235152dd1c3356f814,2018-02-17,161.85999999999999,1,RJ,2,computers_accessories,0
7ab0dc48b021e455a7c0ab4cf53f6bdf,2018-02-20,173.27,1,SP,1,computers_accessories,0
477764d546ca330c71f7ca61bc583904,2018-02-03,49.09,1,SC,4,computers_accessories,0
8e86bb7701f5738e9b750b76bae492bc,2017-11-23,54.99,1,RJ,3,computers_accessories,0
df04e901d675a6c329be16feac866548,2018-04-02,81.5,1,SP,1,computers_accessories,0
9b18393baecb1432441d81ce51e14fbf,2018-07-23,73.66,1,SP,2,computers_accessories,0
b31deef3cfc53bbbf26964becc186cee,2018-02-14,95.61000000000001,1,SP,8,computers_accessories,0
d347a4ddae83c0b8a9438522ecb7dfb6,2018-01-26,36.69,1,RJ,1,electronics,0
678c60c6679ddcf17629ba109f4d1249,2018-01-11,115.01,1,RS,1,computers_accessories,0
d9e76f277d933820125baad40dfbb9d1,2018-03-02,26.27,1,SP,1,computers_accessories,0
c5e73e17659ae3ae19afe4cfabcc26b7,2017-12-18,107.89,1,SP,1,computers_accessories,0
32fc3f3218889905a42a419486582f90,2018-05-09,21.39,1,SP,1,electronics,0
51f0da744909f18ed535301a19e52bd0,2017-10-07,195.71,1,SP,2,computers_accessories,1
c7af2f59ff42f4410a1739111dbea489,2017-06-23,90.28,1,RJ,3,computers_accessories,0
6782c5b750b0791a12f7b6b823bd0daf,2017-12-01,106.38,1,SC,5,computers_accessories,0
fcabe539367ad08049d814361278560b,2018-01-18,21.43,1,SP,1,electronics,0
aa60d116f345c481d434f63ffe565710,2018-06-04,175.08,1,SP,1,computers_accessories,0
6266738a4093bcd12c6933661ba529c6,2018-01-12,115.01,1,SP,1,computers_accessories,0
5c3478406a9223b2b32d6ab8e0334441,2018-03-12,146.68,1,RS,1,computers_accessories,0
27d40c905fcf5d681df561eb736986e2,2018-01-30,236.54,2,BA,3,computers_accessories,1
59249f8efaa491f566ba65d67ca9c254,2017-12-23,195.12,1,BA,1,computers_accessories,1
1d438f1cb0e0df5c44e967567256d4a5,2018-02-11,821.26,1,SP,1,computers_accessories,1
12c860cdab62139623897892199fea4f,2018-04-17,884.2,1,RJ,8,computers,1
68536e12a3cd7f62b4a5946d541ff083,2017-06-24,54.69,1,SC,1,computers_accessories,0
7bc70bc321068d03533136557afe2959,2018-04-02,193.45000000000002,2,RJ,4,computers_accessories,1
30d4789405a71c5af9343bd033055fee,2018-01-26,94.74000000000001,1,RJ,1,computers_accessories,0
089f9bfea8386f4b212e2145f7ad563b,2018-05-29,127.69,1,SP,1,electronics,0
f6a62f93fc38410844863ed6a061f425,2017-12-18,167.81,1,SP,1,computers_accessories,0
17992e21d004bd228a019461b341dbad,2017-12-08,221.98000000000002,1,RS,1,electronics,1
0e053aa097eda67e25b3934ef3eca8a8,2018-08-02,218.3,1,SC,1,computers_accessories,1
85770deee3205a161f62a227bd92f7ab,2018-05-31,84.44,1,MG,1,computers_accessories,0
6c28a6a98f83b0405d2bfc4ba655e15b,2017-11-24,46.0,1,SP,1,computers_accessories,0
b3b4094d535004ba0ef19c96ba6dfd11,2018-03-29,37.129999999999995,1,RJ,1,electronics,0
4c964566a7cde1bb097b36c556acc0eb,2018-02-10,89.67,1,SP,1,computers_accessories,0
2d290eb2fc05c9777775b838cb3dd768,2018-02-26,102.0,3,MG,1,computers_accessories,0
2e58df496a6b55819b859024268f5d55,2017-08-10,44.1,1,GO,3,electronics,0
e051aa19f5f2e6a98406c005cf5c656b,2018-07-12,113.87,1,RS,1,electronics,0
500ae586f3dab7aba8557a29f0073de4,2018-04-16,136.6,1,SP,1,computers_accessories,0
4e7d5f7a68b4b3a237a3a08656a8093a,2018-02-28,208.65,2,SP,3,computers_accessories,1
d1537836c453f9672f80c422d1af8cab,2018-02-26,446.40000000000003,6,SP,1,computers_accessories,1
46bdd39417baa706de4e1931fb95b4dd,2018-04-22,37.94,1,CE,3,electronics,0
e611d334e736406a802b01fe71dd8521,2018-04-09,28.43,1,MG,1,electronics,0
e104196e46cab854b8dc6f0beaa84d13,2017-05-12,65.67,1,GO,6,computers_accessories,0
ac1de8fa694be661c516f1df6cd72a24,2018-02-19,30.75,1,SP,1,electronics,0
3c952cb06605958c5ca2fc2d28f2c8c4,2017-04-26,547.98,1,SP,2,electronics,1
49153487110cdea2e59215a536aff73b,2018-01-30,72.15,1,MG,1,computers_accessories,0
a16372372eabf56cefaac3bd69b35209,2017-10-12,45.1,1,MG,1,electronics,0
ee24dc874cf2cb44acd098173b7ff240,2018-07-11,51.91,1,MA,1,computers_accessories,0
1a5fdd1338ab8d42e2bdfb83dbb7b9c4,2018-08-19,39.37,1,MG,1,computers_accessories,0
e22702acb3b635834712d8359ab1e2d9,2018-02-19,46.0,1,SP,4,computers_accessories,0
dae095a3efbcc51f73f9a75181008850,2017-08-15,44.25,1,SP,1,computers_accessories,0
f11fbb27b667b259485343a1ad29b609,2017-06-10,113.38,2,PR,6,computers_accessories,0
b753953aa026ea44872473a3fa57c576,2017-07-29,156.64000000000001,1,PR,3,computers_accessories,0
644fa2355020340eaa627c83e17eee27,2017-11-20,60.37,1,SP,1,computers_accessories,0
53e47f7fef72225bb63f3618e3301f15,2018-01-20,359.64,1,RJ,1,electronics,1
cd4c36d1786821bbfe74edce3632db27,2017-08-10,65.53,1,RS,6,computers_accessories,0
88111d2aacb94d5ba269e178f1994a2c,2017-09-04,42.04,1,SP,1,computers_accessories,0
6b24fdfdcbca62d19e7fa83f37af2fb7,2018-01-30,57.0,1,MG,1,computers_accessories,0
ca29aec188eb04a764fce98c6f69232c,2017-11-28,168.35000000000002,1,RJ,1,electronics,0
96b205ed4ede615918071ef68a2f8831,2018-06-04,62.85,1,MA,1,computers_accessories,0
ebf908ba5d7c097d2839701fb3366412,2018-05-01,175.08,1,SP,1,computers_accessories,0
d3c5d59ee5c6bd9cbb3230d8bfebfffb,2017-11-04,32.379999999999995,1,PR,1,electronics,0
8b0d556af68672c609357030e4672671,2018-03-20,27.23,1,RJ,1,computers_accessories,0
08cede37de35a7af6d659a2ea4b17707,2017-07-07,25.380000000000003,1,PR,1,electronics,0
70809734fe201ea6db6d4577b84a3022,2018-03-04,163.08,1,SP,1,computers_accessories,0
581485f89782bb075ada5368b8c8e74f,2017-12-07,109.5,4,MG,1,electronics,0
e8c8d04eb8aefee37534cee9af6cefa9,2018-02-27,32.379999999999995,1,SP,1,electronics,0
7029824369e12a2c4102565ad3f2bd50,2017-10-21,35.01,1,MG,1,computers_accessories,0
b84be81e27ac56e4160716dc5aa7950c,2018-06-07,150.83,1,SP,2,computers_accessories,0
fa44e5b82883ce07bae2ebc419f7fcc3,2018-03-26,35.129999999999995,1,RJ,1,computers_accessories,0
91fedd9854d3837c210542a3d86ddf26,2018-05-14,124.39000000000001,1,SC,1,electronics,0
8c4f09ed660488431555a3738650d897,2018-05-11,28.880000000000003,1,RJ,2,electronics,0
e4dc8dc4e8f573a596b576458c01ce91,2018-04-19,28.29,1,SP,1,electronics,0
a36018fd34ab00dbd34e54db5ec3dbd2,2017-07-10,107.0,1,PE,8,computers_accessories,0
9af38cf8cc5906174070c0c591e630a5,2018-08-22,566.79,1,SP,4,computers,1
68986e4324f6a21481df4e6e89abcf01,2017-07-07,329.22,2,RS,1,computers_accessories,1
25320e12b3d6e8f54f17389037588bba,2018-01-22,102.47,1,SP,1,computers_accessories,0
182e6edb8cb190cada2690d7c7d78e76,2017-07-24,34.0,1,SP,1,electronics,0
eaa2ff40071cc82bc20cf856cc415c38,2018-01-24,31.38,1,SP,2,electronics,0
b8e2c9918602196805600ab3b68b1cdb,2017-02-14,110.3,1,SP,1,computers_accessories,0
31be75ffd0c4b58ca777e72cd2352b14,2018-02-10,95.99,1,RJ,1,computers_accessories,0
cea3e6c11eb60acb9d8d4d51694832f8,2018-06-03,26.78,1,DF,1,electronics,0
fbe61ad65fab58d509a6785653636a57,2017-06-30,92.99,1,SP,2,computers_accessories,0
d42df8c4038c10f915f4b699279980c6,2018-01-05,72.45,1,GO,1,computers_accessories,0
c2f32abcd402889b6cb0bcb5847340af,2017-12-18,53.05,1,GO,1,electronics,0
582cf4da048ab21901845f7aa0a92dfa,2017-07-07,65.69,1,RJ,1,computers_accessories,0
d10d28ad0c77f6e4e64642c7069a9f80,2018-04-15,43.37,1,SP,1,electronics,0
067f9d27ecdd6f2af735e17be1b064ea,2018-02-25,114.84,1,MG,1,electronics,0
7161510ad30cb748bbb32851c67da87c,2018-02-08,21.48,1,SP,1,electronics,0
fcd8e0bfd20989bd07e3cabb10f2349e,2017-07-07,426.06,2,SC,10,computers_accessories,1
c157dbddbf8cf9a086acf9ef8eb8cf92,2017-10-03,36.69,1,MG,1,electronics,0
c3fb8e13cb37ff21273a1d90ebcf0896,2018-05-21,35.78,1,SP,3,electronics,0
dc7a959594336f6171e4fddee0e43e2f,2018-06-14,291.44,1,SP,7,computers_accessories,1
5cf62f9c757b9bc80a12ffe293efa0ac,2017-05-09,202.87,1,SP,1,computers_accessories,1
2b9adeb55e0bd21f06e9dbcb10855229,2017-07-20,76.78,1,SP,1,computers_accessories,0
0bbd832750aad342a252f529cb93d020,2018-03-08,20.29,1,SP,1,electronics,0
0ab83b3fdbca202530950e8f1896412a,2017-05-17,49.53,1,RS,1,computers_accessories,0
7ab1a9babde2a1355e3075d07ea895e3,2018-05-14,35.19,1,SP,1,electronics,0
9bf446986c317acc13f2ab30756f9b20,2018-07-29,58.3,1,DF,1,electronics,0
34d4da466936ae5ef87386c007f7cc0e,2018-05-30,53.29,1,SP,1,computers_accessories,0
b694e265e0a9617ab7301dabf9fb90d8,2017-08-12,53.09,1,RJ,1,electronics,0
f8654b57d28e6089ebf05d171c1997e3,2017-05-14,30.75,1,SP,3,computers_accessories,0
1f33cd6b71508145011dd5552fc289d4,2018-03-22,77.28999999999999,1,RS,2,computers_accessories,0
64ba7f5f2b493323d5dae1634f812cb5,2018-06-19,33.22,1,RS,1,electronics,0
a1c87156ca249199bbcd96fbfcd0296d,2017-09-03,28.79,1,SP,1,electronics,0
934e266bc66e8ed5bba8266dfde60175,2018-05-15,89.61000000000001,1,SP,2,computers_accessories,0
1a945a3b76b7ad9955320a6a9000b567,2017-05-20,30.689999999999998,1,RJ,1,electronics,0
4a385052190a8e86f56e617e88b824e5,2017-03-27,603.03,1,SC,8,computers_accessories,1
21a464b47cbed6570cb9086c34959ce6,2017-12-05,25.65,1,DF,1,electronics,0
bb98ebf4863602704a934e547ca8fbee,2018-02-14,174.88,1,SP,2,computers_accessories,0
a548910a1c6147796b98fdf73dbeba33,2018-02-28,88.09,1,SP,1,computers_accessories,0
2cfe209d12c9f696a44bd5529cdd7138,2018-01-04,76.95,1,SP,1,computers_accessories,0
e0f28c50304079bb45ad32f343e4992f,2018-03-06,40.66,1,MG,1,computers_accessories,0
e9171c81ed4eab3e5c786817857e055e,2018-02-01,239.42,1,SP,1,computers_accessories,1
7856cc6567e7f703152d17ff0c152e3c,2018-01-20,197.82,1,RJ,3,electronics,1
acca926ef1cc9a37d04aac404dc87f4a,2017-06-14,55.0,1,SP,4,computers_accessories,0
2042b08cf14adb53b8c4c1189d162375,2017-11-07,61.96,1,SP,1,computers_accessories,0
709e7bb6791d4380ca6db3451e9e6a68,2017-08-27,153.9,1,RS,1,computers_accessories,0
77c75c0f9b0b1c5417b62c696c4734e5,2017-01-16,55.11,1,RS,1,electronics,0
eea4bc8cadd431cb46a8349ae705a2f3,2017-07-27,130.18,1,RJ,6,computers_accessories,0
b30db4148d5398cbf696c239d830b233,2018-05-23,99.46000000000001,1,SP,1,computers_accessories,0
b74fc8a1ce10dc00688327cdc6a992e8,2017-05-12,93.08,1,MG,2,computers_accessories,0
d55ebcbe4bbcf9c842471f10b1b82f1a,2018-07-16,103.87,1,SP,1,computers_accessories,0
14dc76b28665ce468e6f5ce4fd661127,2017-12-08,70.08,1,MG,1,computers_accessories,0
be70a6a2c7e50ca21ec40bbacd429e5c,2017-09-21,21.09,1,MG,1,electronics,0
323a708130dd958865650c8917116819,2018-03-15,103.6,1,SC,1,computers_accessories,0
e9f48be3096ea406d31f0dff6240fe29,2017-11-11,54.33,1,SP,1,computers_accessories,0
7aad0379bac4fe5dcb0a97650eaf957d,2017-10-26,51.01,1,RS,1,electronics,0
5691a076ef144cb3bb777a3eb18b77d1,2017-08-24,90.0,2,RJ,3,computers_accessories,0
3f041e89d354fb02648077875c4ad67b,2017-07-24,40.01,1,MG,1,computers_accessories,0
2df215b400473a9b6f3be2d5b1bfda08,2017-12-06,34.0,1,SP,1,electronics,0
3719bbbc4a5eea98dba57ead063403f1,2018-05-20,35.71,1,MT,1,electronics,0
4bcc4496263c85f3a25598290559c9d9,2018-03-26,193.72,1,RJ,2,computers_accessories,1
e82be22636894dbc523a70c20fc35ad8,2018-02-21,115.84,1,RJ,1,electronics,0
9c370b3dbcadfb3a62c2b8466603fa1f,2017-06-03,124.97,1,PE,6,tablets_printing_image,0
24fb2d250ea8c0fa1ff61b3cfb17778e,2017-11-28,41.95,1,SP,1,computers_accessories,0
f2a2bd7aa9e2c2b51ff415ce646587ae,2018-03-04,169.23,1,SP,2,computers_accessories,0
0e917a8ba3f90f05c907ca832b61ea16,2017-10-10,195.12,1,BA,8,computers_accessories,1
ea3e7bb7fc6c485a1238f0c21e10ab0b,2017-12-04,33.75,1,SP,1,electronics,0
e97ffba03b587c280382be712f1e3478,2018-06-23,32.43,1,SP,1,computers_accessories,0
4bfa32127f9cbdeb864796d1132b1c0c,2017-03-08,81.05000000000001,1,MG,1,computers_accessories,0
31c4bc4f07ff54c35fce88b58ac90113,2017-10-05,53.05,1,PA,1,computers_accessories,0
6a5504144883c3de1333210ad6c6ff28,2017-10-30,31.38,1,SP,1,electronics,0
cb2171c5c2527a4f3f54ad417867c574,2018-01-22,61.5,1,SC,1,computers_accessories,0
eaa755795bc07ae1c3d55d7f6efe1dfc,2018-02-09,37.519999999999996,1,ES,1,electronics,0
2b1744114b2335cc79c6c45cd8af7290,2018-03-07,405.08,1,SP,5,computers_accessories,1
c6633f15bb100c51b118728e245cf98e,2018-01-06,19.330000000000002,1,SP,1,electronics,0
4ab8d41a01fbd0a52d7de288e25463ac,2017-09-26,31.259999999999998,1,MG,1,computers_accessories,0
90ecb6cceedde51e869bce61b0376f8c,2018-02-22,37.8,1,SC,1,electronics,0
0a06eca1c0bfc49a968e40cdd506297f,2018-03-01,194.12,1,PR,4,computers_accessories,1
03f4fbe820830f14931ffa4631cb0912,2018-01-25,188.12,2,SP,1,computers_accessories,0
a0aef57f230423695817deb4c1b4fe7b,2018-04-01,20.29,1,SP,1,electronics,0
7540402478bad6d66e321312afecfe12,2017-11-30,49.8,1,BA,1,computers_accessories,0
c2b32a9eef15f09698bb2ec1a17a6a70,2018-03-05,152.39,1,MG,2,computers_accessories,0
637829c452a59980120d8015af137b78,2018-08-04,1655.6,1,MG,10,electronics,1
160325be3833553d6a8155785eb1e7e9,2018-08-11,37.58,1,SP,1,computers_accessories,0
3c71011c33cf4ba95d18787bdc0e94d3,2017-03-20,3042.3599999999997,1,MG,10,computers_accessories,1
c24115c3ad47e06931f1fd2617a46c8c,2017-11-25,51.05,1,BA,1,electronics,0
7043c4262355ad04cb8410fc3872999e,2018-02-16,37.0,1,ES,1,electronics,0
36252698cf1f3b91960c60cb2524ae78,2018-06-05,316.26,2,SP,1,computers_accessories,1
f62782261085fc03b796056bf3eb005b,2018-04-11,19.64,1,SP,1,electronics,0
0e62b7f0d74e42edd997cf3dfaac54c2,2018-01-08,1054.6299999999999,1,PE,1,computers_accessories,1
77ed96472e1b12ffadfab397ab0b6ffc,2018-07-25,47.89,1,AM,3,computers_accessories,0
1879b2219f6eeb88592378483e06c702,2018-03-08,35.959999999999994,1,MT,1,electronics,0
7b5d37ba26248e70f9b6c863d1964ed2,2017-11-24,350.72,1,CE,10,computers_accessories,1
a2fdb1524c742eb62a4dd8e37588e9d2,2017-12-04,210.29000000000002,1,SP,1,computers_accessories,1
11735753f4576ee70b2cc1e246a49fb4,2018-03-22,165.18,1,AL,1,computers_accessories,0
c2836ff9ab20ff55026da2c7278840b6,2018-08-14,38.97,1,SP,1,electronics,0
127808959bd2d08cdefdf3015fa205a2,2018-04-26,66.03,1,CE,1,computers_accessories,0
8ac5066a163c60c1ae9bf17200df3dd1,2018-02-08,180.34,2,RS,2,computers_accessories,0
f1946ea4e7c8c7c67815ada3c62d1e17,2017-11-19,34.1,1,RS,1,computers_accessories,0
fc228341a432574ff5641358fba213c9,2018-07-21,23.28,1,SP,1,computers_accessories,0
744b5f76be2964239912826181a4cf54,2017-07-24,148.22,1,SP,5,computers_accessories,0
a800ac0385a83264291f978ab075dd68,2017-05-14,70.38,1,AC,8,electronics,0
94843ea453d12bb3fc1b4b2f73cb1f82,2018-04-13,110.33,1,RJ,1,computers_accessories,0
96eb9d1d1588412109dae29e68f86e86,2018-05-25,89.55000000000001,1,SP,1,computers_accessories,0
03b5e0da68374e8ac08cd539d0559cfe,2018-04-02,70.12,2,BA,1,computers_accessories,0
3a3aa033270279686dadf45ab96929e3,2018-05-09,122.94,1,AL,3,computers_accessories,0
b738a048f0968575318e1a5fc8974fba,2017-06-22,44.71,1,SP,1,computers_accessories,0
2430b57b60423269e56d188b55d8eec7,2017-11-13,119.39,1,DF,1,computers_accessories,0
04b7151492b049661380a47e0449f9b6,2018-07-02,111.79,1,PR,1,computers_accessories,0
6a5c14e6b9a898873a371e04d2e8f4d2,2017-07-31,116.10000000000001,2,ES,2,electronics,0
1565c265f6580c91569b142d96aaa19d,2017-08-10,57.82,1,SP,5,computers_accessories,0
1580aa3360c01bdd268dd1665a8ff929,2018-01-31,105.89,1,PR,1,computers_accessories,0
c280f5eef3c218fccd7c518b27fe86ff,2017-12-22,44.53,1,DF,1,electronics,0
7beb96c2b44515d5794d02d8a0626656,2017-03-23,38.42,1,SC,3,computers_accessories,0
a6325795dfacc6b956a81ab35de34506,2018-07-22,35.849999999999994,1,RJ,1,electronics,0
2e1f6e6e433e40edc3aa9db762193273,2018-01-30,31.839999999999996,1,SP,1,computers_accessories,0
ffad8105f74e3969cb02c795aa3ddd50,2018-02-26,32.42,1,SP,1,electronics,0
90275eeca491639c0cc2d4095a60b2c2,2018-06-23,46.3,1,RS,1,computers_accessories,0
4745c32df5349a726f97d2a85aa32b40,2017-12-21,158.34,2,PR,10,computers_accessories,0
9196f9de64c5c6b2229e9ffe2572d328,2018-04-16,73.06,1,SP,1,computers_accessories,0
0f845aa8f4dfa5eab70f31813b6f5ffb,2018-05-21,95.34,1,RJ,1,computers_accessories,0
83e34d8a4210318b0fd15ce71350db6d,2017-10-20,190.37,1,RJ,1,computers_accessories,1
ca61177bf561a85529ab68e6e3870b34,2017-12-21,53.09,1,PR,1,electronics,0
c6f2bb89d71562fe3ce462309140cb5e,2017-05-23,193.37,1,MG,6,computers_accessories,1
b6e2dffc706175b324dd0915ce5ff492,2017-12-29,24.1,1,SP,2,electronics,0
a36c2d374f8bda87f5ba07fe1bde98e0,2018-02-16,147.8,1,DF,1,computers_accessories,0
7389bceecae734fba2734abb0d23df23,2017-11-22,71.53,1,PE,1,computers_accessories,0
77b85146fc12a34dd81ef54524f247b2,2017-11-21,1289.0,2,MA,1,computers_accessories,1
bd097e5fba6d060c0adb69b8865b1dfe,2018-01-27,46.0,1,SP,1,computers_accessories,0
7ed0da14ccd5f19cd8f1461de5371f95,2018-01-02,153.9,1,RS,2,computers_accessories,0
c0739e18e44f89c88bfbb497c5f11f52,2018-02-18,72.15,1,RJ,5,computers_accessories,0
b1889be0f4217690c49cce852bfb33e7,2018-04-12,39.61,1,MG,1,computers_accessories,0
8ca359188415aaef358f04e23e462a43,2017-09-23,65.0,1,SC,1,computers_accessories,0
77bd3f7f2fefbad1254911e90bc64158,2018-02-27,114.44,1,SC,2,computers_accessories,0
af7b6d2963f03fb6bd066d90ff205dea,2018-07-23,83.73,1,PR,2,computers_accessories,0
a6a646a5b9697b6efb2817faf8e21426,2018-03-18,225.08,2,SP,3,tablets_printing_image,1
0e44e7b0102a1f19aa9d7643e45dbbdb,2017-12-11,171.72,1,RJ,1,computers_accessories,0
ef87b14cd30d2df42c047bc6724fa9ae,2018-08-02,211.82999999999998,1,SP,1,computers_accessories,1
6f8c04e8edee74deceff537063bd46cc,2018-02-22,260.46,1,ES,1,computers_accessories,1
303be864ad5419c9825b648397a8eb73,2018-03-14,189.56,1,SP,2,computers_accessories,1
ec9e227f8a374794d57840d65e9a8ace,2017-08-17,57.94,1,SP,1,computers_accessories,0
0097aafe2a01dd54e39888976160c377,2018-08-23,70.59,1,SP,1,computers_accessories,0
50e49c6629868bcdab3c499bb73fe2af,2018-03-27,284.79,1,MG,1,computers_accessories,1
df7560ee1b8ee379664de6e7fe290baa,2018-06-20,92.79,1,SP,9,computers_accessories,0
4d9fde0f41ed6d10cf0353449abf49aa,2018-02-11,114.84,1,PR,8,electronics,0
246b81e476821bd754ad38f6f0427549,2018-01-31,63.05,1,PB,1,computers_accessories,0
153021ffa26bc5620848b4ab5c7f74a5,2017-06-17,64.1,1,RJ,1,electronics,0
1b900d4d10e97580eee435e3474110c8,2018-05-23,122.31,1,MG,1,computers_accessories,0
086fbd1d738c8b0bf972f0757bc57e9c,2018-01-15,60.09,1,SP,1,computers_accessories,0
219d7856c8969f8f7087ffe19ae28a36,2018-07-22,55.36,1,DF,1,computers_accessories,0
243e51c6daa403a763ee38c31ebdb883,2018-01-04,27.799999999999997,1,DF,1,electronics,0
b918857b7289075da14325e369374e4b,2018-06-04,51.39,1,SP,1,computers_accessories,0
d71541c100c5e5c1c55d5db9290f8851,2018-01-09,235.74,1,PR,3,computers_accessories,1
329818399e3d2636cd3618c0f52954eb,2018-06-24,115.65,1,SP,8,electronics,0
7875524c18ad033ba2026f160273ce18,2018-05-25,75.94,1,RS,3,computers_accessories,0
b70a8d75313560b4acf607739560a0e5,2018-05-14,53.82,1,SP,5,computers_accessories,0
82bda23fb0584ed5750d372e9b597e4d,2018-03-01,186.27,1,SP,1,computers_accessories,0
bb102364b6a29f9f8683f21e5825595a,2018-01-18,20.080000000000002,1,SP,1,electronics,0
483b5f97bce04a756b79be80fa294a95,2017-11-13,370.96,2,SC,10,computers_accessories,1
1239f035249fa809357e51c540bde219,2018-03-21,36.37,1,PR,1,electronics,0
2c873905af0c5322bd6977727e79d8e2,2017-05-11,105.74000000000001,1,ES,5,computers_accessories,0
352efae32a170aed9747e4c117ea2fa1,2018-03-06,154.55,1,MG,2,computers_accessories,0
031494323fa558eee8dd1bd06fc34713,2017-11-26,28.75,1,PR,1,electronics,0
adff485b76b194780db2e4ad4c5eb9b2,2017-03-13,65.95,1,SP,1,computers_accessories,0
6ea71515224447ac719ce8df5da2037d,2017-07-21,50.1,1,MG,5,electronics,0
1bfb270ca4a727aa929151dd9c9bd955,2018-03-04,286.64,1,MG,3,computers_accessories,1
6bf136259829d50a608304ba02fb14b3,2018-01-11,61.05,1,DF,1,computers_accessories,0
e63b248df856bd4aa542bdbc7f8f2f35,2017-04-30,189.63,1,SP,1,computers_accessories,1
c45f7f1c4d9122d148c823d6e660c375,2017-11-24,361.31,2,RS,10,computers_accessories,1
f14edad9e9d494755c49b2e0897de3b9,2018-03-01,186.27,1,SP,1,computers_accessories,0
2c84b2577e246ed9aa8ad68b0dee5be6,2017-11-24,40.379999999999995,1,MG,4,computers_accessories,0
1ed94b4136f96a6bfbff567620be959a,2018-02-06,80.52,1,SP,2,computers_accessories,0
2e5cfd97555ff101c1691c3a2d4f5bd0,2018-02-02,778.25,5,MG,1,electronics,1
70ed97390f0c32ee36ebfb8a421ee1d5,2017-12-08,34.089999999999996,1,SC,1,computers_accessories,0
6fd30bc52324e33b336e1cd7bfdb5ba7,2017-12-23,34.0,1,RS,1,electronics,0
0b65284a1a74114ea029b7676fdc1ba3,2017-05-09,144.2,1,PE,7,computers_accessories,0
3726455226b345e3de3b66e76a47d9db,2018-02-17,202.06,2,RJ,5,computers_accessories,1
cb5b5d9d111d57e734d8e22a09ddffaa,2017-07-18,96.91999999999999,1,SP,4,computers_accessories,0
5e5e7f7a2ede19230d510a4319015e48,2017-07-09,47.71,1,SP,2,electronics,0
c2a0804ce9caec169b2c41564fd7f9e0,2018-07-11,201.67000000000002,1,PE,1,computers_accessories,1
92c55117a3367e40dd561583a49644a5,2017-10-21,47.81,1,ES,1,computers_accessories,0
5b53d58d5ca32220fd0eabaa0eeecb76,2018-01-24,158.48000000000002,1,SP,10,electronics,0
943d83bc0b941f91df93c23dcf916cba,2018-04-18,77.97,1,MG,5,computers_accessories,0
60c293e54649a6dae7403487d4c21b2c,2018-03-20,187.63,1,SC,2,computers_accessories,0
9fc9ffa36672d4903fa9cb76fbf0928c,2018-03-24,121.16999999999999,2,BA,8,computers_accessories,0
be47ea1ee3433ff4f5006ab2c5f9e0a9,2017-12-13,84.27,1,SP,3,computers_accessories,0
687b92f8f248395050a7f8147dab1ac8,2018-04-08,61.19,1,SP,1,computers_accessories,0
ff4935343715e7a6dae3e550f73a6459,2017-10-10,633.5,2,SP,1,computers_accessories,1
9aaf393a76afb1320d536751114e2586,2018-02-02,147.25,1,BA,2,computers_accessories,0
90ef0dd46322c07d322754512bf6b9b5,2018-08-14,164.63,1,RJ,1,computers_accessories,0
8a7aac96934b61b070e94762ca857e31,2018-01-23,225.66,2,SP,1,computers_accessories,1
da9234ffa7ba40ffe7d4c1e9f48b8d39,2018-02-17,20.03,1,SP,1,electronics,0
5e9f1a71f53f74f8c4e829ffbb4b52e9,2018-07-30,205.95000000000002,3,RS,2,computers_accessories,1
64108ebb55ecc7f1a9a4477c5b0624f4,2018-08-17,42.11,1,RJ,1,computers_accessories,0
ad1aa8b8efedf5f8fc4712a4e380cc4d,2018-07-13,31.11,1,MG,2,computers_accessories,0
cfe7b4c34db01ec6e038ce0d1f4e75c9,2018-02-28,44.69,1,PR,2,computers_accessories,0
522a5e4ad2f2d51be25ae597da2b8197,2018-02-25,168.06,2,SP,2,computers_accessories,0
294f94df7d2ec239123fdca1a458e0ff,2018-05-23,162.61,1,BA,1,computers_accessories,0
35f741bc89012d1594cfb82d0d9da8b8,2018-02-25,212.13,1,RJ,3,computers_accessories,1
4884b6f84bbec8bdf35b5380cdc0269f,2018-02-23,168.52,1,BA,2,computers_accessories,0
54d590c80154b4cd2008ed42260cf1ef,2018-04-05,144.87,1,SP,2,computers_accessories,0
946618322795acbec1b5c63fb3634ba0,2017-12-05,35.69,1,RJ,1,electronics,0
4872f8ddca1a62529306384f9c48cbae,2018-05-18,27.23,1,MG,1,electronics,0
cc127d6da252fcf95e31933ee207923d,2017-07-31,31.689999999999998,1,RJ,1,electronics,0
f4b5549e1f7d4f62f52b0512657744c3,2018-05-05,67.03,1,PA,1,computers_accessories,0
565073e67c654be3a7e7fe0e10e36629,2017-05-23,54.0,1,SP,1,computers_accessories,0
4b9fdb48eccb25686cf34b966d7f0292,2018-06-21,109.72,1,MG,3,computers_accessories,0
e13b79bd2df632e6d095f6e31023e827,2017-12-05,81.23,1,SP,7,electronics,0
20659f110925368e86835f912f0507ac,2018-03-21,28.880000000000003,1,RS,1,electronics,0
81e035b07fa347e5b333f9a2b4616e2e,2017-04-04,45.64,1,RS,1,computers_accessories,0
43d15639614829b1cb997af5c0f5f7b0,2018-05-07,205.29000000000002,1,DF,2,computers_accessories,1
b980d737d846b36f807b28e40796003a,2018-05-04,175.08,1,SP,2,computers_accessories,0
558bd4996eeddc5e4e29295bcec08e32,2018-08-26,39.15,1,MG,1,computers_accessories,0
ea55102263a7f58c4b3090b655c2bc00,2018-03-26,21.04,1,SP,1,electronics,0
0ecbb908b4b062b189e1723ef9a836e2,2017-05-24,287.76,1,SP,10,electronics,1
2eb223bca7f1fae261d99669d7e8b20d,2017-08-07,200.74,1,SP,3,computers_accessories,1
c6375a52330f2050e91fdca954b2e817,2017-05-07,187.62,1,MG,2,computers_accessories,0
96c51bb328e69e3f0fc0840d6de16c0f,2018-02-18,456.0,1,SP,7,computers_accessories,1
a3b5da7c8f8d9a1edf856dd01f9c91cb,2017-08-09,50.56,2,SP,1,computers_accessories,0
abc9c2786dc2f953a2ca3f812ab0c89f,2018-06-11,140.91,1,MG,1,electronics,0
23c8038b81572fc7faf9c13e6c82e043,2018-01-18,32.42,1,SP,1,electronics,0
17e8356af05cf890ac4604347b3c17a6,2017-10-10,1479.51,1,MG,10,computers,1
329c5c3b5a57c04d68cda99d7f94403e,2018-08-19,39.15,1,DF,1,computers_accessories,0
5aeed29ddb185bfbd86f0a2d8a11c5e1,2017-12-18,38.379999999999995,1,SP,1,electronics,0
8f3764cf2bebf60ed4e426faefff6ab1,2018-07-25,78.64,1,SP,1,computers_accessories,0
6567e0ba7d75594aacbf2ae3bc9a52b4,2018-08-01,109.4,1,RS,10,electronics,0
36fa9568947553fb83c9ad0726737a12,2018-07-03,69.36,1,SC,1,computers_accessories,0
78b705f0cc3c972f50aa93342f6797b0,2017-04-28,22.950000000000003,1,SP,2,electronics,0
6fc43344397e467b002e0255391ffc12,2018-03-05,149.32,2,RJ,3,computers_accessories,0
e46c1a835d11d387ba01a130d8aa7c12,2017-02-07,273.18,1,SP,2,computers_accessories,1
5c2e21ced9a53930b7b52dc9efe8628b,2017-11-24,758.29,1,DF,10,computers_accessories,1
3d65556241877a60dc65971fca8367f3,2018-02-06,129.09,1,DF,1,computers_accessories,0
073d1fe6e4e8956db691e04a1656ee9f,2017-09-20,92.49,1,SP,5,computers_accessories,0
c9dacb231adb8fe3a8d4d452aa10bfe1,2018-05-17,49.32,1,MG,1,computers_accessories,0
7d8cd4ac1b0c3a31fddc3198d69fc133,2018-08-16,45.2,1,PE,1,computers_accessories,0
d966edb9e3bbe70c8617b13fac4d810a,2018-07-30,88.29,1,RJ,1,computers_accessories,0
7acdb98aabb39abbea16b8acce3f1f30,2017-11-20,24.1,1,ES,1,computers_accessories,0
671f3f58a12caea363c9e40989c7d154,2018-03-26,120.84,1,RJ,1,computers_accessories,0
15a4f6c29cc0499b69ef5c763eef4d9d,2018-06-22,57.980000000000004,1,SP,1,computers_accessories,0
e9385a6ce895738e4ea275adb91aa955,2018-04-13,27.79,1,SP,1,electronics,0
f0728a029e4b3ff3b00aef28de29e394,2017-12-20,255.8,2,RJ,2,electronics,1
c1b86a370f491b37cc3adb8ef0a21fe5,2017-03-21,146.85,1,MA,1,computers_accessories,0
e19abb91d2afddbb8df6f4cffe899579,2018-01-03,31.38,1,SP,1,electronics,0
003d0634280ff3d1d3a54459349a6899,2018-03-17,228.89,1,SP,1,computers_accessories,1
cf90c7096aacd6541cfb4b9925a01818,2018-01-08,59.519999999999996,1,SC,3,computers_accessories,0
c4cb147fbbbe5e1c9d10ebf2cf1501f9,2018-08-02,88.19,1,SP,1,computers_accessories,0
eb6f690431c33aa581e0e090255bdc54,2018-08-03,47.01,1,RS,1,computers_accessories,0
28430c83e57a477a3c4065298f272bb9,2018-01-15,112.39,1,SP,1,computers_accessories,0
ea698ec8b5263e156c2f1ce2e36823c8,2018-04-08,90.99,1,SP,1,computers_accessories,0
1d01166814be7e95f72a3c85357fca45,2018-03-05,262.66,2,SP,1,computers_accessories,1
d2d1dffb59073c276cdd5dc8d4c609c6,2018-01-25,189.37,1,RJ,2,computers_accessories,1
b2b86f50f1d5ec8763fc9fc6894ac6c4,2018-08-01,22.29,1,SP,1,electronics,0
5a90bdab22ab69f4095415dd55451b66,2017-02-04,60.86,1,SP,1,computers_accessories,0
1e693ac6b55dd939e50702b971446d71,2018-06-12,21.4,1,DF,1,electronics,0
acafc483caca0c28cef0ad651d6bb9fc,2017-06-26,553.7099999999999,3,SP,3,computers_accessories,1
d34f40889c88789d3d30f961b338c4f9,2017-06-04,64.53,1,RS,1,computers_accessories,0
11531b318e176d53a632286789eae9c8,2018-08-14,31.12,1,SP,1,electronics,0
da7ee335f676314b02b797c14e92b4e2,2018-03-19,89.91,1,SP,1,computers_accessories,0
a158403af039363a043ead0c69f1fd2b,2017-12-23,190.37,1,RJ,2,computers_accessories,1
32659d759ee706f5c1937fe60a1b00d1,2018-07-20,41.39,1,RS,1,computers_accessories,0
f4e86d12ddc6d795b86817623a9de164,2018-01-17,94.3,1,RJ,4,computers_accessories,0
bc4dd1342d6f1b0881391f55ce6de89c,2017-11-28,119.30000000000001,1,MG,1,computers_accessories,0
f691bccd49f326797b1c69eb55d2a354,2017-04-04,85.15,1,RJ,1,electronics,0
5124d1910fba5bcf45b9372eb874fe2d,2018-04-15,28.130000000000003,1,RS,1,electronics,0
650b025cd24c4072e607bdbcb8a030f2,2018-08-19,302.1,2,SP,3,computers_accessories,1
ebd182d678f7c5aec1f89d5f6f9848ec,2018-03-23,387.44,2,RJ,1,computers_accessories,1
0e6386e1cb625fe4fdbd3d101d2cb687,2017-09-01,1338.51,1,SP,1,computers,1
d67ba8aafdc70b372ea99f74795a039d,2018-05-02,126.64,1,MG,1,computers_accessories,0
d69373cb870bd1bf9a92059e36241d1d,2017-08-04,42.77,1,SP,1,computers_accessories,0
89004e15d2c77c8dd899015d2662b32d,2017-04-06,85.60000000000001,1,RJ,1,electronics,0
3189959300e5acc4558e39ee4026e122,2017-12-21,46.0,1,SP,1,computers_accessories,0
8a110d52eb3b463368987e55a3762fa2,2018-02-15,144.65,1,MG,3,computers_accessories,0
826456a3605c466dec176f032fa660a9,2017-09-04,1351.41,1,SP,8,computers,1
e56df93227f8b483792fc4571550b4a8,2017-03-01,167.85,3,SP,2,computers_accessories,0
2dfa14496bfd2a02b3ab479a58171bc6,2018-06-12,79.32,1,PA,7,computers_accessories,0
c5363cd801aaf46ea50c911244e7a655,2018-02-05,35.0,1,RS,1,electronics,0
d6b2b9dc8bf43a16cb94c37a1ba3a9a6,2017-09-15,109.4,1,AM,1,computers_accessories,0
c3d5f2db50cfc2b9526cff19df97ee48,2018-01-29,136.0,4,MG,1,electronics,0
2f7278fadfba016a650a093b49cee1a4,2018-08-07,205.21,1,SP,2,computers_accessories,1
ef57c0c31600c0a1c7366ff29a71896a,2017-11-20,173.84,1,MG,2,computers_accessories,0
1ce39c59919c8b2e788a6e5e3ce6e418,2017-10-16,122.80000000000001,1,SP,1,computers_accessories,0
876b3ca0fca7f369345f61f3f526a5c4,2018-02-01,148.70000000000002,1,SP,1,computers_accessories,0
3a8fa2133fb96a04512604d9c32dc7c3,2017-02-09,134.6,1,RJ,1,computers_accessories,0
a57d4debabea8a2d143b3d78e224d774,2018-06-16,30.060000000000002,1,MG,1,computers_accessories,0
51f06300798e14c37af5f5ea107db194,2018-03-03,88.91,1,SP,1,computers_accessories,0
fd05ef579e1c9eac0e68b75b7c7ec5b1,2017-09-14,53.09,1,RJ,1,electronics,0
aa7c822797dc5690dd629ea428f25822,2017-07-30,29.67,1,BA,2,computers_accessories,0
7ba54c67fabcf8bc22e2023e8d81dd84,2018-07-19,32.37,1,SP,1,electronics,0
49a4ac17405a0e93eacd89de7e081904,2017-12-01,27.799999999999997,1,RJ,1,electronics,0
9f80bbd59f6be97485be347f2da1f1b7,2017-10-01,45.82,1,PR,4,electronics,0
4e01efb248c52ca8e83181032cf0bdab,2018-03-23,174.16,2,SP,2,computers_accessories,0
375e5c646664c609938372d3f62da9d6,2018-01-31,189.46,1,SP,2,computers_accessories,1
376b9827d830477580eaf370e5218e91,2018-08-12,143.82,1,MG,1,computers_accessories,0
77ce4c372403e8665d37213cf52bda56,2017-11-24,20.85,1,SP,1,electronics,0
93964a297e76080736d065295fd5b437,2018-05-11,163.24,1,SP,2,computers_accessories,0
6e9afd04e254b0327d16cc95cfe3270c,2017-08-31,65.53,1,PE,1,computers_accessories,0
47a330feeb29dca83fc390cddd62c280,2018-01-06,36.69,1,MG,1,computers_accessories,0
5458011c1e8235532bd6b193e37c7688,2018-02-18,127.95,1,SE,1,computers_accessories,0
40c5777021bd392cddf6bf40a341651b,2018-06-16,171.22,1,MG,2,computers_accessories,0
095e9e0811476409362d72fa70d73a6c,2018-02-08,99.01,1,RJ,2,computers_accessories,0
c117260dea8a83dda05418ae635e57bb,2018-03-03,33.1,1,SC,1,electronics,0
39a6ecead949b006d60a132d146ea284,2018-05-21,2647.76,1,SC,15,electronics,1
94853d2e9f30e859446eaadc4d6bcbe2,2017-04-07,857.79,1,SP,1,computers_accessories,1
a7e3fbb3111b4a3c0907fbfad7690ffd,2018-01-12,666.6800000000001,1,SP,3,computers,1
5f6d6684f8eb61135e0cd6c577252b14,2017-04-28,227.72,2,MG,1,tablets_printing_image,1
109a5316b712f2086d69092e7ae638c3,2017-11-25,103.13,1,RN,10,computers_accessories,0
132947cc0a6620350693052f3548070f,2018-02-28,475.01,1,RJ,1,computers_accessories,1
c91838d7476ccfd6cf843c084ab5c61e,2017-10-10,223.82,1,CE,1,electronics,1
93f27293d6f1881d4784abaf47d53ffe,2017-06-27,216.8,2,RJ,10,computers_accessories,1
b4280f952d27844984353301a4e5188f,2017-06-06,19.77,1,SP,1,electronics,0
3043405047f16630ddf598af31943a45,2018-04-02,170.65,1,RJ,2,computers_accessories,0
3fa77b85e1a28c3b3a241c4c59d08112,2017-11-30,86.24,1,RJ,1,electronics,0
30ac9eae54e817b40c3c77fdb444a1e0,2017-02-20,124.18,1,PI,1,tablets_printing_image,0
fbe75f28a6f44dc3638fa204bae1c08e,2017-10-16,73.71,1,SP,6,computers_accessories,0
ce01ef7df5891810a0899cd241279caf,2018-05-03,140.91,1,DF,1,electronics,0
9436e03932021844bcaa6fb20dfc4968,2017-08-03,140.34,2,SP,10,computers_accessories,0
5e651ab6dacf51fcbe51f3aaf84f0368,2018-02-01,203.97,1,MG,1,computers_accessories,1
d40c11d0b2048b65586327176ebea519,2017-12-17,23.6,1,RJ,1,electronics,0
02fe1a0806a5041f35fc69f658202c34,2018-05-11,95.34,1,RJ,1,computers_accessories,0
a5d8e75b33301e9d3dac461f5660fc37,2017-07-24,47.69,1,ES,4,computers_accessories,0
ff098b9342213641be5da8163f0fcf2c,2017-11-01,1373.83,1,DF,1,computers,1
672410cce728c5bc55061e45e7a9982e,2018-04-07,29.630000000000003,1,MS,1,electronics,0
ba8c6767acf3744b63e5880f35d7e125,2017-09-25,62.28,1,SE,1,electronics,0
42ec328ff647d401412f3531462b0b96,2018-07-09,175.3,1,PA,1,computers_accessories,0
64784a51c7c5763b0693ed5ab75a2596,2017-10-12,53.05,1,SE,4,computers_accessories,0
885f4a8f1339042f54f941de2e64a11e,2018-05-23,80.44,2,SC,1,computers_accessories,0
d5a1ba11ff004ff5cf6b2c1184c734ec,2018-02-03,29.04,1,MT,1,electronics,0
0f5eab9ad693ad60f23eddb4338d4a20,2018-02-22,90.17,1,RJ,2,computers_accessories,0
7b1ade884cd7da23e0f853fd00807d38,2018-08-05,210.41,1,PR,2,computers_accessories,1
a739bf4717343c5f9c84196b61a9c53f,2017-09-07,1590.25,1,SP,1,computers,1
45ac77bb9af15639d413d76e5d57e3ba,2018-07-08,91.57,1,SP,5,computers_accessories,0
82f82b9841866db1e2221eb82a0a85cc,2017-11-18,328.41,1,RS,10,computers_accessories,1
a979f259e3f69ceb4f856111481db7e7,2018-01-31,189.37,1,RJ,2,computers_accessories,1
1b89139ef993dbbae095e98a557c8599,2018-04-12,200.86,1,SP,1,computers_accessories,1
020550d9cdfb7110d07fd1a1f8937c6e,2017-09-02,42.269999999999996,1,MG,1,computers_accessories,0
3e9bdc72197be8d2881273a27efc207d,2018-07-31,921.2400000000001,6,SP,5,computers_accessories,1
0ab29b3ae0c49bff1cfb0b0137c20da5,2017-05-30,56.69,1,BA,5,computers_accessories,0
6b0c5f80e463c04c7658b97d1d37aa00,2018-05-03,52.959999999999994,1,ES,1,computers_accessories,0
c2444bc9b1b352c434dfa9a4baf7236f,2018-02-06,173.27,1,SP,1,computers_accessories,0
64c3463da17e1c9262d302b03a81fb0b,2018-05-07,22.38,1,SP,1,computers_accessories,0
7fa8a261aff75638a6a7fae15425728a,2017-07-02,47.69,1,GO,1,computers_accessories,0
2ca1528ba222dcef1b182632376e53a0,2018-01-09,690.6800000000001,1,PA,4,computers,1
e256ab04ce7391ab62f4529432f97954,2017-11-14,90.84,2,SP,1,computers_accessories,0
2c52873e8d170a8426be048f8321df84,2017-11-24,396.79999999999995,1,SP,1,electronics,1
60530b8ca3078f2c9039b970e94e7c61,2018-07-30,73.38,1,SP,1,computers_accessories,0
a61e700a88111a17f8158f275c06631d,2018-06-20,139.11,1,PR,2,computers_accessories,0
c05f96437381637362bc32cb1b54d71f,2017-08-03,52.0,1,RJ,1,computers_accessories,0
f28357a486107b748dfedd0fb138ca55,2018-04-03,80.33,1,MA,1,computers_accessories,0
996936689b68af80b51ef3c429a4f386,2017-03-02,36.95,1,GO,1,computers_accessories,0
d0de72392c1a034c264637f605c1311a,2017-12-12,27.77,1,SP,1,computers_accessories,0
5bf501e7ed04b562910ef79503959520,2017-11-26,54.17,1,SP,1,computers_accessories,0
73d7d0526bf2242f422fb6c85751dce4,2018-02-11,90.17,1,SP,1,computers_accessories,0
94c0774e80f38694744a5ae2bcc9e1aa,2018-02-13,223.37,1,SP,1,electronics,1
47206fff1e56391bf30b5acbe7f5f7a2,2018-05-18,21.04,1,SP,1,electronics,0
c53b00321eff208e49b227422eec57d0,2018-05-03,234.39,2,SC,1,computers_accessories,1
46e889af10459a1b39f2be47d8729a02,2018-07-29,62.0,1,SP,1,computers_accessories,0
fa4c62edb1f2755aa57bf4c59a46f8b8,2018-03-04,173.27,1,SP,2,computers_accessories,0
93b4851a0e1121b652d1a222c342dc71,2018-06-25,88.74,1,PE,8,computers_accessories,0
d945b34dccad9963b8affdb070378de2,2018-01-31,171.14000000000001,1,SP,1,computers_accessories,0
dc70ac8fe045f98aac3bc1c2797f6788,2018-04-23,21.939999999999998,1,SP,1,electronics,0
3ddb908d6c179cf271282116f4c5011d,2018-02-03,148.65,1,RJ,1,computers_accessories,0
20ce4fa87bcbac1808a7c504a7273ea7,2018-03-07,42.79,1,SP,1,electronics,0
06cd82bdf375dc9782609dad1a1d1d0b,2018-02-21,211.4,1,MG,3,computers_accessories,1
7bc17046c03d79b7224e16e8e75f9046,2018-06-12,33.22,1,PR,1,electronics,0
196f87a93cff28dd637756dbeeacd754,2017-11-22,103.45,1,SP,1,computers_accessories,0
68c76c01adcebe5c1bd51c0aa817bb76,2018-08-05,143.20000000000002,1,SP,1,electronics,0
db487d71157d986ff993d6afc5de6ea5,2017-10-17,589.0,4,SP,3,computers_accessories,1
87da0bebd85724d8dc20289da550ce1b,2018-03-04,55.01,1,MG,1,electronics,0
077c116b10b1c482b78d24fad9fa14a3,2017-03-21,56.45,1,SP,2,electronics,0
6d335a14529f4ffa4219793d5b5a9772,2018-02-16,45.089999999999996,1,RJ,4,computers_accessories,0
699105d95440b6f63141676223db5d05,2018-01-14,156.32,1,SP,2,computers_accessories,0
8dc71d90daff59b6abf5eba2e80fa928,2018-05-22,146.07,2,MG,2,computers_accessories,0
0dec53222040e240898573d258dbc4b5,2017-05-15,66.69,1,BA,2,computers_accessories,0
fdcb642c8ac047b33f64d32c79a62833,2017-12-16,85.14,1,MG,1,computers_accessories,0
f47e44448c5dabc6709546ebcba1f870,2018-02-01,66.1,1,SP,1,computers_accessories,0
d2c6edf0a1bc848686337236f623d79d,2018-07-19,128.1,1,SP,1,computers_accessories,0
a54407e6b6cce226cc1386982ca8a2b5,2018-03-19,65.47,1,MG,1,computers_accessories,0
49fdf5b0134c7c1445f6bbf018beaf1c,2018-01-06,53.1,1,RJ,1,computers_accessories,0
3be5256ae9320c0c96853f3832dbd122,2018-01-22,31.38,1,SP,1,electronics,0
9ef31a923c43ec898b3e23b270a98c1e,2018-02-28,17.68,1,SP,1,electronics,0
eb6e0e93afa55d94898504b3bf14dfff,2018-04-19,262.1,1,PA,3,computers_accessories,1
f8166a345b188c9033d127c25e44ab74,2018-08-17,205.51,1,SP,1,computers_accessories,1
9d631d0cc9297702e540a111de4e0923,2018-07-26,186.37,1,RN,10,computers_accessories,0
d7210728120a19b1bdaea9b513008881,2018-06-19,21.04,1,SP,1,electronics,0
eb57972c6cfa3067ea9b140a6d16a985,2017-08-04,83.53,1,RS,5,computers_accessories,0
5a902cc5a20f8cd076f116d16d5aef9d,2017-10-03,1653.6,1,SP,8,computers,1
17774450f243f686546b04633a04dbdb,2017-12-16,666.6800000000001,1,SP,4,computers,1
91df17d502dc583ab12bb35678a53721,2018-01-13,35.0,1,SP,1,electronics,0
dff50f88a838d34d966a0cf70f39a706,2018-01-06,78.9,1,RJ,1,computers_accessories,0
381c217ee7fe965c547e4af4c8a70b75,2017-11-06,31.38,1,SP,1,electronics,0
f8328684373f607cc5b73322a9b186bd,2018-02-21,169.49,1,RJ,1,computers_accessories,0
6dd108d9c1d54a07eeb03602befafd7a,2018-03-31,52.06,1,SP,1,computers_accessories,0
e8d859ca02a01790e391ba21fe50b27a,2018-01-11,83.38,2,SP,1,computers_accessories,0
047e0e88828680c6cd9c476d555823e2,2018-05-20,73.4,2,BA,1,computers_accessories,0
ec55c591dee6e33a91fedbe64d75b475,2018-03-22,20.29,1,SP,1,electronics,0
c80a0f4c8860db02b33d08ecf2c6e03c,2017-11-22,83.72,1,SP,1,computers_accessories,0
13b4f8c4b570d25d95bfd3c915ed9c38,2018-01-27,859.02,1,PA,1,computers,1
8287f2f36572998dbbc2c70647bf0b52,2017-06-28,87.75,1,SP,1,computers_accessories,0
a09cf5dc57c606eab71f84bffde01a52,2017-03-16,107.78999999999999,1,SP,1,computers_accessories,0
4a7f6dd027d9a492108f77d26d69e304,2017-11-12,279.7,1,SP,4,computers_accessories,1
0c3e491fe8f99458825a93daa40f4401,2018-02-19,186.27,1,SP,1,computers_accessories,0
9a9958a5b85d3a8dc6b52dd8c79b516b,2018-01-30,106.37,1,RJ,3,computers_accessories,0
6173dae95360eed7428f6b826b9b5a66,2018-02-05,46.0,1,SP,1,computers_accessories,0
163fcb371458c9705276afbd04c365ce,2018-01-30,63.96,2,SP,1,computers_accessories,0
fdf3b97e92962b8843c67a2c85c21f58,2017-07-05,120.09,1,RJ,6,computers_accessories,0
fb3e580f779650bcf586bbdbec2858f0,2018-05-05,120.80000000000001,1,PB,8,computers_accessories,0
9155b836b59fb7b80b0bd659c7c7dec5,2018-01-31,251.71,1,MG,1,computers_accessories,1
d41e624d982dbf17d33bb2bb41abe207,2018-06-14,82.78999999999999,1,SP,1,computers_accessories,0
69df6146503dba833ea2ae56237acd97,2018-02-17,161.85999999999999,1,RJ,2,computers_accessories,0
2c9f6a7c2d93b5c7209ad4d1155fc325,2018-07-01,32.7,1,SP,1,computers_accessories,0
89c880f756709e7f7825b4ae6fe7a2f9,2018-07-27,118.74,2,SC,1,computers_accessories,0
a849dc1b351c9075b4d4b00c45375016,2018-04-19,334.67,1,SP,1,electronics,1
accac73fb87ed8038257218147829125,2018-02-08,106.75,1,DF,5,computers_accessories,0
cdd73574196041c23e5d79e121180830,2018-01-19,28.75,1,GO,1,electronics,0
d6b18764545dfde7b5ee30af60e6fc0c,2017-07-12,87.16,1,PI,1,computers_accessories,0
b08f48a15acd7ea5c565ec963d3d1b73,2017-05-18,109.31,1,SP,9,computers_accessories,0
cdc0adbdd9628dea5d7fb2032fd66c69,2018-08-24,82.09,1,SP,1,electronics,0
c05dde0f88afdb953c533a239f6b29f4,2017-03-25,89.7,1,RJ,1,computers_accessories,0
e2d992dfb23aa5b768db449b84b8200b,2018-04-17,464.95,5,SP,1,computers_accessories,1
40153acbaa4888eff1e5e778798f30c4,2017-09-29,44.0,1,RJ,1,computers_accessories,0
d181dfce5d8355bc51c2370c6910d4bc,2017-07-06,497.62,2,DF,10,computers_accessories,1
24536ae68dcaea969641d76fc4cc5e4a,2018-06-19,2065.77,3,SP,1,computers,1
64dd54dc9a6a5103707698f5943c3ab9,2018-01-22,40.01,1,MG,1,computers_accessories,0
5570ac493a57e5dc00296c8de3813672,2017-06-21,60.72,1,MG,4,computers_accessories,0
f9df206bb22d417017b52ddef1c2795e,2018-04-19,205.92000000000002,2,RN,3,computers_accessories,1
d1b5736f3609456b185e815112a7e096,2018-02-13,87.55000000000001,1,SP,3,computers_accessories,0
dd71d407875ef4dd2c29c8eabd2bc56e,2018-04-22,107.78,1,DF,1,electronics,0
bb2dafe8efdfb614d72a3c5932c1d49f,2017-09-13,37.1,1,RS,3,electronics,0
4ede14dc839603196ec790137877bf71,2018-03-26,189.56,1,SP,2,computers_accessories,1
3ebc89671e73c92c14dfd3e9d6af7bda,2018-06-25,302.1,2,SP,1,computers_accessories,1
a6c198c8e63125ae81a291223605c872,2018-06-23,92.79,1,SP,1,computers_accessories,0
71a76b70b6437fd7d3cae33f67714073,2018-02-15,172.84,1,MG,10,computers_accessories,0
7839ede137c543ee4afd006c5edc2f4c,2018-02-14,21.15,1,SP,1,computers_accessories,0
ce6c67f20356e5d9c8e6fa1d8f7becea,2017-06-11,65.88,1,SP,1,computers_accessories,0
fb620f3600b241ff5c85e8397eadd62d,2017-12-10,31.38,1,SP,1,electronics,0
761d27773b89e0a86484468a0079a7d5,2017-02-12,56.12,1,SP,1,electronics,0
784f4f1c9d31e7701eaecec9c9957670,2018-01-20,155.73,1,SP,1,computers_accessories,0
e0e95960e8abbd803bbd543d2225c328,2018-04-25,205.29000000000002,1,SP,1,computers_accessories,1
09a0d7c2cc6f652acd3537e7a91c7000,2017-05-15,81.61,1,MG,1,computers_accessories,0
d9ce395d10fd1a877b78763718f29b5a,2017-05-12,344.67,1,MG,8,computers_accessories,1
866ac13217bd0a19f860f741453e049c,2018-03-03,189.37,1,SP,2,computers_accessories,1
fba4247532c63f175d51681367210ab6,2018-08-22,44.519999999999996,1,SP,1,computers_accessories,0
dc42fc68820b778654a001cb6eab8c96,2017-08-03,43.0,1,ES,4,computers_accessories,0
a5d02c2843eb25d8d1be6217c7483c14,2018-08-06,374.52,4,SP,5,computers_accessories,1
af989bb9d67386206a89e31d2e402821,2018-04-19,31.689999999999998,1,SP,1,electronics,0
4969cddf1cd3a57ea95fe8c3b89a7018,2017-09-14,162.26999999999998,3,DF,10,computers_accessories,0
f28a6ea562f2a147658c1c5168bc8c20,2018-03-22,90.38,1,SC,1,computers_accessories,0
5218c57533d6d16fbff8d6b95330ad9d,2018-05-17,80.91,1,SP,1,computers_accessories,0
dd213d835910436f5fbf274de5f1a5c4,2018-01-26,54.739999999999995,1,MS,1,computers_accessories,0
a10ad0776eab0418fa809d168e1dbb8c,2018-02-27,167.39000000000001,1,MG,2,computers_accessories,0
1a8d9ee4ef14ca8feb96e914f51b9397,2018-03-01,314.68,2,RS,8,computers_accessories,1
876129e028b320a2332ad52db2762162,2018-04-26,52.39,1,SP,1,computers_accessories,0
f56432d05172df07d256233e2b1f36dc,2017-11-16,155.73,1,RJ,2,computers_accessories,0
444cac26abc4e08633d89fb741c242d8,2018-05-16,64.23,1,PR,6,electronics,0
5685bb72678077930e5c1f790e2995c5,2017-07-07,75.07,1,PR,1,computers_accessories,0
b6480a468bd89b1732a3e73ba16a270c,2018-04-30,175.08,1,SP,2,computers_accessories,0
e21d9f9d7baf59d4861e81e425fc00fe,2018-04-05,212.98000000000002,1,PR,2,computers_accessories,1
357b4b724bbf34f1d64b1c5dfdc88120,2018-01-24,88.0,2,RJ,8,electronics,0
9dc73926d7aef761a7bfcfc395d735db,2017-11-24,198.44,1,ES,2,computers_accessories,1
4e0158c628911a5f52cfbc38242c0d08,2018-02-02,36.69,1,RJ,1,electronics,0
00f9b6769c6648ac08bf43081d1f2b07,2018-05-12,89.61000000000001,1,SP,2,computers_accessories,0
79428b028497103cbec29a129491bc63,2017-12-29,37.0,1,MG,1,electronics,0
4d21276afd29a3f70e49766a9848d19c,2017-02-08,286.09,1,MG,1,computers_accessories,1
aec71ccc28288ed6d9a47be44c78fa3e,2018-02-25,31.38,1,SP,1,electronics,0
9a2aea98195abe63f00cac10a20fa8b7,2018-04-11,31.53,1,MG,1,electronics,0
e776adc60e8c76f0cd807332525d8cd1,2018-05-26,73.83,1,PA,1,computers_accessories,0
b7bc01cb1fcbc469931bb6caebf2dfa0,2018-01-22,106.87,1,MG,1,computers_accessories,0
f5c779fe97ca0728706f50c0de89a2d6,2018-04-27,23.29,1,SP,1,electronics,0
d3311a4548f26aafe1df36169dfff736,2018-05-11,31.43,1,MG,1,electronics,0
4742de2698468a6388200583f9ae46fd,2018-03-07,41.72,1,MG,1,computers_accessories,0
e006227af733ca3bcba32f5577afd6d6,2018-01-04,107.89,1,SP,1,computers_accessories,0
25b5b0ea53b7d5a2d5712a0d9d0b3649,2017-08-31,40.01,1,MG,1,computers_accessories,0
c41ae768eca38cee8484b87c1d36825d,2018-03-01,189.37,1,RJ,1,computers_accessories,1
d642fb15b0654daba438822439c28c01,2018-03-18,103.36,1,RJ,3,computers_accessories,0
bec49fb7d032cc8a815d4135551a98e5,2017-06-21,125.03,1,RJ,5,computers_accessories,0
4d3f7c452f20cb1998ad36be6eb74243,2018-01-27,172.84,1,MG,7,computers_accessories,0
a0a283cb8ba521d35c5a3fc3d9619be5,2018-02-12,81.51,1,SP,2,computers_accessories,0
d708a741a38d9b961daa3d2890df5e52,2018-02-26,47.8,1,PI,1,electronics,0
b100288d2ef3b6e474121c21d2af0678,2018-01-07,31.38,1,SP,2,electronics,0
455c3e2713829a42bd8d371c9c784d17,2018-07-18,42.44,1,MG,1,computers_accessories,0
1916f29d84d0c59dba74b70880457a8c,2018-03-14,69.38,2,SP,1,electronics,0
aa13f22ba1dbf5360989f7480c1e099c,2018-05-24,23.29,1,SP,1,electronics,0
4374c08bd3d2b8f7639e0704d80c0407,2017-02-07,110.3,1,SP,2,tablets_printing_image,0
73da42c497d6ab85df4446d41addabdd,2018-01-03,206.97,1,SC,1,computers_accessories,1
8da7a1c49a88ecf2f5a92925c9333af1,2018-08-02,563.77,1,RO,10,computers_accessories,1
4d006fbdecd41058974d5d99f2d69650,2017-12-20,225.11,1,SP,10,computers_accessories,1
a39f565fb24832fec6f96a476444b02b,2018-04-04,227.05,2,SP,4,electronics,1
edb14cad806f8ea19a08ed06c26726a2,2018-02-07,31.38,1,SP,2,electronics,0
42d34c5b74d78872ef8ce334bf839627,2018-03-26,203.08,1,SP,2,computers_accessories,1
29c56706d0442edbc19623391d958d7f,2018-05-10,139.16,1,SP,1,computers_accessories,0
a8fff3e04abf1de340f6a42662daa292,2018-08-01,46.03,1,ES,1,computers_accessories,0
e4e3903e4a2fedf6bc3b6e40262e05c1,2018-04-02,189.56,1,SP,2,computers_accessories,1
6f2ed4a14ddb4db99255cbb30951ab59,2018-02-20,53.0,1,SP,1,computers_accessories,0
ca47b8674b4881264380ff336ae5c195,2018-04-10,625.51,1,SP,15,computers,1
723a7113ee372c5f0ce268c48dfc2c21,2018-03-04,215.95,2,MT,1,computers_accessories,1
7b0c4136f285a86a8ceed54be6f56641,2018-02-02,225.66,2,SP,1,computers_accessories,1
ffc730a0615d28ec19f9cad02cb41442,2018-07-25,27.39,1,SP,1,computers_accessories,0
2e3400d43bbd1c921a404c654a0e7bf7,2017-07-28,27.689999999999998,1,MG,1,electronics,0
06b5d30491b14242caca6d7090f29771,2018-06-07,31.95,1,RJ,2,electronics,0
39f43f2f3fd37877826085cd7e657b14,2018-03-21,87.10000000000001,1,RJ,1,computers_accessories,0
5d2d954e72e7ec31baa0a784aa82a1d6,2017-07-20,77.08,1,PR,1,computers_accessories,0
618638a7bdca22bf57e7404dacd947e0,2017-03-09,120.32,1,RJ,1,computers_accessories,0
9ac2a680b00d51b787bc374700055ca7,2018-03-27,535.03,1,SP,1,computers_accessories,1
4cfdd4464ee3dbf59c17a69045429af4,2017-08-30,1237.81,1,TO,1,computers,1
35c31bbf66e9a7ff9c29f0e1ff07af3c,2017-07-14,97.09,1,SP,3,electronics,0
da7d7e53c86d326200b7b44b722f2aa1,2018-08-07,154.05,1,SP,1,computers_accessories,0
1b4109ba78bafb5f1d4d5fb9f74b5d44,2018-02-14,75.85,1,RJ,7,electronics,0
2a4e1bbe60decb8ee2aec1063f4607c8,2018-02-21,226.88,2,SE,1,electronics,1
3d03d116b48f6fff976e1f491fec240c,2017-08-17,169.82000000000002,1,RS,1,electronics,0
83f8459006c34fe926f44256bb057bee,2017-11-05,75.16,1,SP,6,computers_accessories,0
999b6fc072d02a9342c9e2d8ec687ab2,2018-02-25,93.1,1,SP,1,computers_accessories,0
5df8cdb8acb96693580f58ac6df8d5a1,2018-04-24,30.189999999999998,1,SP,1,electronics,0
dc188b1cd6c74761acf8a9fad52c1797,2017-07-13,31.6,1,RS,1,computers_accessories,0
8e239d4b3f8da8e910f2ebf1e6aae337,2017-10-07,90.17,1,SP,5,computers_accessories,0
62df2a6e81f275396c8f6b0dbef9b091,2017-12-18,53.09,1,PR,1,computers_accessories,0
8e6c595509a4fd87ead753eb70ea8c9f,2017-05-09,143.74,2,SP,1,electronics,0
c67afe8b6c6b9dbbcfbccb18ae4b5556,2018-07-30,16.38,1,SP,1,computers_accessories,0
f3edeb6abd99f61bd94454f9e7687b67,2017-05-04,283.17999999999995,1,SP,5,electronics,1
0ccd1517dd0bbe6fd30dfb1dc40a0133,2018-02-02,60.05,1,BA,1,electronics,0
062b06f0cb6f133e2b963e4947345e17,2018-04-25,187.16,2,RS,1,electronics,0
5330f2e5c80ccc8f1629a19cdddeda77,2017-08-12,31.38,1,PR,1,electronics,0
110607a6618f270a965f6a8cffadd32a,2018-08-13,630.28,1,SP,9,computers_accessories,1
666a7787fe64880d1ad7dad0e4988ab3,2017-03-06,80.09,1,MG,1,computers_accessories,0
843b7dada8b84daa895c7978c62f9e43,2018-07-27,139.22,1,PR,3,computers_accessories,0
dca81f49fe84d456d7bc4b3326484c9c,2018-02-12,39.99,1,MG,2,computers_accessories,0
7d5a1a738b20a4220f8673e0ee63bafc,2017-02-01,38.64,1,SP,2,computers_accessories,0
0e5c4fff98e1b7885f4ce7e7e13e37f1,2018-01-30,102.72,1,MG,1,computers_accessories,0
124c799bcc4126cdb5cca8c5889533b7,2017-09-03,244.4,1,SP,7,computers_accessories,1
27f01bec8fbffea109aa86d4d3364a15,2018-08-04,73.1,2,MG,1,electronics,0
613b35c2a3e40e64392c5d7e80123988,2018-06-17,30.48,1,RJ,1,electronics,0
8739393fd79da12b068ac63a98eea9e0,2018-01-12,173.27,1,GO,2,computers_accessories,0
8842ab4c2a2553bd8a15b9e210aae195,2018-05-03,44.129999999999995,1,SP,1,computers_accessories,0
71e38b6278297e5765d0a41488828015,2018-03-15,506.29,1,MT,7,computers_accessories,1
ee15d1d23898663a46ad1c4b08a45759,2018-02-04,46.0,1,SP,4,computers_accessories,0
c76851af7999b8aa431fe982f3fd1126,2018-01-04,27.35,1,SC,1,electronics,0
78d367e2bc72aa2ad6aeec43b979b55e,2018-02-13,101.03,1,MG,5,computers_accessories,0
67273b39a82f449a02c95a8b28fb0037,2018-06-28,20.75,1,SP,1,computers_accessories,0
5e5401e61b948d2b976fa1badeb85ce7,2018-05-02,159.03,1,PR,2,computers_accessories,0
6590f1ba60504cc128e446309ae6bfbf,2018-05-20,250.53000000000003,3,RS,3,computers_accessories,1
cb203b92888d8aa67beda73ce18054dd,2017-10-30,93.26,1,BA,1,computers_accessories,0
3c929aa6cf724e32eae163e008bacbb0,2017-10-29,126.57,1,SP,1,computers_accessories,0
b56bcbb57a9be94114e2dfb18399193e,2018-07-16,123.85,1,MG,1,computers_accessories,0
1b52f83851e639f6a5035dfc08c70f0c,2018-05-05,214.63,1,SP,1,electronics,1
cd12238095fc7765f26477b48b9cb3b2,2017-07-15,77.57,1,RS,3,computers_accessories,0
c535d14467a9ffe1f7dc043ae44a7338,2018-04-15,176.82,1,MG,3,electronics,0
b01274d5c860a9d33e0375e113051bd9,2017-12-20,225.11,1,SP,10,computers_accessories,1
c9527d3d4735b810b3d42d45aabae2ad,2017-12-19,21.43,1,SP,1,electronics,0
854b1633927e30873792f06e568ed766,2017-08-02,185.44,1,RJ,9,computers_accessories,0
c2d9d0e0c3a188dd8c70809844767fa5,2018-07-08,51.03,1,PR,2,computers_accessories,0
d1571653dd436c147f6898e8cf2ea516,2018-03-04,33.75,1,SP,1,electronics,0
735a1710773d59e9194b5851b2e2ecc0,2017-06-15,33.85,1,SP,1,computers_accessories,0
504a94f47000f6a46960cfba607df1af,2017-11-26,60.0,1,RS,6,computers_accessories,0
17acaa427382e6481bc67f191687928c,2017-09-05,349.78,1,MG,3,computers_accessories,1
dd691e4f12c592067339680ffc3dd443,2018-01-04,35.0,1,RS,3,electronics,0
d2978c1c5c6b9400dfa6a1c08f735314,2018-02-19,35.69,1,RJ,1,electronics,0
c2b1c0fcdd5d03ed47f2b02494cdbc63,2017-11-30,211.12,1,SP,10,computers_accessories,1
4bee560781d45bb4b18efd58fef1901e,2017-02-09,38.72,1,SP,1,computers_accessories,0
c3dccfbe66b74ceabbf7dccf02e1a56a,2018-02-20,190.01,1,SP,1,computers_accessories,1
ec3cb679fa9b3980e072558009c51b62,2017-12-21,149.73,1,SP,1,computers_accessories,0
62c18915e77e470dc2132df9788ac115,2018-02-08,282.38,1,SP,10,computers_accessories,1
443cb0e10e1568b0aedc7e11ab91dd2f,2017-04-11,120.14,1,BA,1,tablets_printing_image,0
ccc88b02740910fc7acbb81f78827e38,2018-01-15,276.21,1,RJ,1,computers_accessories,1
c7c3e79f06b8145a28173b23f581f84f,2018-07-17,164.63,1,RJ,1,computers_accessories,0
95f4b06290fe4b512aa80e31ca5afabf,2018-02-16,126.33,1,RJ,1,computers_accessories,0
ee56552853eb61a6cf4430643b023bc3,2018-05-18,84.18,1,ES,1,computers_accessories,0
ea7fd400a90286a0db2e0d79a18ae5bf,2018-01-19,123.38,2,SP,1,computers_accessories,0
8782135cf0f7ffe6fb80bf501a37ecd2,2017-03-12,34.42,1,SP,1,computers_accessories,0
aa94d94e210dc2b7a49812d3d82bb516,2017-11-07,84.17999999999999,2,SP,1,computers_accessories,0
0494b383f6155152ea987dde9647004b,2018-01-02,47.519999999999996,1,SP,1,electronics,0
ef31477820679f9801481f607b13f32e,2017-06-01,123.87,1,ES,10,computers_accessories,0
86fcbf423e68c5591504fd1bae22ca11,2018-07-18,148.0,1,SP,2,computers_accessories,0
d99bb25e168c15db3113f5d5db1ee1b4,2018-02-09,87.55000000000001,1,SP,1,computers_accessories,0
7b9969738a7e690d13867eedd1fef01a,2018-01-05,287.65,1,SC,4,computers_accessories,1
35917730026d50562c5945c14f98318a,2018-07-17,142.27,1,RJ,1,computers_accessories,0
b13b1011e873341b427bb3acb82f83ac,2018-02-09,129.09,1,ES,10,computers_accessories,0
93e9f92250762e6181f2bcc1fa9e9de1,2018-04-16,118.48,1,SP,1,computers_accessories,0
27438ef67f15928318b5aabed4908e74,2017-07-16,40.68,1,SP,1,computers_accessories,0
ac17fcdce65beed9ddc7473ff8150528,2018-07-27,184.87,1,SP,1,computers_accessories,0
d84c374cdab9d3f9192cf8d42beef6f7,2017-02-14,41.7,1,PI,1,computers_accessories,0
10f5fe5b5df0a26f8cde1390295fda43,2018-02-27,49.33,1,CE,1,electronics,0
b56383d16b2ecad95ab7737504e59d49,2018-02-03,211.86,2,RJ,1,computers_accessories,1
642171b7f50a33019b19065d892a9d9c,2018-01-16,64.50999999999999,1,MG,6,electronics,0
08cae26133a5501cdf7b13db6bcf39e6,2018-01-30,81.22,1,SP,1,computers_accessories,0
b7558b356867cb5e6de5c76578a29143,2017-10-17,216.15,1,MG,1,computers_accessories,1
237037d23ef38af0bc36cc20fa48da43,2017-10-26,38.72,1,SP,1,electronics,0
c41d48eaf09ea5de1864866821efe3c1,2018-06-06,202.17000000000002,1,PE,3,computers_accessories,1
bd0877736ee7b208ff7f86b6958ca2b2,2018-01-22,161.54,1,SP,2,computers_accessories,0
ce80533c6ef9cf6f226eca01ac2cabb0,2018-06-13,44.41,1,BA,1,computers_accessories,0
aec0f45f4c980472a8293f2213d49a19,2018-07-31,37.58,1,SP,1,computers_accessories,0
36ddc5f19d31a8d744d01bbbd1d11321,2017-04-10,225.14,1,SP,1,computers_accessories,1
971d58b94f7bda9a79f4847e1509a433,2017-02-07,67.67,1,MS,8,electronics,0
91ce7ca124af689166db5eeed6f67a58,2017-11-25,46.800000000000004,1,SP,4,computers_accessories,0
ad263bc9111c1e0cbb780c4b7c1009e6,2017-07-27,59.28,1,PA,1,electronics,0
c6b196c8ebc671076bea1b0a7436d63a,2017-08-08,157.94,1,MG,1,computers_accessories,0
71878492905b9eb6912a662262b53614,2018-01-11,94.91,1,SP,1,computers_accessories,0
4f77cfb31872d2f1c30def178961585e,2018-03-01,28.6,1,RJ,1,electronics,0
9ac3961be44625036ccce3f47ad8aaa9,2018-01-30,173.27,1,SP,1,computers_accessories,0
28b87f6df2b0f0ee88484a1e6f5ee3e1,2018-08-16,129.18,1,RJ,1,computers_accessories,0
41e47610109145bc25aeee4c9fa9f9ac,2018-03-04,44.379999999999995,1,MG,4,computers_accessories,0
6d85f03f010453a6addfef985314107d,2018-02-03,22.1,1,PR,2,electronics,0
fa666f44d0e5c50dad23a1bc4a8c2a50,2017-09-19,388.54,2,SE,1,computers_accessories,1
ab2ba1e5a2f808d58d514a5e7a650b49,2018-08-07,48.209999999999994,1,PR,1,electronics,0
6c30e2815eb0730bf19b705661fc46e6,2017-12-04,144.35,1,MG,10,computers_accessories,0
aa9ad68979542c3f8ed32282cafdc50b,2017-10-11,49.64,1,MG,1,computers_accessories,0
db0f06a2eb744ec1600b4c90f1df5ded,2017-06-05,376.92,2,PB,1,computers_accessories,1
b67c515c4ce95d8b4b79cce37eaf9e23,2018-02-07,194.8,1,PR,1,computers_accessories,1
7955932652dd77da3bc7f63d87502949,2017-12-04,149.08,1,MG,1,electronics,0
a3b927c51437337e77444db1bb825d6e,2018-01-17,156.07,1,MG,1,computers_accessories,0
1c3d1315dc72229743f547e636541c97,2018-01-25,37.0,1,ES,1,electronics,0
585350d8134c384f89524f203b747ee0,2018-03-30,28.29,1,SP,1,electronics,0
daf485798ac9032e3dfa16ee39d2d75c,2017-11-21,167.82,2,MS,1,computers_accessories,0
d87d66c849378ef6a1e7a835e8e291f6,2017-10-02,133.11,1,RJ,3,computers_accessories,0
533332b5a2d62c83b06014f8639e680e,2018-03-05,28.169999999999998,1,PR,1,electronics,0
486fed80178943ecdec90413036af979,2018-06-12,37.89,1,ES,1,electronics,0
8bcb04c1ca645d109ed37389fda5dbb0,2017-09-01,1338.51,1,SP,4,computers,1
a0fbae87b2c4f96a56e39ea7df0c1fd1,2017-04-29,173.82,2,TO,6,computers_accessories,0
80242ba2ebddeb4f86af40cd158ff6fc,2017-12-02,26.84,1,SP,2,electronics,0
b689fb0fc367d4d7525027003d04561e,2017-10-15,190.37,1,RJ,2,computers_accessories,1
de2ae79d51e271f2e078baca93a2fb05,2018-03-06,101.74,1,SP,1,computers_accessories,0
8a004a62306c4b5b0a7618f51158404e,2018-04-07,215.3,1,PE,1,computers_accessories,1
c77109162c3bc4ba159fa1e641f143a8,2018-02-17,32.379999999999995,1,SP,1,electronics,0
9b8d8bda9cab2bc51a14d444adc6af8a,2017-11-24,95.68,2,SP,1,electronics,0
c2a9913d397112443fdd3676baea3e98,2018-06-30,21.04,1,SP,1,electronics,0
1a44130317893c48ad015ed3ce2017e0,2018-04-28,138.74,1,PR,1,computers_accessories,0
0322e0a7d6d283584e3dc181c67b1d12,2018-05-09,88.32000000000001,1,RJ,1,computers_accessories,0
f9bf0f92c8e483d1b6cb31d4559fb135,2017-12-18,124.97,1,MG,1,computers_accessories,0
bb6faadce3a2d545e5c6b2f08403d909,2017-02-14,382.88,2,RJ,3,electronics,1
b99d02003fd457ff94fde6f7627b4514,2017-11-21,54.05,1,TO,1,electronics,0
1fd64d652fae27df0e9aac1f4e605984,2018-07-26,197.35,1,CE,2,computers_accessories,1
b0b2dcb55905f3403fcee05a780bc952,2018-02-27,104.26,1,PR,1,computers_accessories,0
633a7a968ccf6b62a1ee53461794613a,2018-06-19,123.97,1,SP,1,electronics,0
4b489cb1cdc253a5e66adb3cedb8ed9d,2018-05-07,31.880000000000003,1,PR,1,electronics,0
2e3d25ae760b48fda536f1be145cab46,2018-07-31,169.05,1,MG,5,electronics,0
a61a49b3dc449fa46e74d4d57063b080,2017-10-10,105.36999999999999,1,PR,1,computers_accessories,0
9a8ed77611006df4a507b6649200b71a,2018-08-02,93.61999999999999,1,MG,6,computers_accessories,0
123f71cca05589d95c28c582ccb1d864,2017-07-01,145.66,1,SP,3,computers_accessories,0
268836b1aa282605cf690e10defb2b35,2018-02-28,122.9,1,SP,1,computers_accessories,0
dc6cece6890d0a1710dff80a6f1090d9,2017-07-09,116.94,1,SC,1,computers_accessories,0
5a37429384be05ca14780e4989543688,2017-01-18,74.59,1,RJ,1,electronics,0
0eac9f8e158a0eadfce8c9da8547a8ce,2018-05-03,88.27000000000001,1,SP,1,computers_accessories,0
5d169e74fbced395f079ddcc33445dc1,2018-06-22,498.2,4,SP,1,computers_accessories,1
0735a85a187bf67cfe490862c0e72bb0,2018-04-04,107.55,1,SP,3,computers_accessories,0
e22737e996298006a1b66185c8b4399e,2018-04-04,49.04,1,CE,1,electronics,0
a0bb81fda7cf88b07f9a884c1be7ba64,2018-07-31,87.39,1,MG,3,computers_accessories,0
66057d37308e787052a32828cd007e58,2017-04-15,32.39,1,AL,1,electronics,0
943eaec3487658de2dc5291e9c051e51,2017-05-19,65.0,1,RJ,1,computers_accessories,0
c69f0380799b51f882ec31e9761cd497,2018-05-21,30.23,1,RJ,1,electronics,0
a12153dad2df2a9170ad612eb14a99e3,2018-02-11,186.27,1,SP,1,computers_accessories,0
385183082e6bcd8f81769fe274d3654a,2018-04-04,21.04,1,SP,1,electronics,0
a54f14e8c617edc690ea2b56276d6743,2018-06-11,77.69,1,SP,1,computers_accessories,0
b142ce1c884b7b514639d0ce49c1fa39,2018-01-26,94.12,1,RS,1,computers_accessories,0
442693e8e705ad1f9c91f762f0d297bc,2017-08-28,1250.81,1,SP,4,computers,1
6285b6f2819b0adc9d5853af6c6ff4dc,2017-11-30,28.990000000000002,1,MG,1,electronics,0
883c4fe4594557f97aa902af2879e04c,2018-02-19,32.379999999999995,1,SP,1,electronics,0
6746bff3c11cafd29a7f19f7fecd5107,2018-01-25,34.089999999999996,1,RJ,1,computers_accessories,0
0cdc9c620e68547b5d7b5b5d974b675b,2018-06-25,32.7,1,SP,1,computers_accessories,0
576e5a5f6d1ed0b333acc88bee3b8c25,2017-10-22,51.43,1,SP,1,computers_accessories,0
5cbc4966cc894d0b1ad64e7747264335,2018-01-15,73.98,1,DF,2,computers_accessories,0
96b313e094ee31cef7c8a4ffd3b36395,2017-06-09,97.38,2,BA,1,computers_accessories,0
e30b9cda599826e24ad3f5eddf966583,2017-07-24,75.24,2,CE,7,computers_accessories,0
e9bf6a3daf9c2966192eaa98b5afb617,2017-08-28,1137.11,1,SP,5,computers,1
b85cdbd154ac1e60a0e2228705294c54,2018-03-12,19.64,1,SP,1,electronics,0
ffed7e90414c1477a6b92554661d465f,2017-07-31,166.71,1,SP,5,computers_accessories,0
3a72e472f2c5009cbc92510c98084725,2018-01-17,29.68,1,SP,1,electronics,0
317e0cc749ea443d1b14522905d44dbd,2018-06-09,89.75,1,PB,3,computers_accessories,0
72ba48327f234ed87176344f71101b68,2018-02-19,61.28,1,CE,1,electronics,0
47c9d32bd98650fdc85ae2f486f60ed9,2018-08-23,86.28,1,SC,1,computers_accessories,0
2b7f34e9b0b9eba10050d725278d8609,2017-11-27,70.0,2,RS,1,computers_accessories,0
8c1340adfa38dcce671b3e2eaece6cdb,2017-06-27,104.36999999999999,1,SC,1,electronics,0
094df781ddda90e70dd08ad95476b181,2017-07-09,53.05,1,PE,5,computers_accessories,0
e9f590ae043019d94174150d8acbc07d,2017-11-14,47.69,1,ES,1,computers_accessories,0
fdb034f444a32838124d8907e443d249,2018-01-29,31.38,1,PR,3,electronics,0
c8f2cb814f847fff855420ba64c42282,2018-04-18,28.880000000000003,1,RJ,2,electronics,0
1b32d4a12472b702c651faa43a947179,2018-02-18,279.07,3,PR,10,computers_accessories,1
fe933df0fd385b69db30d4d517d67853,2018-01-19,189.37,1,RJ,10,computers_accessories,1
11535aefe39f2fd8ee398d7564d50cb4,2017-06-12,52.379999999999995,1,MG,5,computers_accessories,0
7626f6090f351b8bd1e090dae74e0905,2017-12-09,39.28,1,PA,1,electronics,0
b2642502bf8864ede538c80b67275178,2018-06-30,166.12,2,SP,1,computers_accessories,0
cb92b276a7de36c49df850016137384e,2017-04-10,367.63,1,PA,5,computers_accessories,1
3d435ea4c7b8ac007710c6aa2e6da685,2017-11-29,55.050000000000004,1,MG,1,computers_accessories,0
0930df388b21f34fc3f0e3baa9a73016,2018-06-25,26.09,1,SP,1,electronics,0
1f153a6d92d413d94c540554a49e47fb,2017-12-15,133.22,1,MA,10,computers_accessories,0
cc93c76377b9408581cc455bd50de947,2017-10-15,328.51,1,RJ,1,computers_accessories,1
9286a7cc933d6e2099098e4ae057e5dc,2018-03-27,34.69,1,SP,1,electronics,0
1d8b58e12a51c08f45de4c281a7e4ff8,2018-01-21,37.0,1,ES,1,electronics,0
7f2e1344275e004ec582d8cceebc5896,2017-11-23,115.07000000000001,1,SP,1,computers_accessories,0
ed6fa5e51bb096344440db276aedc37b,2017-11-25,197.82,1,RJ,1,electronics,1
023e55afed85f9778758fba7752a9215,2018-03-23,113.05,1,SP,1,computers_accessories,0
11978d520d85578c9f024b99ac1a87ef,2017-08-07,50.09,1,MG,1,computers_accessories,0
9b78531e68513dbdcebdb2458f3929e1,2017-08-15,37.58,1,SC,1,computers_accessories,0
5942376062bf8180e22499a0bd422a00,2018-06-09,47.129999999999995,1,SP,1,computers_accessories,0
5f2b7b637c603f8ec42317797ac4ad0c,2018-02-26,101.93,1,MG,1,computers_accessories,0
80fcac926630a1f8dac09acd966434ed,2018-04-19,43.22,1,MG,1,electronics,0
b4c80521e552d11e209d1388067ce814,2017-11-09,1384.74,1,AM,8,computers,1
21f86ae7d05052149e1c1ea80bf0115e,2018-03-12,83.84,1,PR,1,computers_accessories,0
58af5cb7dd3b38d0e83d7768dade1e0a,2017-05-27,66.1,1,RS,1,computers_accessories,0
895760450a7b9a0a42ec7a8f5b19730f,2018-03-12,92.44999999999999,1,SP,1,computers_accessories,0
4faf80dc9fb66032ad2dfb5a78c2c56b,2018-04-02,203.69,1,DF,1,electronics,1
ab7c89dc1bf4a1ead9d6ec1ec8968a84,2018-06-08,120.11999999999999,1,SP,5,computers_accessories,0
fba547ee0dbc8830f00e8d3cc83bf246,2018-08-25,39.15,1,PR,1,computers_accessories,0
7087ff1aae165d854e41219173c9b930,2018-02-15,40.68,1,SP,4,electronics,0
9c6481009a4a4323ca90650c811ed87f,2018-06-10,29.83,1,MG,1,electronics,0
696b70b07c6fd1bed3a148051e31c42d,2018-08-18,30.060000000000002,1,MG,1,computers_accessories,0
1770c4ca61c42f3ee7a4ed66d626bd67,2018-07-19,113.43,1,PR,1,computers_accessories,0
32cd70fe690fdbaa00076c05359c339c,2018-04-07,36.5,1,RN,1,electronics,0
ed77ae1d4803934a1131cadffb78b41b,2017-10-05,672.72,4,SP,1,computers_accessories,1
89875b3e82ac7361593b7c13d1ea5a02,2018-08-07,24.39,1,SP,1,electronics,0
2ecd94a0ab2a50927b7c0020efb4b063,2018-02-11,159.94,1,SP,1,computers_accessories,0
060e3be7253bd20351674ea9eec80ff6,2017-12-26,75.17,1,PE,1,computers_accessories,0
bbf7ad105edc929937625364891dc8c6,2017-06-13,89.88000000000001,1,RS,3,computers_accessories,0
293d993836f3944cd72c3e42d7736460,2018-03-06,25.39,1,SP,1,electronics,0
10fd0add9c8dd2fc964bbd79ce10343b,2018-06-18,20.75,1,SP,1,computers_accessories,0
57c81c283a192e74b48c36108ad73101,2018-07-15,45.97,1,MG,1,electronics,0
4294d6c2b09c5f2438c01b11c91ff7a8,2018-06-10,184.77,2,RJ,1,computers_accessories,0
73c39370b3a653a0b62ddcf5266b64ae,2018-04-23,98.38,1,SP,9,computers_accessories,0
c1d75bdfe29637c6398ecda7c9171037,2017-12-12,27.0,1,MG,1,electronics,0
9868f5a30b6f4fcd1ada68cdb1e5bf5d,2018-05-17,82.57,1,SP,1,computers_accessories,0
df30936d84a3371e34e3180c4fa953e3,2017-12-07,56.0,2,MG,1,electronics,0
774c56b5c1305e0dc2a79ad46e118ba4,2018-07-09,64.6,1,SP,1,computers_accessories,0
e6ba7ef3fa398a176291132b06cd519e,2017-01-27,2023.0,1,RS,10,computers_accessories,1
d643b90035abc9dd9c5dccfa857bb12c,2017-07-13,155.64000000000001,1,SC,1,computers_accessories,0
a5d11ae16578088b0fcd76de30368bdb,2018-03-15,2590.6099999999997,1,MG,6,electronics,1
75f6ded14ff770cff5dab61532421db4,2018-04-03,33.230000000000004,1,ES,1,electronics,0
a0f9594b2c2253769e88d55a77a469c6,2017-03-23,58.95,1,ES,4,computers_accessories,0
ae28255c7b837ba319c9cbf1dfeeea0d,2018-08-14,77.25,1,SP,1,computers_accessories,0
1d8aaa7ab5a5877605cca6876f13e9b3,2018-03-29,135.74,2,AL,1,computers_accessories,0
ecc7442000366925655497d9dc353f50,2018-01-17,64.09,1,DF,1,computers_accessories,0
2c3cc72ee484cfd2c93077c0dcb18c06,2017-06-12,1020.78,6,BA,1,computers_accessories,1
7d7db898e5eaa10aac6c7fb616d9d7dc,2018-03-01,45.31,1,PR,1,computers_accessories,0
c40c104dd1bde11aba73864c16a42f21,2017-08-29,1232.85,1,RJ,18,computers,1
b2987cdfb6847c50318e4c268aa8d7c8,2017-03-16,420.38,1,SC,1,computers_accessories,1
89f6cc8eda8f3816bc27f9ec621ae6e7,2018-01-10,28.75,1,GO,1,electronics,0
24542fef4b2b37dac9fb137a1a71fc39,2017-10-31,44.69,1,PR,2,computers_accessories,0
9d0cec155db79a9147a0d80e5c7927c0,2017-12-26,347.36,2,RJ,5,computers_accessories,1
6343462cb505ebb02b15e079bcc720b8,2018-03-24,36.22,1,PR,1,electronics,0
9fce7686189bb24e89065a148fa26927,2017-11-18,155.73,1,MG,1,computers_accessories,0
3d47a5fa407e06b318a0ddbfe165dcd5,2017-06-12,34.089999999999996,1,RJ,1,computers_accessories,0
d2e26ed6c0129169db27fba17e2c9c75,2018-01-10,109.97,1,SP,1,computers_accessories,0
6651400020b5bc201756cad655783aa1,2018-02-05,65.09,1,MG,1,computers_accessories,0
1bb460f1a118ffc0218e3c7e61a59029,2018-06-29,72.44,2,RJ,1,electronics,0
b337ccac04e3f93847d718df9505597e,2018-04-10,32.379999999999995,1,SP,1,computers_accessories,0
dc61ac41c305778ea271d378bc4c4b85,2017-11-24,28.990000000000002,1,MG,1,electronics,0
b6162f47d6adbaf673e92b13e9358d89,2018-08-26,137.16,1,SP,1,computers_accessories,0
c19b500110bd90179ac1676ebc7c3ed0,2017-03-06,42.46,1,MG,3,computers_accessories,0
1657d073874b59831bbf61d290efb44a,2018-08-19,23.28,1,SP,1,computers_accessories,0
9eff8d5a7b05aeaa583c225de3b134de,2018-01-16,66.15,1,MA,1,computers_accessories,0
f7780ea2807db31691e83f0013294035,2018-07-30,67.67,1,SP,1,electronics,0
a844f41afb956df11c5b6940656a3682,2018-01-02,654.41,1,RJ,3,computers,1
f833b6f8e6abdffba74178aceab06280,2017-10-24,190.37,1,SP,1,computers_accessories,1
093dea0d5b7854e484d59d15b2243006,2017-12-11,44.1,1,PR,4,electronics,0
41481f110ca58f4d3ee2e077d0313ff3,2017-12-29,57.09,1,RJ,1,computers_accessories,0
e714cb78e6724b4f5c52e1119ec0ac9b,2017-07-31,189.64999999999998,1,SP,9,electronics,1
ef02392a4753ae9d3777f16b5feca9c7,2017-09-11,312.31,1,MS,1,computers_accessories,1
754effa06b71f54d7f439034c128b509,2018-07-15,737.62,1,PE,4,computers,1
852586974b34f22595f8bcc918b48040,2017-10-11,88.84,1,MG,1,computers_accessories,0
deef06897cb3c1fabed5858c4f9a6c70,2018-08-23,226.06,2,RS,1,computers_accessories,1
12321543ad6f89cc74cde9ae42d12e3e,2017-09-10,64.11,1,PR,1,computers_accessories,0
454cb0db642a26f9c2035ae1bd550e72,2017-12-17,36.69,1,MG,1,electronics,0
12dc316f04369335263005a3f304d101,2018-08-01,57.269999999999996,1,SP,1,computers_accessories,0
5d463aef87df62b39882ac78bf94c3fb,2018-08-06,189.19,1,PR,2,computers_accessories,0
9eda772d641a7fceb1332e9906ce23a3,2018-08-13,33.71,1,SP,1,computers_accessories,0
517ec0477360f210f8d3cfbfd5644a22,2018-06-16,174.13,1,SC,2,computers_accessories,0
0ccb5b7bf95c5b642f3717b08c633361,2018-07-07,40.75,1,ES,1,computers_accessories,0
c40321b07f73ac73c19d95460778265d,2018-08-08,152.62,1,PB,1,computers_accessories,0
7e110c45faa244ec4ddcf4f1c995b389,2018-05-25,127.69,1,SP,1,electronics,0
5ffef190f82ef1609e36ce56abdde5e9,2017-09-28,97.38,2,BA,1,computers_accessories,0
362be14fdd33f5215e81c98b683c1602,2018-04-08,92.83,1,SP,1,computers_accessories,0
6ca5c63fb52f32ccf5309fddb636c3a8,2017-10-31,44.82,1,BA,1,computers_accessories,0
de06e436fbb3dd6e10bafb5f24ed5530,2017-09-07,36.01,1,RJ,1,computers_accessories,0
9f59e3048b31d71c3aeec67a15467426,2018-02-07,185.18,2,SP,2,computers_accessories,0
788fd52fc975c7697d2de726a27d4146,2018-06-25,174.1,1,ES,2,computers_accessories,0
6be65d2a1acba9c3882fe845f097c354,2017-07-16,163.39,1,SP,4,electronics,0
d521c782a20b0f531a2c0f8b124b59a1,2017-11-28,42.77,1,SP,1,computers_accessories,0
2d8b7efa1e3e13012f43533582104eae,2018-05-03,68.35,1,MG,3,computers_accessories,0
05104976125ea1e5cc04bc1f506a436a,2018-08-14,217.22,1,RJ,3,electronics,1
da274e08fb80aeff81a543aae3cf9784,2017-04-25,45.68,1,SC,1,computers_accessories,0
3af81bc8825a617ec4180b4f4a52e510,2018-03-03,80.51,1,SP,1,computers_accessories,0
d8a3a8c458243721ca285392ac882c78,2017-05-14,425.24,1,AP,10,electronics,1
e50118751e7505e22fb6491d648be823,2018-02-22,192.91000000000003,5,MG,2,computers_accessories,1
c5ed30fdf86f49873cb59b43a39d667f,2017-07-19,108.10000000000001,1,SP,3,computers_accessories,0
122ebb4ea3cb1281899533fc66f7d179,2018-01-20,414.08,2,RJ,1,computers_accessories,1
773632f583feeda7d9b063496b6526a2,2018-07-02,85.58,1,MT,1,computers_accessories,0
dda0b2b9a46f5c43da98422227eaaccf,2018-07-31,782.19,1,RJ,1,computers,1
bdb80b7777496dacc3cc07faea6aa04d,2018-01-28,90.17,1,RS,1,computers_accessories,0
eb460891256759f5187cb3edc7a73c25,2017-03-28,68.57,1,PA,6,computers_accessories,0
a6f396e6584d25c2b097d0dcd625f10f,2018-05-30,176.09,1,SP,1,computers_accessories,0
7d07691d1f5e176e6f813a87eb0dc00c,2018-02-24,168.06,2,SP,2,computers_accessories,0
5e7a884a951fb8fa7f6596c513bd8fa3,2018-08-12,210.14000000000001,1,SC,1,electronics,1
488e18847dc4c18696d2e992f89a7b8a,2017-07-01,29.689999999999998,1,RJ,1,electronics,0
9004b30a5d18b572f851753f41d795c8,2018-07-15,145.79,1,RJ,2,computers_accessories,0
fb1eff538c7c7033fdb5a6a0a3edd456,2018-02-22,152.28,1,MG,4,computers_accessories,0
4582ccfc1e48008cde73b10eb9a6e9e2,2018-08-13,222.93,1,BA,4,electronics,1
d273547a145e247d7413e1fbc5279bbf,2018-01-29,253.32,1,SC,3,computers_accessories,1
2dde1ee3144f40fc9a80df16bb989f4a,2018-08-11,51.19,1,MG,1,electronics,0
dfbf71de5b6a2870e87371cdadeb828a,2018-05-30,44.03,1,PA,1,electronics,0
7e28e4a5d04102555a032a3d0fa1a4dc,2017-11-20,310.81,1,SP,2,electronics,1
7064a07883ee3b4bb82d7252c3519546,2017-12-25,19.330000000000002,1,SP,1,electronics,0
3d4cd303bd9e47adb955bbf18db26623,2017-03-25,102.59,1,RJ,10,computers_accessories,0
92d4f9af8eda394387d3eb1ad200780f,2018-07-23,151.05,1,SP,1,computers_accessories,0
3efad2f02cb8a968f7b34073a21949c0,2018-03-15,206.08,1,RJ,6,computers_accessories,1
81134c0da031fc1208ab4376cb3f384a,2018-07-27,29.41,1,SP,1,electronics,0
034198ae241b34a9bc0d85282408937e,2018-01-31,101.75,1,SP,1,computers_accessories,0
4b09fc170c84e10e4caeff4d880db358,2017-07-30,51.1,1,MG,1,computers_accessories,0
7c7746634ce6a69ef54045fc818fd366,2017-12-20,152.48,1,SP,2,computers_accessories,0
7403ac23ba120fd8567475b2f38bedcc,2018-03-22,40.76,2,SP,1,computers_accessories,0
6aafd5d9efe6cb46eb37992ba0b5489c,2018-04-17,189.0,1,MG,1,computers_accessories,0
01988bf5b8acbc4d6ced86e4d47fcb1a,2018-01-02,163.24,1,RS,2,computers_accessories,0
d929b9d4328102a95137287cab157512,2018-03-29,51.69,1,SP,1,computers_accessories,0
a4679a28c7ef85f6277954e4139a3fad,2018-02-03,112.03,1,SP,1,computers_accessories,0
c57d7d22a7690624506951c783f2a588,2017-08-08,63.2,2,PR,1,computers_accessories,0
48fed69e8c28ac23a9d7f5631ff45397,2018-05-22,89.88000000000001,1,SP,1,computers_accessories,0
01218a8a807fc187849529e6f12237a9,2017-10-22,30.1,1,PR,1,computers_accessories,0
2fe235100bc886d03c83fa6c07c7b84e,2017-06-08,67.53,1,PR,1,computers_accessories,0
d9eecffc625e888de8f4faaa0d98d3b4,2018-03-28,234.39,2,SC,2,computers_accessories,1
90a8a33a0da9f54b68d65e99feb825bc,2017-07-31,50.53,1,PE,1,computers_accessories,0
fa099a53d48227d20d9eb52f139a6d8c,2017-09-12,194.3,1,RJ,1,computers_accessories,1
d5d69378d9ce32d540e8474e6423b5b5,2018-02-16,159.76,1,SP,2,computers_accessories,0
6fa44c0aa6e74a2ded90c2657778e81d,2017-12-08,23.1,1,ES,1,electronics,0
1ae8a88bf94d02224f932e18297baa64,2018-02-19,637.0899999999999,5,AM,1,computers_accessories,1
ba4ff7bab012df64eed239c402ba6a0d,2018-01-11,86.15,1,PR,3,electronics,0
0360de67db844d693e3060a8b79eac4b,2017-07-31,65.0,1,RJ,3,computers_accessories,0
742ba39f629d08705cf64769ff41dd3e,2017-12-28,626.76,1,BA,4,computers,1
d85a98bb9881eb52e0efa5e9ddece3eb,2017-05-22,61.79,1,BA,3,computers_accessories,0
42e69ecd0778c6ef53d99623cb1f3b9c,2017-04-13,33.42,1,SC,1,computers_accessories,0
69a9472cf248340a42a3801c33f5a0d9,2017-05-31,112.11999999999999,1,PA,5,computers_accessories,0
f1fbfebcfeaeedc9470bfb15f569dbea,2017-06-07,30.75,1,SP,1,computers_accessories,0
981c757205df6c89af28906c96860c18,2018-01-02,33.0,1,RJ,1,electronics,0
580e9410cdbeb1ec66a48d3d0454dd17,2017-11-24,49.53,1,RS,1,computers_accessories,0
5a198bcc83422adfdadc4b093e2a25b8,2018-07-06,58.19,1,RJ,1,computers_accessories,0
c097e1a4e7912ab6cb8d54df8de9b73e,2018-05-14,40.94,1,PA,1,electronics,0
6cbe4707ae0b201a8d5a8b16dea28800,2018-05-15,19.39,1,SP,1,electronics,0
b084efba670d1b2c17c0e253d969738a,2017-08-16,60.620000000000005,1,PE,1,computers_accessories,0
ae62cc90c2871f048d8b89ad4db23ae1,2018-03-01,194.12,1,SC,2,computers_accessories,1
df7c3cca620b20622f4252bd497dcbd4,2018-01-27,36.69,1,RJ,1,electronics,0
dbfa3d8c05cc5d84083fc259a9feb5bc,2018-01-04,164.17000000000002,1,MS,1,electronics,0
fd33ba57c9de6097c36bb005351c1168,2018-02-27,111.82,1,SP,1,computers_accessories,0
dd70a35befb65bab7a91010576b94951,2018-03-09,128.55,1,PR,10,electronics,0
536dc10adea685bee0cb83614fe3353f,2018-06-30,162.35,1,BA,10,computers_accessories,0
2f2df159f26ddb73d55ee72372200d3e,2017-07-17,166.81,1,MG,8,electronics,0
6eaca18daa94d3a9aacdaf0e5827cd2c,2017-11-23,466.53999999999996,2,PE,1,computers_accessories,1
bfb1d0f7664c36a532d74c4cf0da37af,2017-08-31,1240.85,1,RJ,8,computers,1
78441b03179176f2ef199bdbb9287f51,2017-03-05,38.68,1,BA,3,computers_accessories,0
70e746af5b44223b32c2e1110cf12001,2018-01-18,83.22,1,MG,1,computers_accessories,0
659ce33e2ba9b51a83056aaaf3fc92a1,2018-01-10,785.18,2,SP,2,computers_accessories,1
8bbfd0be5d89a92d4bf214baac246fea,2018-03-27,87.06,1,SP,1,computers_accessories,0
129c72226e320a7bf5b89efce442afd5,2018-02-12,87.55000000000001,1,SP,2,computers_accessories,0
29e48983e21e97c5b3542161bab87fd9,2018-08-20,93.18,2,RJ,1,computers_accessories,0
216c6c60eaa02facee10abb4ca3a9c6f,2017-11-25,127.14,1,SP,1,computers_accessories,0
8508c8962494e9606eb5eacaa61c22e2,2018-01-15,32.379999999999995,1,PR,1,electronics,0
3a44d06429bf2c4072a00c216aee4d04,2018-06-26,19.69,1,SP,1,electronics,0
a5c76d8fc7f555073aee3696c4ac51a9,2018-04-28,93.58000000000001,1,SP,1,computers_accessories,0
aece6f055cbd6a3a296eef1b36047244,2017-12-28,36.69,1,MG,1,electronics,0
8173609cc6bf4ac5c1e577223ae83522,2017-04-03,39.96,1,SP,1,electronics,0
13c315a2014c348759014f460015094a,2018-07-31,195.61,1,PE,8,computers_accessories,1
528bf700039fc9dd2e7261dd7b7ed92a,2018-01-19,172.84,1,MG,10,computers_accessories,0
762264d81c3f54fa5e5a4e02b84eb85c,2017-10-21,229.63,1,RJ,3,computers_accessories,1
16d2d0f24adb9d8c7cc566bbdc85b91e,2018-07-20,40.269999999999996,1,MG,1,computers_accessories,0
ea9215d79709bb4917f0d0976eb91d17,2018-05-22,95.34,1,DF,1,computers_accessories,0
58edf3f5f282ab91e0f6a6f2b85af02a,2018-05-07,856.1600000000001,4,SC,1,computers_accessories,1
a483ffe0ce133740ab12ebcba8a3ccf9,2018-01-10,1230.0,10,SP,1,computers_accessories,1
d81e1aea4814c6e5744458bcd1f94693,2017-11-24,106.2,2,MG,4,computers_accessories,0
a2a701c6f01ddffde8a1bde136ed7d4a,2017-11-26,71.36,1,PA,1,computers_accessories,0
11c177c8e97725db2631073c19f07b62,2018-01-08,441.16,2,RJ,4,computers_accessories,1
